loan_id,no_of_dependents,education,self_employed,income_annum,loan_amount,loan_term,cibil_score,residential_assets_value,commercial_assets_value,luxury_assets_value,bank_asset_value,loan_status
1,0,Not Graduate,Yes,5341415,22713035,20,476,1473504,13946154,34518681,655012,Rejected
2,4,Not Graduate,No,1688277,592581,15,853,9407523,18996524,22295451,2270703,Approved
3,3,Not Graduate,No,2107880,11567926,12,618,27506784,1877002,32633182,14554807,Approved
4,2,Not Graduate,No,1354787,12614083,12,506,21142314,2582818,34734632,6644793,Rejected
5,2,Graduate,Yes,7297577,38358065,5,415,2279868,16858386,37791457,13130706,Rejected
6,5,Graduate,Yes,6429693,38487812,17,726,10735525,2105030,37418889,13312052,Approved
7,0,Not Graduate,Yes,9629696,33442536,15,466,25340884,14427447,7596572,14558671,Rejected
8,4,Graduate,No,1292647,13702609,18,692,4949534,15466432,1359357,10665306,Approved
9,1,Not Graduate,No,2245804,20970551,15,339,22031834,6074660,25548719,10044116,Rejected
10,0,Not Graduate,No,4665864,20068751,11,681,9337115,5658328,26620054,9022569,Approved
11,3,Not Graduate,Yes,6561151,34018813,7,686,13880760,10115801,22300111,10044755,Approved
12,5,Graduate,Yes,1474776,29540683,20,615,25516020,9826821,9297240,3779492,Approved
13,4,Not Graduate,No,2275977,35837742,15,694,19571146,16686534,37192847,11983306,Approved
14,4,Graduate,Yes,4330825,21902340,18,897,8246623,11491970,16000785,2751997,Approved
15,4,Graduate,No,376467,36332595,13,803,256372,18781637,29066923,7048986,Approved
16,4,Graduate,Yes,4073691,29448787,11,564,6837351,4654526,24427647,5500920,Rejected
17,3,Not Graduate,No,7633831,29262128,2,823,12157154,5452901,35107240,11193565,Approved
18,0,Not Graduate,No,5361068,26236126,3,873,3882524,4676648,27921072,3750086,Approved
19,5,Not Graduate,No,4453246,13458057,15,396,25670456,12620828,24876923,3035982,Rejected
20,2,Not Graduate,Yes,4981579,24155671,6,515,1605675,650004,32935484,11884595,Rejected
21,3,Graduate,No,9478512,14278097,3,746,15733378,16688790,2126831,7156809,Approved
22,2,Graduate,No,5300286,25766237,16,609,28421747,14973400,27651167,10594340,Approved
23,1,Not Graduate,No,5436002,10287812,13,380,9747443,19170436,22980046,12919610,Rejected
24,5,Graduate,Yes,9321997,31627243,4,583,15620205,1371938,30474040,12277412,Rejected
25,4,Graduate,No,1743332,22697582,11,524,2137564,14505151,8787421,5879071,Rejected
26,3,Not Graduate,Yes,1140449,28139503,10,744,21232653,9770266,23483591,2514909,Approved
27,2,Not Graduate,Yes,4607789,8994208,2,609,28444747,14268699,11136922,14112258,Approved
28,4,Graduate,No,3322119,31337577,13,384,22493527,16949115,4588716,4556549,Rejected
29,3,Not Graduate,No,2188339,31762108,9,329,4348544,11313628,22552427,11307373,Rejected
30,2,Graduate,Yes,1371136,6007427,18,472,10252424,61267,840068,11297706,Rejected
31,2,Graduate,Yes,8804687,14020638,4,394,21055562,16776274,3650952,6506986,Rejected
32,1,Graduate,No,6220057,26864810,18,826,23248161,8482363,20767495,2404161,Approved
33,0,Not Graduate,No,6970851,34542942,2,462,11738356,8899732,35223119,6940403,Rejected
34,3,Graduate,Yes,1357228,29191259,16,681,27979191,11333455,28049209,2140394,Approved
35,5,Graduate,No,3544140,18790497,16,376,5923143,17685185,604582,5176441,Rejected
36,0,Not Graduate,No,6284147,12058684,9,565,21585269,10213911,4267531,5630965,Approved
37,5,Not Graduate,No,5372639,35970760,7,861,14447032,4028652,16898675,7618755,Approved
38,4,Not Graduate,Yes,7009846,34583432,4,686,20711433,14215790,16828401,2740622,Approved
39,1,Not Graduate,No,6760906,35455497,8,473,17344182,12280523,1564503,12434046,Rejected
40,3,Not Graduate,No,4250700,12244695,14,749,12578003,1271128,10042153,1159869,Approved
41,0,Not Graduate,No,7872006,17407826,15,601,23727534,10333762,4974783,14488934,Rejected
42,4,Not Graduate,No,2744326,9858219,5,441,24482415,15237084,22230047,4597785,Rejected
43,4,Not Graduate,Yes,985442,37718055,2,898,23782585,17151496,25806401,7196138,Approved
44,2,Graduate,Yes,9151088,34290196,12,863,2585167,5493508,15307707,12871312,Approved
45,0,Graduate,Yes,420684,7092073,13,640,12310576,10137129,22403766,9617197,Rejected
46,5,Not Graduate,Yes,2979956,9983177,20,319,21815796,15990050,7897526,831034,Rejected
47,2,Graduate,Yes,1321636,21940365,16,547,25222989,11324940,33382899,8880166,Rejected
48,5,Not Graduate,Yes,2471935,16587696,12,608,10534012,8138065,172194,8321745,Rejected
49,4,Graduate,No,4070964,18328228,13,858,21550640,3574323,19771595,13709811,Approved
50,4,Not Graduate,No,1470170,14722575,14,740,16469840,832620,12603783,8276157,Approved
51,4,Graduate,No,4773725,26718267,10,433,6419504,13387682,17673991,14584184,Rejected
52,1,Not Graduate,No,9287779,35504024,14,606,25985245,18699946,20233556,7803356,Rejected
53,2,Graduate,Yes,1537324,36255100,5,407,12943172,11655903,25323473,2827255,Rejected
54,2,Graduate,Yes,9280516,18145241,17,584,17606069,15142656,36424996,7430978,Approved
55,2,Graduate,Yes,4229301,32753344,18,621,8393117,13137114,21998737,13485646,Approved
56,0,Not Graduate,Yes,6006080,27516910,10,606,744422,6747631,8917059,253376,Approved
57,3,Graduate,Yes,4527903,8018807,10,556,13177364,10142702,20545810,5864099,Approved
58,0,Not Graduate,No,3303010,31426325,11,562,9520936,5238530,20080398,697532,Rejected
59,4,Graduate,No,1269081,14036354,17,778,27034613,4330230,33895312,12375984,Approved
60,4,Graduate,No,6014730,24913820,5,604,21830613,11425896,22206664,7514743,Rejected
61,5,Not Graduate,Yes,9183268,28548916,8,325,18682547,12532564,34027756,10527194,Rejected
62,4,Graduate,No,5303724,37292825,13,745,23473697,19153515,25449724,14234146,Approved
63,2,Graduate,No,6071630,37474069,15,671,25067324,4582252,22415826,12234338,Approved
64,5,Not Graduate,Yes,6508689,31758295,7,718,20987667,5629236,12879800,5997243,Approved
65,2,Not Graduate,Yes,4007648,20134651,4,727,24016106,3222812,10036333,13742648,Approved
66,1,Not Graduate,No,1381877,15988100,11,404,20756916,18396459,3899687,6943203,Rejected
67,5,Graduate,Yes,5167690,17596124,14,884,25063605,15160709,21491449,14385373,Approved
68,2,Not Graduate,No,8715492,37571825,16,895,3019152,6409510,36117164,14436327,Approved
69,0,Graduate,Yes,3279135,8337298,2,387,10013321,18797353,495621,3258043,Rejected
70,2,Not Graduate,Yes,8740390,20863333,2,431,25834840,13659496,37348012,11452967,Rejected
71,4,Not Graduate,No,8572444,26938689,9,447,13798158,9241650,33687669,10259043,Rejected
72,1,Graduate,Yes,2599082,1185031,12,880,434998,7405646,17178660,11320614,Approved
73,2,Graduate,Yes,5835147,25187851,2,860,24677774,11042721,12293961,2466072,Approved
74,0,Graduate,Yes,7526043,10492520,5,459,19078115,1650013,22758538,7419611,Rejected
75,4,Graduate,Yes,5049979,11301304,9,679,26492598,3338021,33535654,2226516,Approved
76,2,Graduate,No,7053818,24671800,7,446,471988,18162073,1137834,13199316,Rejected
77,1,Not Graduate,Yes,9126677,648501,15,322,4273087,4008824,17614480,12837879,Rejected
78,1,Graduate,Yes,6347244,6447144,2,438,14855007,3180203,1850853,8543291,Rejected
79,3,Graduate,No,8412201,18134811,18,346,5282592,16682388,25244885,1908966,Rejected
80,4,Not Graduate,No,8049468,23195467,5,809,15152463,18327014,3005362,9653450,Approved
81,5,Graduate,Yes,8165459,4577471,10,772,10092741,15869142,12412089,6457485,Approved
82,2,Not Graduate,No,8553087,14474642,20,410,6115952,2004152,28958855,11577066,Rejected
83,0,Not Graduate,Yes,2410970,12355859,14,641,22415666,16275104,29476864,1460195,Approved
84,4,Not Graduate,No,379879,21247911,20,423,1131749,5178780,8907592,5976797,Rejected
85,3,Graduate,No,1700606,12083388,2,639,25461951,213687,20108629,5315317,Rejected
86,4,Graduate,No,2646774,373494,15,838,4475112,17865915,7230331,14013073,Approved
87,0,Not Graduate,Yes,6962946,21079015,3,828,16884988,5192329,23193324,4384318,Approved
88,1,Not Graduate,Yes,5197455,33558117,13,800,28853211,12775692,326745,14523706,Approved
89,4,Graduate,No,4792694,23221893,8,444,3296103,1431662,31900020,13553599,Rejected
90,4,Not Graduate,No,288972,14487479,16,414,26971779,3675978,897583,8630926,Rejected
91,2,Not Graduate,Yes,6900385,19209066,4,396,8839073,17087067,23855488,2567801,Rejected
92,4,Graduate,Yes,3769612,5794210,19,376,21563802,11486610,15891043,3264214,Rejected
93,5,Not Graduate,Yes,7654147,9575939,11,668,24939369,19373559,8760950,252612,Approved
94,2,Graduate,No,1305062,17466302,11,695,6742615,3499589,21233774,11391059,Approved
95,5,Not Graduate,Yes,3094072,23519581,12,830,10113849,17280305,5555994,10664643,Approved
96,1,Not Graduate,No,736046,19358150,2,354,25051516,16964176,22699119,4735437,Rejected
97,1,Not Graduate,No,2989574,38045186,7,459,2991690,17929098,25274618,10749844,Rejected
98,4,Graduate,No,9248894,25286186,15,737,3158966,966674,17950118,8483421,Approved
99,3,Graduate,Yes,5010149,1201297,20,709,8790192,2027835,14176536,12003197,Approved
100,0,Not Graduate,No,4507656,20862848,20,556,17551127,10277687,18014801,1274541,Rejected
101,4,Not Graduate,No,2880783,23146000,12,391,23475154,2244679,37500031,2923538,Rejected
102,1,Not Graduate,Yes,2795729,2006124,6,591,16370735,1231376,29523173,11868643,Rejected
103,4,Graduate,No,6739494,15392725,11,403,14360254,15741154,228261,5433942,Rejected
104,0,Graduate,No,9854733,34463283,10,621,25344547,13483441,11351149,14098578,Approved
105,4,Not Graduate,No,7517959,14290231,9,841,4992767,16374014,975124,12947366,Approved
106,4,Graduate,No,7422531,18195150,8,417,26240091,18154466,9318538,1385056,Rejected
107,4,Not Graduate,Yes,4825982,8969490,18,370,9097602,2766085,30515966,5933019,Rejected
108,3,Graduate,No,1166659,3317920,9,743,8030693,16122689,33489508,10754506,Approved
109,2,Graduate,No,7293238,12773546,2,314,27749215,849223,17915109,2004974,Rejected
110,4,Graduate,Yes,8125508,30594867,15,891,18795980,7211519,27019141,12654331,Approved
111,1,Not Graduate,No,5202288,38840125,14,765,12569962,5772222,14526652,1443323,Approved
112,4,Not Graduate,Yes,1096793,26178053,9,542,9607091,4595955,18693164,1609741,Rejected
113,3,Graduate,No,7186143,32870772,13,517,12850538,13939909,32502521,7988651,Rejected
114,2,Graduate,No,9226432,25757961,19,532,23036458,2347933,10795869,3627908,Approved
115,3,Not Graduate,Yes,2404689,26121909,19,538,4454325,15696460,12478884,9395579,Rejected
116,3,Graduate,Yes,1762522,17035029,17,804,5074321,16948305,5354007,5760507,Approved
117,0,Not Graduate,Yes,7440662,2699411,13,780,8862530,12914193,8558565,3980161,Approved
118,0,Graduate,No,3451918,16391485,2,422,14032259,1573517,1466910,12300376,Rejected
119,1,Graduate,Yes,7208216,34203037,11,408,23707366,11574551,31976047,2344383,Rejected
120,0,Graduate,No,7091114,21324475,17,624,6133034,12199286,33412722,7253439,Approved
121,2,Not Graduate,Yes,2812736,30169206,18,690,22878390,7236861,16522775,2476732,Approved
122,4,Graduate,No,614155,2283301,16,737,26413248,7124988,23260711,2013360,Approved
123,3,Not Graduate,No,5648516,8188980,20,488,12673015,9101836,9752405,3016174,Rejected
124,2,Graduate,Yes,4196137,12019144,11,589,27972903,19318099,1796516,3768654,Approved
125,5,Graduate,No,8582055,14386227,4,362,26005280,70744,20215820,6056880,Rejected
126,3,Not Graduate,No,3708195,39025452,11,573,23198477,9871172,6216625,6870454,Rejected
127,0,Not Graduate,Yes,2645322,18407323,8,713,11065534,6148474,33252268,2039825,Approved
128,4,Graduate,Yes,8629754,26257946,17,482,8748288,10646544,10958919,577184,Rejected
129,3,Graduate,No,7412602,25562549,16,491,25151990,76842,28914971,1391482,Rejected
130,3,Graduate,Yes,6259954,16722219,10,577,12848583,17807042,10312406,9275656,Rejected
131,3,Not Graduate,Yes,9548874,38180032,9,820,918557,8865791,4956401,14316998,Approved
132,3,Graduate,No,7873380,9016633,5,663,20870417,18810955,21496926,372231,Approved
133,0,Graduate,No,8689171,1653622,2,852,10104401,2991948,7186650,510857,Approved
134,3,Graduate,Yes,8030224,29512207,7,337,27228508,11322547,15658190,11478808,Rejected
135,4,Not Graduate,Yes,4134897,25929102,6,810,24882492,13188531,11498186,10656941,Approved
136,1,Graduate,Yes,811083,10503380,7,326,3036332,15445932,34582890,10787608,Rejected
137,3,Not Graduate,No,6150636,34324141,20,493,26228108,174887,19719193,2543528,Rejected
138,0,Graduate,Yes,7695952,6664908,14,556,27636231,12314474,28200899,12721967,Rejected
139,2,Graduate,No,9919348,10137893,12,442,22011939,2867664,23082720,9166898,Rejected
140,2,Graduate,No,6879774,6356984,5,894,8012939,1035552,35700716,2318377,Approved
141,5,Graduate,No,5770687,7600770,17,836,19493095,1111917,17229581,1699692,Approved
142,1,Graduate,No,5842007,28887121,14,643,25259275,14866600,33822490,8858002,Approved
143,1,Not Graduate,No,1327270,27876622,11,572,23731192,13924231,35211402,11451725,Rejected
144,2,Graduate,Yes,272263,25498162,10,757,12543790,17368453,36117670,11481105,Approved
145,5,Not Graduate,Yes,645221,34041866,12,725,20589943,13585097,27274289,8636700,Approved
146,5,Graduate,Yes,9067781,3036399,17,588,11228133,11559247,38416448,7581507,Approved
147,0,Graduate,No,7945082,24620716,15,797,7397829,2264024,29207203,10222598,Approved
148,1,Graduate,No,2749717,4809678,11,415,19579674,14843029,12218500,1922823,Rejected
149,4,Graduate,Yes,4351558,37762020,14,466,13567493,4463336,6154440,5363968,Rejected
150,0,Not Graduate,Yes,4939429,25146797,19,310,6541815,2068755,8219479,1454206,Rejected
151,5,Graduate,No,2618766,30089160,8,371,19226515,14203286,22491521,12331311,Rejected
152,1,Not Graduate,No,4342234,22687751,19,419,9362875,11407850,6473972,8906691,Rejected
153,5,Not Graduate,Yes,3607186,15339803,13,675,17105060,2904412,9315246,11425267,Approved
154,1,Not Graduate,No,7008899,27191163,5,814,10516783,10655223,24621067,7314831,Approved
155,2,Graduate,No,7622254,33061455,20,654,25756340,13404139,13043506,13669160,Approved
156,3,Graduate,No,1164630,7279125,15,567,24752569,9678421,26693894,13664534,Approved
157,0,Not Graduate,Yes,4759424,34476440,9,462,13788879,13928757,39094803,9060686,Rejected
158,3,Graduate,No,9914118,28782246,6,360,20674394,9787654,3443229,12257459,Rejected
159,3,Graduate,No,8711295,3665082,19,651,5179432,6854870,25133655,9695686,Approved
160,4,Not Graduate,No,7978881,36994982,17,384,29023615,4334430,32186006,10639113,Rejected
161,5,Not Graduate,Yes,7402271,7365154,2,775,6244337,5008727,5498302,3633526,Approved
162,3,Not Graduate,No,242383,23861172,14,545,25228330,15696891,30696208,14441232,Rejected
163,2,Graduate,No,9745339,5380103,4,510,24620245,7236964,19888187,2709922,Rejected
164,2,Not Graduate,Yes,7404846,7988296,7,316,5185018,13893777,24636178,10210777,Rejected
165,2,Graduate,No,8907337,25505383,12,445,253779,6968414,2020654,8920261,Rejected
166,4,Not Graduate,Yes,9107176,26938119,6,308,21447923,10193840,17076009,1357732,Rejected
167,1,Not Graduate,No,2694562,27229155,11,735,25291693,11776184,14384186,11387164,Approved
168,1,Not Graduate,No,335408,13748802,10,594,20846162,9267864,6023365,1140175,Rejected
169,2,Not Graduate,No,6658781,32452466,13,772,1617613,14430657,29902800,7490856,Approved
170,0,Graduate,Yes,4697975,2232079,17,639,18782768,17928370,19819217,11993277,Approved
171,0,Graduate,Yes,401321,33788094,4,873,11397261,16718001,34418941,1840328,Approved
172,0,Graduate,No,2853928,12151677,17,771,26644956,17875626,6239436,5302342,Approved
173,4,Graduate,Yes,9912846,24629210,6,388,23285128,581850,28646666,7472262,Rejected
174,4,Not Graduate,No,3761027,35798936,2,370,23248581,14730613,23715168,13586971,Rejected
175,4,Graduate,No,2757860,10315070,10,834,11861607,14095100,25520840,5614930,Approved
176,2,Not Graduate,No,6614608,16416661,7,461,9371556,8000585,12150617,1738237,Rejected
177,4,Graduate,No,6714992,32770413,5,759,23930332,6095208,27079571,1931931,Approved
178,0,Graduate,Yes,3454632,34194882,10,677,3350989,1031272,9694405,2922169,Approved
179,5,Graduate,No,8521706,9520620,18,721,2918696,16269655,29880767,12739601,Approved
180,3,Not Graduate,Yes,5887017,20239446,13,460,1808642,16299727,17289214,11365562,Rejected
181,5,Not Graduate,No,1772553,13366584,15,488,14885878,1468909,18798185,6141476,Rejected
182,0,Not Graduate,No,3384815,20565537,4,633,2195884,11293517,22763941,12457874,Rejected
183,2,Graduate,No,8509218,504479,3,313,16949993,10692785,3303567,13500515,Rejected
184,4,Graduate,Yes,1075419,36541289,8,487,4869790,3344718,14404591,12747786,Rejected
185,2,Not Graduate,No,320007,25274480,16,605,25924276,10644267,7969954,66751,Rejected
186,2,Not Graduate,No,6633710,18397355,18,422,12581757,15747891,37773253,1457347,Rejected
187,0,Graduate,No,4531376,4526302,3,471,2724382,6334322,16531423,10664480,Rejected
188,2,Not Graduate,No,2677758,3093765,11,891,20185605,14079433,231187,5612493,Approved
189,1,Graduate,No,4825969,19066938,9,474,9853279,18823947,1020272,2335530,Rejected
190,1,Graduate,No,1999126,25744242,16,842,7619146,8822679,35784151,9501879,Approved
191,4,Not Graduate,No,3866089,10504420,5,857,19187029,2074309,6145527,5225362,Approved
192,3,Graduate,No,2492255,29480211,11,705,27809043,5768894,26814,13506295,Approved
193,3,Graduate,No,5946571,15681412,18,391,28515965,2646106,8316834,8479089,Rejected
194,2,Not Graduate,Yes,6801601,733953,10,423,12673187,6843214,8495107,3513520,Rejected
195,5,Not Graduate,Yes,9165455,21353432,16,861,24684782,12498636,3131582,13738397,Approved
196,0,Graduate,Yes,863929,7397937,13,300,6092021,3931367,39056968,8825040,Rejected
197,2,Graduate,No,3404493,866993,13,602,24633006,9977404,2317853,4355585,Approved
198,0,Not Graduate,No,2791534,5400425,6,658,27412876,19362542,28541338,2109733,Approved
199,2,Not Graduate,Yes,5876747,11455676,20,803,15050011,5130662,32807192,8158661,Approved
200,5,Not Graduate,Yes,5424671,20482551,6,837,15219928,17069701,25264336,10984997,Approved
201,2,Not Graduate,No,8799133,39092788,19,470,16421104,5902872,5188341,12287805,Rejected
202,5,Graduate,Yes,9206379,8857085,20,602,2124421,11913372,28462840,1874609,Approved
203,2,Not Graduate,Yes,7775355,2550045,11,680,24984680,3046252,12924761,6352085,Approved
204,4,Graduate,Yes,2149350,7797423,18,880,21464437,5201071,16005210,14699742,Approved
205,2,Graduate,No,599186,12820225,15,634,25306104,16834624,9853851,9714746,Approved
206,1,Not Graduate,Yes,9011766,8345681,16,373,3356129,11441023,30741021,1356323,Rejected
207,4,Graduate,Yes,9439350,12899722,3,855,23346189,11048666,22730595,13481006,Approved
208,5,Not Graduate,No,2653773,38287047,4,607,10556569,9908134,6070826,10074456,Approved
209,1,Graduate,Yes,657139,15171928,3,407,23820424,4749790,15972286,6764046,Rejected
210,4,Not Graduate,Yes,6869878,25180896,2,414,28921902,18025847,31120581,11422470,Rejected
211,1,Not Graduate,No,5969833,27143412,17,422,25597228,7632362,36754399,9531523,Rejected
212,4,Graduate,No,8910575,5401524,5,733,26642914,222265,36829445,3792449,Approved
213,4,Graduate,Yes,5838466,10011557,2,870,3311054,17589690,5288419,11707818,Approved
214,2,Not Graduate,Yes,7651358,16596076,19,565,9564236,903171,33621324,3745981,Rejected
215,4,Graduate,Yes,7906625,18342558,7,358,8515805,17204718,22197290,3364996,Rejected
216,1,Graduate,No,295959,816615,17,833,14949547,5160428,28994709,8763361,Approved
217,0,Graduate,No,1654742,25578652,20,681,28404903,1340669,15121533,274375,Approved
218,0,Not Graduate,Yes,7844109,12087154,11,643,19957476,4275801,25533990,9267976,Rejected
219,2,Graduate,No,1957830,12935025,19,336,15852986,12689542,10122037,8093482,Rejected
220,5,Not Graduate,No,2220076,23937841,20,883,23425163,10588300,20426812,10591731,Approved
221,0,Graduate,Yes,7570648,37491886,4,346,5135098,2967640,8851122,2341683,Rejected
222,2,Graduate,Yes,2204171,34206558,4,666,19221750,5823448,15492752,8530321,Approved
223,4,Graduate,No,1665146,38703168,9,658,14638918,4091137,15992631,6491963,Approved
224,1,Not Graduate,No,332168,16509306,12,608,5914745,12673270,33933620,2564661,Rejected
225,4,Graduate,No,4800562,4991203,16,631,18792319,16765627,24627967,6643133,Approved
226,1,Graduate,Yes,6440742,8766422,5,539,24457852,4948888,25380376,13584909,Rejected
227,4,Not Graduate,Yes,7370152,13777739,5,644,24101259,17366692,11123584,12116908,Approved
228,3,Graduate,Yes,9074657,12069440,7,518,24535579,7916976,17048092,2449190,Rejected
229,3,Graduate,Yes,6582171,8452505,7,584,23634342,1604223,18534524,12446981,Approved
230,1,Graduate,Yes,7613125,6214366,19,707,13645915,6254993,30763835,8309006,Approved
231,2,Graduate,Yes,2263921,7622152,9,746,1432927,16954112,7272911,693467,Approved
232,5,Not Graduate,No,3536289,26104495,18,392,28090807,15684856,2120867,13524041,Rejected
233,0,Not Graduate,No,3178810,19546410,3,896,13197577,14132774,19800071,7731062,Approved
234,4,Not Graduate,No,837347,1772388,3,358,18414090,7735796,31874274,13420652,Rejected
235,2,Not Graduate,No,9695955,22402023,17,465,598559,15048781,28757099,1446254,Rejected
236,4,Graduate,Yes,2564396,33320234,6,508,25860546,13779456,31779525,2468225,Rejected
237,3,Graduate,No,4596972,16985560,3,494,25845343,15361217,15422555,13257894,Rejected
238,2,Graduate,Yes,3698062,12788911,13,511,27010636,10820776,8958352,3507459,Rejected
239,1,Not Graduate,No,635683,10984151,4,494,5060666,9840325,25868845,8075503,Rejected
240,3,Graduate,No,9052801,15173182,3,562,24530625,18755339,1476726,8847203,Rejected
241,0,Not Graduate,Yes,2351932,11221965,9,758,18183853,18370008,35103547,13939903,Approved
242,3,Graduate,No,1184123,36529190,12,797,4251661,10401665,27977351,4956315,Approved
243,0,Not Graduate,No,3555864,39191424,12,509,16604994,3886976,19752657,11080293,Rejected
244,3,Graduate,Yes,1608929,13756863,13,455,13865502,7934041,7834967,10743983,Rejected
245,3,Not Graduate,Yes,9994997,36508153,2,706,18202906,9796323,9813088,10303357,Approved
246,0,Not Graduate,No,2052171,33760873,7,335,2434637,13136232,39044054,7679343,Rejected
247,4,Not Graduate,Yes,3166377,3275234,8,567,16395423,6179920,570260,1045208,Approved
248,2,Graduate,No,2857683,19540811,7,432,19714526,880864,359951,3911523,Rejected
249,4,Graduate,Yes,458679,26036786,12,665,20823630,15955166,13620445,8246034,Approved
250,0,Not Graduate,No,326379,16847540,6,347,22382898,18410788,9007845,6042257,Rejected
251,1,Graduate,Yes,5226631,18209602,14,798,18219800,1604393,26528112,2713154,Approved
252,2,Not Graduate,Yes,2480673,19671313,19,462,20410081,6178793,1648845,10159332,Rejected
253,1,Not Graduate,No,1019332,27301513,14,608,2627737,8413362,30792410,6779583,Rejected
254,1,Not Graduate,Yes,3055504,11815519,9,643,23218489,14752158,30680104,11541577,Rejected
255,3,Not Graduate,No,2885862,23700860,10,585,10672947,15005466,8996225,8059934,Rejected
256,0,Not Graduate,Yes,4355960,9844849,13,569,15935183,6660402,22684863,5432546,Rejected
257,4,Graduate,Yes,9925356,35158694,15,460,15905868,6059413,26330019,1599861,Rejected
258,0,Graduate,No,3207525,3619189,7,764,28403177,7860427,33258633,1543285,Approved
259,1,Graduate,Yes,7105458,2925941,2,610,9463245,4665239,37734444,7455064,Approved
260,3,Graduate,Yes,7731146,1778992,15,429,11183415,8468503,4545951,5193172,Rejected
261,4,Not Graduate,No,696533,14004238,14,457,22125628,5093453,23916502,10557692,Rejected
262,1,Graduate,No,5112927,24064883,3,563,18458626,1168645,30292954,9267919,Approved
263,1,Graduate,No,4597130,38931370,13,806,9250823,13843648,9084737,4179327,Approved
264,5,Not Graduate,No,5175411,18122123,3,877,10019665,15270674,8562204,11169532,Approved
265,5,Not Graduate,No,1882047,7445585,14,533,24114709,5563583,3631858,8317426,Rejected
266,3,Graduate,No,4757665,14735186,16,537,24323575,7776066,38640975,12930990,Rejected
267,2,Not Graduate,No,1404857,5291470,2,377,4269951,7812060,33957432,14010733,Rejected
268,2,Graduate,Yes,9469105,18801900,15,627,11636727,429457,4742543,14140545,Approved
269,3,Not Graduate,No,5953241,28875703,4,444,22389323,10585960,9608439,1865406,Rejected
270,3,Not Graduate,Yes,538215,1692888,7,792,3451581,8893345,17962281,7781653,Approved
271,1,Not Graduate,No,5155428,30775459,15,621,5338844,18250745,35025914,423371,Approved
272,0,Not Graduate,Yes,9278078,9259652,8,433,4612558,7212170,32365605,12939049,Rejected
273,0,Not Graduate,No,7480093,26653123,20,850,15365244,15410342,34428873,10328279,Approved
274,5,Not Graduate,No,2874905,32267425,20,790,13122779,7577790,32468953,3852546,Approved
275,2,Not Graduate,No,8944601,30726877,20,480,9327259,3594464,24610121,8926924,Rejected
276,2,Graduate,No,2018124,26559342,3,372,3957339,6764019,11407022,8226880,Rejected
277,2,Not Graduate,Yes,2617482,27493886,5,458,18546432,17131834,23676636,7986561,Rejected
278,4,Not Graduate,Yes,1718989,7654740,5,526,23492350,4972503,19370974,7928958,Rejected
279,0,Not Graduate,Yes,9245322,5622210,13,544,6190745,16388488,37272397,14467174,Rejected
280,0,Not Graduate,No,7225723,15245126,10,794,19393970,12910194,17579869,11299803,Approved
281,1,Not Graduate,No,5276319,24142298,16,881,23146423,14457355,29635791,5916740,Approved
282,2,Graduate,Yes,6745560,24532097,7,749,16211466,14598581,6802004,11364905,Approved
283,4,Graduate,Yes,2736582,30753566,5,807,16691290,10027975,26784645,2072687,Approved
284,2,Graduate,Yes,892447,12393050,14,375,4854014,11675983,17789358,4194541,Rejected
285,2,Not Graduate,No,8488702,34228251,13,389,27856648,1354410,17081037,1724942,Rejected
286,5,Not Graduate,Yes,9649283,17906598,15,845,27834215,13561638,29586043,13022163,Approved
287,0,Graduate,No,548193,9952421,7,668,20712516,13803201,18972739,350506,Approved
288,3,Graduate,No,706513,29128362,12,441,26269711,2011747,2309529,13104946,Rejected
289,3,Not Graduate,Yes,5683192,5295285,19,775,17675210,10055838,15245707,12234378,Approved
290,2,Not Graduate,Yes,621649,16188254,13,405,19241607,9873574,37759368,13939150,Rejected
291,4,Not Graduate,No,7271891,30918746,19,761,24128517,6009633,37095783,11258733,Approved
292,1,Graduate,Yes,9464475,30527390,10,830,1109717,1282993,24082604,6727371,Approved
293,5,Graduate,No,2943781,10356695,2,593,6392762,192797,25014273,11930170,Approved
294,1,Graduate,No,3084620,6828846,16,694,5919060,4045891,10303836,14514990,Approved
295,3,Graduate,No,8662221,1551635,10,739,18412805,4482350,30590252,13119742,Approved
296,3,Not Graduate,No,3690614,3803544,2,829,7053580,4111292,23497223,11538196,Approved
297,5,Graduate,No,2554788,32648372,4,650,11360752,11750389,1458229,11271140,Approved
298,2,Not Graduate,Yes,1025919,31017280,7,476,14368738,8170360,37217670,9601854,Rejected
299,1,Not Graduate,Yes,8430768,20134852,5,421,21644317,2178747,33415111,13109386,Rejected
300,0,Graduate,Yes,9273889,22648294,15,513,15056900,1628115,3198494,6354192,Rejected
301,2,Graduate,No,969740,13104019,13,333,712059,12715122,16371421,7361622,Rejected
302,4,Not Graduate,No,8068894,7828227,8,719,19982726,18130232,29106935,12383738,Approved
303,0,Graduate,Yes,1767290,748020,3,522,12446422,15901638,28896686,3858003,Approved
304,5,Graduate,Yes,1560866,26637840,3,727,3299663,14700251,6559568,11232822,Approved
305,3,Not Graduate,No,3933649,1684835,19,337,18964525,6172659,1568992,1622567,Rejected
306,0,Not Graduate,Yes,4479560,4417009,8,493,7863385,13657391,38597629,8607706,Rejected
307,1,Not Graduate,No,8569744,31370832,4,537,13404604,1590519,35039828,512365,Rejected
308,3,Graduate,No,7057548,23146990,15,352,28154083,3324506,28944422,14658044,Rejected
309,1,Graduate,Yes,1616936,19496471,18,798,6924973,2710156,25865947,12377420,Approved
310,0,Graduate,Yes,5923918,8861136,4,659,25760784,3563534,26910251,3667082,Approved
311,3,Graduate,Yes,8779295,6169104,19,807,13512563,6943433,17934030,2207990,Approved
312,4,Graduate,No,6688609,18586790,15,781,27137312,846696,26827675,9433785,Approved
313,0,Not Graduate,Yes,2451369,14353420,6,320,24727565,15780624,11899477,13253774,Rejected
314,1,Graduate,Yes,1462570,21237349,16,820,24218647,13871664,3280594,4720569,Approved
315,1,Not Graduate,No,4634582,6779961,9,341,6019015,12305007,12192146,14134290,Rejected
316,3,Not Graduate,Yes,4827502,9372656,14,823,23014569,3404151,11519801,6730295,Approved
317,4,Not Graduate,No,3656797,4724956,4,702,10684709,16837020,11893206,6493472,Approved
318,4,Graduate,Yes,1270782,16939609,6,792,26485463,123944,18460872,4982513,Approved
319,5,Graduate,Yes,1357637,11131266,16,600,28818763,19291885,5136213,3979039,Rejected
320,4,Not Graduate,Yes,5384059,9059661,17,396,17803045,14099729,15983968,4917961,Rejected
321,1,Graduate,Yes,9454236,21840735,2,389,26562979,3929784,18181333,2542417,Rejected
322,0,Not Graduate,Yes,6059775,19798583,6,371,15519766,3817481,7373477,5539343,Rejected
323,3,Graduate,No,4494147,8532259,13,784,988478,13479535,17776665,4259739,Approved
324,5,Graduate,Yes,9326584,27702073,19,620,25432922,15678198,26433900,833189,Approved
325,5,Not Graduate,No,6965247,13771906,14,430,15432660,9050423,16147917,5330271,Rejected
326,1,Not Graduate,No,7235579,13681523,15,375,1281273,1165711,97790,585957,Rejected
327,1,Graduate,No,5837623,19034891,9,346,1903519,9573474,27561294,2660401,Rejected
328,0,Not Graduate,No,7676284,5750650,3,455,21046423,9301009,22678547,10656357,Rejected
329,0,Graduate,Yes,5116816,16765166,16,750,26885633,6316279,16456742,369912,Approved
330,3,Not Graduate,Yes,6296247,23129953,17,836,20293853,17517990,895548,4570355,Approved
331,3,Not Graduate,No,6242461,5342209,10,665,12848956,6644736,3488945,10057542,Approved
332,2,Not Graduate,No,7575974,22443904,11,898,8933432,4725274,3112558,311854,Approved
333,1,Not Graduate,Yes,9003755,1823532,6,537,12176516,13119869,33400737,10838915,Rejected
334,4,Graduate,No,3083806,23956677,10,499,9393894,11994787,12105502,1197772,Rejected
335,2,Not Graduate,No,7053261,1689982,6,716,7942729,12043576,16663953,811492,Approved
336,4,Graduate,No,510233,7163324,9,380,3735455,9778586,27284429,2878983,Rejected
337,5,Graduate,Yes,5418305,14027017,4,847,16552632,6178969,25687197,12647158,Approved
338,1,Graduate,Yes,9007366,24393307,13,768,6355021,4997536,2524302,708720,Approved
339,1,Graduate,Yes,6522823,28477042,6,320,4219462,2300469,36451937,1451289,Rejected
340,5,Not Graduate,Yes,2823439,18681973,15,412,8026877,3601991,10392237,13908363,Rejected
341,3,Graduate,Yes,6142664,5445207,11,677,23249590,11217880,30082672,8968043,Approved
342,1,Graduate,Yes,3705906,15489308,19,743,16673114,7878676,32618420,8354904,Approved
343,3,Graduate,Yes,4444588,31149621,6,431,14294221,14344289,21120915,594174,Rejected
344,3,Not Graduate,Yes,2435354,3840440,7,748,17224929,15603273,6355242,5792158,Approved
345,5,Not Graduate,Yes,6322687,28354433,6,584,16484070,10837262,21364872,8473110,Rejected
346,1,Not Graduate,Yes,2143716,15422349,13,705,14483024,2030205,9586566,7830869,Approved
347,5,Graduate,Yes,4546984,454584,4,554,24467418,70823,33301616,7663450,Rejected
348,5,Graduate,No,9404646,27527818,15,573,21253334,4432176,29576405,1658455,Rejected
349,1,Not Graduate,No,7624621,1348516,17,534,5387829,5476920,32286385,14536775,Rejected
350,0,Not Graduate,No,4260685,14790317,14,394,23779251,1428861,32470693,10317130,Rejected
351,3,Not Graduate,No,9695343,7945302,4,414,5097827,15104439,7003187,3551100,Rejected
352,0,Not Graduate,Yes,336691,23192335,11,400,2272120,7121459,1188411,14252980,Rejected
353,1,Not Graduate,No,9606681,2499939,12,782,12245328,14405435,24558842,4431934,Approved
354,2,Not Graduate,Yes,3650895,3869136,9,554,11430756,4050966,24065275,1920659,Rejected
355,5,Graduate,No,8243211,21128650,10,528,22876331,201958,33936053,13127455,Rejected
356,5,Graduate,Yes,9485690,39262350,16,814,20231643,2657219,25003034,2243221,Approved
357,0,Graduate,Yes,6097237,1853388,17,833,1703675,9123746,31489651,894692,Approved
358,5,Graduate,Yes,6182832,18361294,7,440,14514044,9306025,13669044,9241351,Rejected
359,0,Graduate,Yes,7543454,31763717,8,513,23139452,8483972,4888867,3881169,Rejected
360,4,Not Graduate,No,2549532,11697550,5,547,21335730,18613633,1488241,2233369,Rejected
361,5,Graduate,No,1944873,19624113,9,804,14572016,12654258,17079158,1504656,Approved
362,5,Graduate,Yes,3567964,33176416,12,703,17918551,14199547,75721,1852975,Approved
363,1,Graduate,Yes,4894381,28835811,15,627,16347316,2424612,20314737,14126423,Rejected
364,5,Graduate,No,7480184,11793913,7,441,6731515,9032130,15709855,9856112,Rejected
365,0,Graduate,No,2721586,29727540,6,531,16423630,12055455,10106134,12389589,Rejected
366,3,Graduate,No,5734881,26790047,2,317,19645995,11344772,23172189,9094264,Rejected
367,2,Not Graduate,No,234250,20165146,3,723,1634471,18370209,26636375,7987148,Approved
368,1,Not Graduate,No,503061,17592378,2,852,20232174,9228943,1556094,3200734,Approved
369,0,Graduate,No,9674029,36574225,5,772,7268330,7211940,18668078,14219393,Approved
370,4,Not Graduate,No,8532863,34571787,15,485,226189,18320933,36835451,12100730,Rejected
371,2,Not Graduate,Yes,8665716,39117439,16,590,21979155,6544714,11662341,7766198,Approved
372,3,Not Graduate,No,3421429,26775020,20,875,11345911,11061919,30617915,1547187,Approved
373,2,Graduate,Yes,5234246,14381216,12,555,11997002,548506,13205089,11174152,Rejected
374,2,Not Graduate,Yes,6812097,4596937,10,804,18167901,3212068,10649180,4888851,Approved
375,5,Graduate,No,2690692,5233874,19,647,16311044,1113464,33581399,3074655,Approved
376,0,Graduate,Yes,7495586,37586805,4,599,18059605,8106033,13972360,10861354,Approved
377,4,Graduate,No,6991157,14538936,13,651,27495676,18072505,33955032,12305872,Approved
378,4,Not Graduate,No,4191245,4629339,17,434,18948636,1382853,25661803,9024347,Rejected
379,2,Graduate,Yes,4461051,9055472,11,555,1346508,18924735,31845125,1087326,Rejected
380,1,Graduate,Yes,3212062,1118559,6,482,6471165,16858006,31939563,8821043,Rejected
381,0,Graduate,No,8072826,21115422,13,755,13085698,109448,35823657,13507324,Approved
382,5,Graduate,No,9871643,23465361,20,668,13749220,299355,21748395,10088229,Approved
383,5,Not Graduate,No,9995278,15132794,6,540,10513077,17473185,37330415,3902461,Rejected
384,1,Graduate,Yes,7759690,29469591,12,794,5365441,11354485,2340830,9503002,Approved
385,0,Graduate,No,3621009,19133617,2,572,3097678,3374824,19279654,3660234,Rejected
386,0,Graduate,Yes,7854596,37929609,6,872,4218058,18504315,15544960,12851779,Approved
387,0,Graduate,Yes,2595150,30216953,16,663,27668115,10890359,3790781,12433197,Approved
388,4,Graduate,Yes,8986417,3251915,11,832,11511121,12323179,34234130,8360880,Approved
389,5,Not Graduate,Yes,2820348,11041622,5,893,27978474,13155933,31362783,1988303,Approved
390,0,Graduate,No,4148102,29865683,8,496,9745829,3911383,29348354,5898881,Rejected
391,4,Graduate,No,1114793,21369009,4,456,9064305,6965738,24830531,1775920,Rejected
392,1,Not Graduate,Yes,997301,29826181,16,802,14246127,2496334,23596445,11261513,Approved
393,2,Not Graduate,No,4061653,13438321,19,439,27549453,10262368,14916273,10005632,Rejected
394,3,Graduate,Yes,5591976,1795114,4,752,16388316,19153910,26788189,3810823,Approved
395,4,Graduate,No,370765,31070466,6,406,1023551,12174318,38240899,12587012,Rejected
396,5,Graduate,Yes,8492463,31073155,18,822,7901227,13424690,9848989,11166002,Approved
397,0,Not Graduate,Yes,1321076,25369836,18,714,28544073,3762170,13276459,13764830,Approved
398,1,Graduate,No,9984326,16151172,16,613,4497388,10513887,4283386,4115764,Approved
399,1,Graduate,No,2862618,633385,15,569,24325621,19288578,35579251,2568222,Approved
400,1,Not Graduate,No,3914166,28831863,18,682,27022912,1709367,20779083,7061597,Approved
401,5,Graduate,No,1766655,26174013,9,533,6237009,3955307,23229310,3897639,Rejected
402,4,Graduate,Yes,8279365,26472254,19,539,16265014,13965638,10445926,10866141,Rejected
403,1,Not Graduate,Yes,7375159,6970350,18,422,17446822,200566,1436365,6254495,Rejected
404,5,Graduate,No,969804,28963785,6,394,23099848,4007896,31550558,9226590,Rejected
405,2,Not Graduate,No,1234927,28699373,3,835,23230511,18319121,33725136,2525070,Approved
406,3,Not Graduate,Yes,6169407,33913300,11,750,1748683,371811,13370294,1259628,Approved
407,2,Graduate,Yes,8686743,22539676,16,566,9291599,8325077,29878709,13782997,Rejected
408,0,Not Graduate,No,1276171,28976489,18,799,27356756,6400794,22423349,6564427,Approved
409,5,Not Graduate,Yes,2366922,16038121,4,665,10294177,7733222,25185511,2048645,Approved
410,0,Not Graduate,Yes,5544392,27609636,9,660,7157643,5006366,6772353,11934276,Approved
411,1,Graduate,No,1264188,27507404,16,367,18303107,5348023,24091815,1950987,Rejected
412,1,Graduate,Yes,3184648,30859932,3,623,5682482,14758192,6317141,14652445,Approved
413,1,Graduate,Yes,299045,33878457,15,364,4280436,501139,8578351,5674963,Rejected
414,0,Not Graduate,No,5091745,424917,7,711,23220769,2513331,13987210,6861930,Approved
415,0,Graduate,Yes,7209009,30826754,2,340,3439928,5132622,8407856,3812418,Rejected
416,4,Not Graduate,No,4237395,31365298,6,609,25931358,16033891,35637785,1263108,Rejected
417,5,Not Graduate,No,2714844,21678868,16,520,7269333,7630026,1143559,6009135,Rejected
418,0,Not Graduate,Yes,4358731,20669515,18,378,3107533,675457,35437243,5382929,Rejected
419,1,Graduate,No,5193086,28629618,3,584,21570658,10094387,6042188,6586324,Approved
420,3,Graduate,No,1824043,18147375,10,420,5137185,12170384,34112325,7201868,Rejected
421,5,Not Graduate,Yes,1293837,16525450,5,446,10668037,8878297,13190065,9269892,Rejected
422,4,Graduate,No,1981810,31791650,14,834,10219219,1719642,36109074,1079399,Approved
423,4,Graduate,Yes,9855901,31229824,16,510,14764124,17053302,21196415,5329856,Rejected
424,3,Not Graduate,Yes,7284926,8412071,20,542,13774280,16648806,19194353,12704607,Rejected
425,2,Not Graduate,No,1428770,32798834,8,303,5687611,17679799,5127695,13991582,Rejected
426,1,Not Graduate,No,3153351,13098471,7,480,6828800,18700309,16994448,7920229,Rejected
427,5,Not Graduate,No,4236874,5681918,7,511,5648474,6152805,21856829,5382720,Rejected
428,4,Graduate,No,1975826,34733879,16,732,1615829,8180217,38549944,6116899,Approved
429,0,Graduate,No,8546165,9630829,10,371,18928131,18615359,10322148,11498230,Rejected
430,4,Graduate,Yes,9417729,8256388,2,858,13699465,8725305,3246324,5838612,Approved
431,0,Graduate,Yes,2599892,10883558,20,377,3153719,16779722,9955276,13890185,Rejected
432,4,Not Graduate,No,362158,19568591,3,692,9641466,12565566,9527195,416135,Approved
433,4,Graduate,No,2816323,6810403,19,302,19434165,17996115,37159412,8907446,Rejected
434,0,Not Graduate,Yes,5908796,6554614,5,792,8298537,201970,5890016,7627471,Approved
435,2,Not Graduate,Yes,8123296,15687372,12,718,11660423,13702819,38899906,6638645,Approved
436,0,Not Graduate,No,3527551,8843150,7,803,21642925,15536236,4434324,6990968,Approved
437,3,Graduate,Yes,2878728,7866902,15,859,19533983,3846473,31808392,2335266,Approved
438,5,Graduate,Yes,2638866,36056811,9,801,20390592,14266958,16253205,5084513,Approved
439,0,Not Graduate,No,228138,23645141,8,673,11108327,3787419,2132165,5195196,Approved
440,2,Not Graduate,Yes,337391,841599,11,803,14083863,17553459,24063015,9682556,Approved
441,5,Graduate,No,4393554,4283325,20,357,24620118,17627840,28562363,8793903,Rejected
442,1,Graduate,No,6252017,32206380,6,687,25383258,72018,32874761,6042174,Approved
443,0,Not Graduate,No,322845,10880831,6,894,1616684,9836681,6994288,7604289,Approved
444,2,Not Graduate,No,2162746,6273975,3,526,24386218,7420325,24201337,8404930,Rejected
445,3,Graduate,No,9115965,26388409,16,886,25994951,17275065,22313475,693536,Approved
446,3,Graduate,No,9902691,33150708,14,604,27426136,6213348,17346184,13010123,Rejected
447,1,Not Graduate,Yes,6489770,15922969,13,581,7818040,13978628,35033574,13118541,Rejected
448,5,Not Graduate,No,5312396,29420763,2,480,14588097,2264268,16588267,5349134,Rejected
449,3,Not Graduate,No,5913540,16821339,17,364,1237978,4122738,14903668,11187627,Rejected
450,1,Graduate,Yes,3830768,4565319,17,826,3194047,19113485,20591646,5849480,Approved
451,5,Graduate,Yes,2175577,31578670,19,733,16365968,7464340,36410594,994018,Approved
452,5,Not Graduate,Yes,3884260,36322784,19,540,5996312,14857316,34000206,12728788,Rejected
453,2,Not Graduate,Yes,7059473,38892853,7,877,6528708,18775809,27768190,3934688,Approved
454,0,Not Graduate,Yes,6693759,4222405,15,410,8638449,18725289,3168821,5263980,Rejected
455,3,Graduate,No,6837096,22450657,9,767,13362810,379905,11799663,8463496,Approved
456,3,Graduate,Yes,6165464,24738059,13,571,4450552,4513930,592800,6458634,Rejected
457,0,Graduate,Yes,792543,3399433,8,675,23347343,13862926,3720754,3907455,Approved
458,3,Graduate,Yes,6339364,37604591,14,322,19440217,17979852,32601746,11771939,Rejected
459,5,Not Graduate,Yes,8832296,4333796,20,667,23034010,18988326,31961770,5233428,Approved
460,0,Graduate,No,6559156,10834174,14,708,26948674,13973101,4018773,8700443,Approved
461,4,Not Graduate,Yes,5878251,38265229,19,887,17471221,2020450,17955928,9782653,Approved
462,0,Not Graduate,No,2394744,22099092,19,508,10525316,14404804,10945565,13728121,Rejected
463,4,Not Graduate,Yes,7966176,26926009,4,343,28456072,5276661,2849584,7040239,Rejected
464,2,Not Graduate,Yes,4625398,19653360,20,337,16462958,15687164,14954058,6918745,Rejected
465,0,Graduate,No,2776558,29796790,17,389,13495156,10612054,4042396,13422857,Rejected
466,5,Not Graduate,Yes,5000460,3493600,10,479,12105752,3567195,28853291,7041688,Rejected
467,0,Graduate,No,1396068,26789939,13,799,1146202,16369039,37904886,4378271,Approved
468,3,Graduate,No,9278706,2912208,13,417,27816265,19183728,16563444,631047,Rejected
469,1,Graduate,No,7084006,7341010,16,387,23845271,9826330,9525676,4775121,Rejected
470,5,Graduate,Yes,3400194,20144827,17,319,20355184,15763749,19582926,2900356,Rejected
471,4,Not Graduate,Yes,7980051,17875797,3,530,6439651,1156163,37890374,4480714,Rejected
472,4,Graduate,Yes,730898,6279712,2,662,27010941,5261164,6256446,7937989,Rejected
473,2,Graduate,Yes,3983129,31584753,6,469,5128549,2467375,26701455,7715024,Rejected
474,2,Graduate,Yes,6583573,12133107,12,597,7030378,5508239,3651106,2750526,Approved
475,3,Graduate,No,432184,34261429,18,446,2037288,7293301,11779251,6822264,Rejected
476,4,Not Graduate,Yes,7145515,887754,14,780,8386539,8368450,17222216,6667675,Approved
477,5,Graduate,No,8218890,9603552,4,315,9541888,6257289,15042132,629621,Rejected
478,0,Not Graduate,Yes,6022477,11936621,15,420,23130972,10568328,7000712,4164762,Rejected
479,3,Graduate,Yes,2219720,23661702,10,640,9491225,4261765,30459907,10624313,Approved
480,0,Not Graduate,No,7541027,16020380,9,806,27811789,6746984,26385705,305955,Approved
481,1,Graduate,Yes,3522513,6458394,16,541,8810651,16298497,17068267,4423606,Rejected
482,4,Graduate,Yes,7411783,22685737,7,341,15264922,10907352,16412143,6984108,Rejected
483,1,Graduate,No,6356664,37864454,13,631,17261914,521504,2930230,2447642,Approved
484,4,Not Graduate,No,1115403,5539747,5,462,24127065,6368429,25892083,9500168,Rejected
485,2,Not Graduate,No,1179556,10186408,9,483,21869877,16089278,9008713,10521939,Rejected
486,1,Graduate,No,348602,19056838,12,854,25245857,3494992,11802411,4972035,Approved
487,2,Not Graduate,No,905558,28784097,13,865,27289011,17880595,33725522,3384240,Approved
488,3,Not Graduate,No,3136643,5655171,19,455,3418111,5739949,25173928,11414946,Rejected
489,4,Graduate,No,451896,9359627,7,655,2736857,12224153,27290026,3161204,Approved
490,3,Graduate,Yes,9397026,9519397,19,625,13070023,9215223,10377072,2146992,Rejected
491,5,Not Graduate,No,9183071,24449315,17,877,4376111,12131797,19639831,485295,Approved
492,5,Not Graduate,Yes,1891554,3530583,8,868,14362370,15468772,538122,1341988,Approved
493,4,Not Graduate,Yes,3251551,26143161,4,510,17164417,2890943,9623430,12812790,Rejected
494,3,Graduate,Yes,7473484,16978329,6,315,8042409,6832929,31362387,13742169,Rejected
495,1,Graduate,No,6674457,13174381,14,301,2855745,11025364,18603952,8024407,Rejected
496,2,Graduate,Yes,5899868,34096488,16,302,28068992,5055621,24885715,13548351,Rejected
497,0,Graduate,No,9894506,32398288,13,769,10789240,7278383,30922883,10391400,Approved
498,2,Not Graduate,Yes,6371990,31775397,15,744,24417257,17185298,36726839,5976200,Approved
499,5,Graduate,No,6760618,35006540,3,797,18174469,4443565,3196493,10485137,Approved
500,2,Graduate,No,5120479,9469262,11,383,19269533,3680425,22776534,6172998,Rejected
501,0,Graduate,No,5345929,33818742,18,335,22713860,11316593,38994898,14140479,Rejected
502,3,Graduate,Yes,3052131,7198873,9,402,7715833,1935006,7835841,12510223,Rejected
503,5,Not Graduate,No,5305015,13267290,19,675,6332139,23095,33702691,12417859,Approved
504,5,Graduate,Yes,9198082,22076328,4,305,29006238,16870943,22743173,7798660,Rejected
505,1,Not Graduate,No,3893788,29478138,20,697,19438379,5362408,12464258,7618800,Approved
506,2,Graduate,Yes,1505587,22944697,16,834,8503879,2337274,30704189,1721572,Approved
507,3,Graduate,No,6077841,22232038,13,387,18794807,12727215,34126607,9595368,Rejected
508,1,Graduate,No,7894927,15057464,13,744,11455725,9329603,5592726,1688639,Approved
509,1,Not Graduate,No,9596156,23531030,19,632,25014829,8827787,26723209,7945019,Approved
510,1,Graduate,No,5513208,18924139,9,867,14789713,8504405,36708231,1927621,Approved
511,5,Graduate,Yes,7922832,19015063,5,446,9130052,2825426,26121093,6996794,Rejected
512,4,Not Graduate,No,2654622,23260257,19,436,20089747,16655714,21449620,11477248,Rejected
513,5,Not Graduate,Yes,4357421,23830237,3,309,21827673,25571,5476622,4533010,Rejected
514,4,Graduate,No,4306610,13234511,14,723,10844196,9373615,17649476,8847875,Approved
515,5,Not Graduate,Yes,3457959,5617643,7,821,21883196,5246522,35511069,3821253,Approved
516,0,Not Graduate,No,7218389,12042715,19,311,6813751,12449586,31327862,4406563,Rejected
517,5,Graduate,No,8858609,16326811,20,595,6960561,10651750,17653398,2687395,Approved
518,0,Not Graduate,No,3400478,6608226,11,735,24051756,7466292,12109024,2382479,Approved
519,2,Graduate,No,1530701,7264733,12,769,18075693,10370183,31486528,5469085,Approved
520,3,Graduate,Yes,8289239,37578777,10,859,1022535,4403782,37930863,1814913,Approved
521,2,Not Graduate,No,8525936,11280137,10,734,19647216,2542794,11741332,13105511,Approved
522,0,Graduate,No,9362164,29268094,19,853,8900516,17562926,31785269,10898396,Approved
523,1,Not Graduate,No,2699752,5310329,7,897,7985866,11905724,12073743,3257992,Approved
524,4,Not Graduate,No,7246592,38414280,20,857,12340654,12684331,32432932,13022179,Approved
525,1,Graduate,No,7213167,8629827,14,563,13147379,19379132,37815815,5370328,Rejected
526,1,Graduate,Yes,7942214,15739255,20,544,25952708,17540249,26000143,7806852,Rejected
527,5,Graduate,No,8100962,30951627,13,556,12681131,11346417,19469069,10275050,Rejected
528,0,Not Graduate,No,9534641,8196239,17,871,8633282,15371577,12312896,11358838,Approved
529,5,Graduate,No,4874566,21853589,11,469,22509128,10236180,2347715,113890,Rejected
530,5,Graduate,Yes,943946,31091665,10,752,15792444,4615296,2056854,4161987,Approved
531,3,Not Graduate,No,2084383,1226810,6,675,20115,12079082,32759700,4947940,Approved
532,0,Not Graduate,No,8888877,1294445,5,337,18396922,17713224,25929883,8609257,Rejected
533,0,Not Graduate,Yes,8478724,31210160,2,592,14579874,17065615,8907416,12824392,Approved
534,1,Graduate,Yes,308490,10599487,9,417,16720968,9800573,21639622,6439171,Rejected
535,3,Not Graduate,Yes,3801582,35951162,20,737,5364317,18352387,34447147,6813370,Approved
536,0,Not Graduate,No,2602782,36653831,19,568,13920434,3832873,25394039,1289104,Rejected
537,2,Not Graduate,Yes,3342666,34812828,15,514,18823101,796050,35924443,7733572,Rejected
538,0,Graduate,No,6460195,39373770,8,339,19698797,7823147,4607044,7164291,Rejected
539,3,Not Graduate,No,5198159,32562262,11,378,19798733,3976879,2852427,9359252,Rejected
540,0,Graduate,Yes,4912795,15332370,16,759,29030150,18578752,26127771,12447765,Approved
541,4,Not Graduate,Yes,4463845,39194885,2,818,14582781,2245822,22831225,8337631,Approved
542,0,Graduate,Yes,6487825,13858046,19,474,12510310,10371845,26977699,761203,Rejected
543,1,Graduate,No,6893912,23286957,18,797,15773059,14983663,38475744,12013464,Approved
544,1,Not Graduate,Yes,626036,523985,20,631,9572004,2150853,4269424,7013457,Approved
545,4,Not Graduate,Yes,1544538,23500571,3,510,9168193,883919,36492048,7151651,Rejected
546,0,Not Graduate,Yes,3543452,37494694,20,571,20084570,10739828,2384205,12836967,Rejected
547,2,Graduate,Yes,4469759,14130928,13,714,9117689,17511117,20589536,8670099,Approved
548,3,Not Graduate,No,9962929,12578958,12,846,21795114,316086,32610834,11614057,Approved
549,3,Graduate,No,8938678,20778359,5,595,21682906,398774,26675333,12937824,Approved
550,4,Not Graduate,Yes,6557960,34146604,11,508,27744034,17955000,8727010,7253714,Rejected
551,4,Not Graduate,Yes,553414,21816641,8,757,3833382,11689408,23687071,14442089,Approved
552,2,Not Graduate,Yes,1186757,31364929,20,615,10571746,13607148,35361881,2518766,Rejected
553,4,Not Graduate,No,4681916,8706309,8,534,22450746,5346178,7967531,12807622,Rejected
554,1,Not Graduate,Yes,5953082,30711312,6,576,12489102,6059344,36748888,12473335,Rejected
555,5,Not Graduate,No,6673213,29012465,19,621,19060883,9128932,25597504,1465867,Rejected
556,3,Graduate,No,1590979,35434207,5,384,21396575,4152358,3399740,2251078,Rejected
557,4,Graduate,Yes,8899569,2559379,19,334,25738213,8572586,13059134,543135,Rejected
558,5,Graduate,Yes,5033600,15360248,20,699,6580001,18507233,33794173,4069264,Rejected
559,4,Not Graduate,Yes,6019105,3777073,7,405,7570210,14528529,13248499,14574833,Rejected
560,5,Not Graduate,No,585236,15982155,15,619,13702781,16860077,37111636,1826845,Approved
561,3,Graduate,Yes,8279946,30048820,17,769,14729810,9634856,16463535,6747433,Approved
562,0,Graduate,Yes,5521904,25390051,12,429,26337423,15277652,13434283,5196435,Rejected
563,2,Graduate,Yes,2382372,29817388,15,529,1134594,8171684,33405333,9249209,Rejected
564,1,Graduate,Yes,3324775,29221938,4,887,7137424,11978319,30791895,8915816,Approved
565,5,Graduate,Yes,3657532,39196163,11,321,26553941,14167375,9343156,12158639,Rejected
566,1,Not Graduate,No,465159,34785695,11,754,17886472,16002397,30613935,6099448,Approved
567,1,Not Graduate,Yes,9432897,23280958,12,400,19653891,17960654,9831033,6781662,Rejected
568,1,Graduate,Yes,8069295,34633137,19,844,7266172,2046693,35107796,332631,Approved
569,3,Graduate,Yes,8882556,2178081,17,547,18125669,15402094,287724,14269587,Rejected
570,3,Not Graduate,No,3665674,28576513,13,304,10762103,13767623,25957852,3134702,Rejected
571,5,Not Graduate,Yes,5667939,20763750,9,731,21321255,14292310,6076269,8759097,Approved
572,2,Not Graduate,Yes,4690958,37810197,9,388,2634685,284828,26530048,12945658,Rejected
573,1,Graduate,Yes,4859786,20047267,2,518,8273969,9461808,38364228,8884827,Rejected
574,0,Graduate,No,5971509,7302242,12,601,18758363,18640507,26170558,9193235,Approved
575,0,Graduate,No,4620460,28685048,6,747,17572333,17464186,17007701,2576734,Approved
576,2,Not Graduate,No,7777772,37553322,18,551,24454773,4478298,32273321,10422610,Rejected
577,5,Not Graduate,No,776138,934121,16,815,23306827,9434481,7650455,2794705,Approved
578,3,Not Graduate,No,2087943,2816306,19,589,420108,16759794,21290688,10169355,Rejected
579,5,Graduate,Yes,8945296,26222441,20,505,2627568,18047544,37854726,8476404,Rejected
580,0,Graduate,Yes,8846964,22080378,9,502,10309779,6424211,13951745,7196565,Rejected
581,0,Not Graduate,Yes,8217865,21805257,10,781,27901571,15576691,1063020,10596927,Approved
582,5,Not Graduate,No,3813773,3835720,13,699,13885693,16194372,17309270,10580707,Approved
583,0,Not Graduate,No,4671261,22726443,10,376,25953905,2915048,18979322,3009188,Rejected
584,0,Graduate,No,447652,22565638,7,750,1724048,620035,31827997,5520707,Approved
585,2,Graduate,No,2938512,33591752,15,549,28023848,911648,31540403,7115059,Approved
586,5,Graduate,Yes,7319077,15592301,10,509,1778064,2820154,13331332,2230853,Rejected
587,4,Not Graduate,Yes,3560622,13937842,19,358,23522941,14372600,30294748,5236140,Rejected
588,0,Not Graduate,Yes,4906552,3499089,6,899,25518186,7556543,5609285,608762,Approved
589,5,Not Graduate,No,1406973,22522392,10,331,8564452,13305279,7417316,6449827,Rejected
590,5,Graduate,No,5064514,25706179,12,898,8754070,1743440,23677649,3024479,Approved
591,4,Not Graduate,Yes,7273540,11304459,19,338,16923264,11680524,27745355,3265324,Rejected
592,5,Graduate,Yes,5806829,28962962,12,603,21012110,14454716,31644943,12030301,Approved
593,1,Not Graduate,No,5655365,37071678,3,362,3496726,18939042,24393713,2068626,Rejected
594,5,Not Graduate,No,9162923,7128068,8,596,6894336,6194391,5006930,1774598,Approved
595,1,Not Graduate,No,2494213,22749632,18,802,21946251,10580819,26470827,4711365,Approved
596,4,Not Graduate,No,3134594,27521920,7,654,23498207,6749257,16826168,345367,Approved
597,3,Not Graduate,Yes,6305455,1023851,8,626,4470914,12411976,10431308,12773075,Rejected
598,4,Graduate,Yes,4905856,7318664,4,371,25887628,10960337,13292476,14507605,Rejected
599,3,Graduate,No,9796457,15808876,15,869,25224576,16159832,31780788,11836818,Approved
600,3,Not Graduate,No,784855,5685940,4,525,25257338,551187,6958443,11749876,Rejected
601,3,Not Graduate,No,1399472,14236184,8,623,7000207,4305071,21922110,1494315,Rejected
602,4,Graduate,No,3551558,6076640,15,839,19472498,11237726,3251543,8152096,Approved
603,4,Not Graduate,No,4693153,35447506,19,677,4667986,11131111,28423059,1290785,Approved
604,0,Graduate,Yes,8926459,23783876,6,741,5715741,17507145,5874827,4421875,Approved
605,4,Not Graduate,Yes,5042756,13203534,8,410,2063316,13092128,36831281,7246383,Rejected
606,3,Graduate,No,4484075,30828600,4,576,14348860,84003,34574696,10018317,Approved
607,1,Not Graduate,No,1834612,1021930,10,624,20700725,9489268,33535493,4077518,Approved
608,3,Graduate,Yes,4455620,23698233,20,405,5783783,16398893,13664031,3765589,Rejected
609,5,Graduate,No,5409486,27090975,7,531,5418529,16938892,30667628,12104359,Rejected
610,5,Not Graduate,Yes,5921078,32026577,6,799,8059583,15557420,5275224,3296193,Approved
611,5,Not Graduate,Yes,6138577,9013126,9,859,5752133,9262131,11354230,7146863,Approved
612,2,Graduate,No,4410473,23485912,19,794,24237398,2058400,5193944,4216205,Approved
613,4,Not Graduate,No,1741976,30392968,12,861,4938171,4138593,2120058,12534803,Approved
614,2,Graduate,Yes,1696767,31554993,13,900,8104296,16428511,14387426,7862220,Approved
615,4,Graduate,Yes,1716294,7185456,16,419,8898638,6608097,22526062,1590522,Rejected
616,3,Graduate,No,6262147,38579683,15,814,5898841,14812778,33805818,2174965,Approved
617,1,Graduate,No,8592218,11039428,13,672,27389252,702057,1352911,14260133,Approved
618,1,Not Graduate,Yes,8854518,15625624,12,816,6099621,9526301,15954137,13822996,Approved
619,0,Not Graduate,No,3251597,7828704,12,683,14160690,18437455,27996239,11276389,Approved
620,0,Graduate,Yes,980365,6177733,5,375,16474707,4757150,7900560,1139332,Rejected
621,2,Graduate,No,6377267,10314172,9,638,7591548,592196,28883409,10758585,Approved
622,2,Not Graduate,Yes,576105,5607555,18,756,13713247,5589148,22350253,9713686,Approved
623,0,Not Graduate,No,6342376,29024499,2,374,4958371,1222894,22066121,13821177,Rejected
624,2,Graduate,No,3954404,23721122,17,603,14050256,11878133,4896865,7148673,Rejected
625,3,Graduate,No,8423875,15589110,12,693,550031,3720194,6591554,6913450,Approved
626,1,Graduate,No,6328663,21746440,8,579,12775562,4778297,34393332,9299310,Approved
627,2,Graduate,No,7450968,23984746,4,780,10621286,11400931,34328280,2188667,Approved
628,2,Not Graduate,No,4176098,7522027,16,376,10201590,6311900,17738955,10957827,Rejected
629,3,Not Graduate,No,8437649,11940775,2,507,3202788,12620041,23360112,7304440,Rejected
630,2,Not Graduate,No,5346260,34878515,12,871,29063534,18058265,21245093,2762227,Approved
631,4,Not Graduate,No,6327105,774218,5,609,786049,18066868,20183764,11983790,Rejected
632,1,Graduate,No,3734144,38100128,19,408,4251506,14148975,27919063,3887698,Rejected
633,2,Not Graduate,No,4604680,10226053,5,369,2996709,18793001,22249596,12635281,Rejected
634,2,Not Graduate,No,8433404,12871876,17,656,28451454,14279836,4910104,4009949,Rejected
635,1,Not Graduate,Yes,4056952,8409811,12,859,9268976,1316558,3249173,7181621,Approved
636,4,Graduate,No,409508,22277787,2,329,12540862,18545166,33329834,6420708,Rejected
637,1,Not Graduate,Yes,3914492,8685736,15,365,21850133,10996008,29025132,10764842,Rejected
638,1,Graduate,No,4041197,31294739,18,525,1468452,112403,7790956,2737187,Rejected
639,4,Not Graduate,Yes,4300252,15486924,6,425,1949299,12037988,2382402,3630204,Rejected
640,5,Not Graduate,No,892482,38223404,20,372,5311287,4743025,8604012,2829206,Rejected
641,4,Not Graduate,Yes,1467230,33746506,17,479,19749411,10367610,22672815,3389041,Rejected
642,5,Not Graduate,No,3375565,16031518,16,686,28474104,12764694,22885993,6657288,Approved
643,5,Not Graduate,No,4354792,23661656,8,796,18057787,538861,6634877,8618015,Approved
644,2,Graduate,Yes,484327,1255929,4,484,25380277,8502467,6906743,12695914,Rejected
645,4,Not Graduate,No,4016560,2948094,10,721,25665914,1076872,8141916,6199742,Approved
646,1,Not Graduate,Yes,3337245,20136277,17,794,8042333,2188415,17371671,6025678,Approved
647,2,Graduate,No,538802,18840780,13,304,5354021,4099540,9143566,2367470,Rejected
648,3,Graduate,No,2654000,15913215,14,812,4660285,15155933,17888094,1454177,Approved
649,5,Graduate,Yes,2896281,3841002,16,410,23113190,8014743,560781,11192028,Rejected
650,5,Not Graduate,Yes,1606592,33222750,8,711,19480279,913207,36695561,9303285,Approved
651,2,Not Graduate,Yes,7568689,16223593,2,750,25167577,14493328,34960082,7822567,Approved
652,3,Not Graduate,Yes,909262,18724497,18,808,14758600,10550711,13273840,6528187,Approved
653,1,Not Graduate,Yes,5863867,16117989,13,542,28415688,2747278,31526022,7649766,Rejected
654,4,Not Graduate,No,6720292,19796079,12,696,26017731,10911808,20985411,12431694,Approved
655,3,Not Graduate,No,8100442,25715425,12,315,23528786,4825976,1226428,2782849,Rejected
656,3,Graduate,Yes,5546704,30248145,18,568,23371784,12337649,11159786,7332198,Rejected
657,4,Graduate,Yes,5518343,21838596,16,879,3601654,18383107,2233854,3544767,Approved
658,3,Graduate,Yes,7655914,6806134,14,395,21673294,6123150,27752938,1542082,Rejected
659,0,Not Graduate,No,8570021,34590388,16,390,27561454,14461764,30688772,10182805,Rejected
660,1,Graduate,Yes,8001458,11457505,7,720,8501762,457858,24192258,10361761,Approved
661,1,Graduate,Yes,4731221,937987,15,606,23716268,7898567,266688,12522975,Approved
662,4,Graduate,Yes,1163188,1830374,20,573,10185160,17246275,9252094,314994,Rejected
663,0,Not Graduate,Yes,6201792,30640754,6,449,6178662,1447397,18384757,2605018,Rejected
664,1,Not Graduate,No,9774663,15468751,12,402,21259015,18026573,5670227,8445812,Rejected
665,3,Not Graduate,Yes,1578897,1188206,14,743,4807244,1816573,4206052,11941482,Approved
666,4,Graduate,No,344524,32108516,11,515,14004768,9350581,11930736,13818322,Rejected
667,3,Not Graduate,No,9181889,12228161,20,766,27249651,3512252,23191983,11584998,Approved
668,5,Not Graduate,No,6049013,38635808,9,566,4565211,400422,3469329,13302300,Rejected
669,5,Not Graduate,Yes,2347119,34782795,6,538,4530830,6776220,39134944,11979203,Rejected
670,0,Graduate,No,7966613,2188156,4,438,27438717,11268900,17993561,4641157,Rejected
671,5,Graduate,Yes,4058071,27364236,18,695,22613708,14014128,6743243,8551634,Approved
672,3,Not Graduate,No,3452562,23946083,15,471,13432943,6129039,786329,9340345,Rejected
673,3,Graduate,No,3040100,7042269,12,846,11793044,9553008,37502006,5172077,Approved
674,0,Not Graduate,Yes,6065984,13748133,10,545,28052284,3540220,23307670,13017882,Rejected
675,3,Not Graduate,No,1518508,19538754,9,789,21062733,14154295,33926758,11334007,Approved
676,4,Graduate,No,3748801,6027698,19,582,26429187,3277681,30445147,7597405,Approved
677,3,Not Graduate,No,3189765,28598644,14,549,2672875,16704065,38645514,7055197,Rejected
678,0,Graduate,Yes,794026,11170068,20,572,15437063,3477555,34877964,11651832,Approved
679,3,Not Graduate,No,7678929,37043859,17,565,21099196,12882785,30034594,3261401,Rejected
680,5,Graduate,Yes,282922,31726097,16,587,1040811,6418315,33365971,3213069,Rejected
681,4,Graduate,Yes,9605270,25165391,12,833,14896621,19332119,33594174,5915085,Approved
682,0,Graduate,No,1129647,4994886,6,722,1619041,5444032,9988939,1874573,Approved
683,5,Graduate,Yes,3710705,1267276,14,320,26201011,18405336,23308227,6728437,Rejected
684,5,Not Graduate,No,1164414,6020004,15,334,19815810,16226641,38648859,6357338,Rejected
685,1,Graduate,Yes,3795387,19888313,11,313,5482393,9078502,33997535,7428573,Rejected
686,4,Graduate,Yes,6186720,30925311,2,715,15174416,9609105,4126243,6784944,Approved
687,2,Graduate,Yes,1057314,6296096,20,423,3182261,6863500,4371280,13194184,Rejected
688,3,Graduate,No,5353479,28028843,17,531,23392246,8296361,7840693,4035171,Rejected
689,2,Graduate,No,7764391,2172958,8,797,5710010,9040201,29072848,6044125,Approved
690,4,Not Graduate,Yes,4663540,10711840,11,379,17671751,2829171,15436260,10851816,Rejected
691,5,Not Graduate,No,1301967,23761617,4,392,2286543,6264284,24645964,4186719,Rejected
692,4,Graduate,Yes,6980831,32772249,19,347,4594929,16992281,5478513,9650998,Rejected
693,5,Not Graduate,No,2027516,30755339,6,471,28522380,18990777,2345982,14146514,Rejected
694,5,Not Graduate,Yes,364896,21179871,9,353,11228244,1063550,30221339,5518361,Rejected
695,0,Graduate,No,4480524,1713573,10,678,3575127,14207250,11430342,3556638,Approved
696,1,Not Graduate,Yes,2855638,11800840,7,742,20366675,4646908,1692411,2794665,Approved
697,4,Graduate,Yes,479085,31016700,14,410,5844762,12685339,8471386,163409,Rejected
698,3,Graduate,No,7818449,3483383,20,615,17151914,12056562,12666298,4176068,Approved
699,0,Graduate,No,6077380,27990405,18,482,23561855,17050421,15882877,12492368,Rejected
700,0,Graduate,Yes,9117776,27893724,12,348,19887417,13624861,35152426,3744814,Rejected
701,3,Not Graduate,No,4907622,29777886,4,580,7180552,15978106,7775450,14030352,Rejected
702,3,Not Graduate,No,4495699,8815519,18,719,6895608,15542437,23680475,14008747,Approved
703,1,Graduate,Yes,8457742,9893352,6,437,6468736,12559326,10773322,10027339,Rejected
704,1,Not Graduate,Yes,998543,8081277,19,773,18389627,7959651,19540450,14418769,Approved
705,0,Not Graduate,No,3744351,15728942,9,896,19564214,6539666,11604381,5992449,Approved
706,3,Not Graduate,No,8027542,20838941,11,333,15160200,6726757,13498308,14057746,Rejected
707,0,Not Graduate,No,3066905,4994232,10,398,11604068,6957995,23512587,7993193,Rejected
708,3,Not Graduate,No,8874671,22541984,10,473,1806985,5597901,23119684,1187137,Rejected
709,2,Graduate,No,2983519,9664525,5,810,24312443,6027810,5287051,12230423,Approved
710,2,Not Graduate,No,4253871,22336138,12,385,19210952,11021036,6141610,13972002,Rejected
711,4,Not Graduate,No,8994187,12169355,9,582,18573637,5241360,9451168,13014502,Rejected
712,3,Not Graduate,Yes,2584881,37721773,18,622,3018273,6763530,35254060,6126987,Rejected
713,4,Not Graduate,No,9687505,12821916,11,377,8387048,13756265,12432203,1507130,Rejected
714,4,Graduate,No,630922,34455216,20,325,8840302,6365028,22652867,8606431,Rejected
715,5,Graduate,Yes,2804832,7161563,7,371,17399567,2067221,17603463,12759551,Rejected
716,4,Graduate,No,5992612,3628746,8,333,22911233,327682,13881871,12358143,Rejected
717,3,Graduate,No,6022326,7697502,2,600,25214033,14843889,1493074,9075042,Approved
718,2,Not Graduate,Yes,9116721,16739425,16,862,15192588,18397330,17294285,11559156,Approved
719,1,Not Graduate,Yes,9606164,35637640,3,512,10606454,13241535,39169088,474494,Rejected
720,3,Not Graduate,Yes,6843303,7208928,7,454,11875883,1175528,36883201,9164541,Rejected
721,0,Not Graduate,Yes,6665438,31028630,19,440,21431297,10929002,11775366,1594739,Rejected
722,5,Not Graduate,Yes,3309036,27618818,13,889,9256289,5254907,20898734,11015679,Approved
723,5,Not Graduate,Yes,8095373,13803526,12,876,12100739,6223479,11263918,669352,Approved
724,0,Not Graduate,Yes,6500306,13487316,17,689,22880044,17875540,36122285,8745257,Approved
725,4,Not Graduate,Yes,435908,37447627,16,578,15803435,15993276,21750926,13943811,Rejected
726,0,Not Graduate,Yes,8354271,28313577,18,396,13610597,14265754,36067792,1645246,Rejected
727,4,Graduate,No,3724674,9665770,14,858,21350670,9717444,33478061,6269813,Approved
728,0,Not Graduate,Yes,4863135,36044840,10,300,8399088,11215912,12840024,600906,Rejected
729,2,Not Graduate,No,4963780,16247362,4,398,1761346,17768646,17906927,10519549,Rejected
730,3,Not Graduate,Yes,8233536,3424078,9,707,22942003,12819789,22323796,13602599,Approved
731,4,Graduate,No,2825668,32190193,15,410,13239031,11232405,9754496,25244,Rejected
732,2,Graduate,No,4040715,34354051,6,365,9471300,1882965,32598349,8025490,Rejected
733,5,Graduate,No,583397,17661146,14,658,2770713,19331175,22182319,11659627,Approved
734,4,Not Graduate,Yes,3615355,27893934,4,315,26955739,15687758,8128253,373197,Rejected
735,1,Not Graduate,No,1066018,9497312,3,462,21097661,7076018,18931347,7085920,Rejected
736,4,Not Graduate,Yes,5913289,33634098,8,686,7975606,4852071,32207421,1896193,Approved
737,4,Not Graduate,Yes,8953290,14746590,6,411,17687162,18775638,16584533,13576959,Rejected
738,2,Graduate,No,4753927,10778409,18,756,13512225,18550551,27840500,7489484,Approved
739,4,Not Graduate,Yes,9138636,19928266,9,356,9513653,8153206,38568211,7657193,Rejected
740,5,Not Graduate,Yes,9775697,10775264,9,668,9067987,4488667,13133464,14659033,Approved
741,4,Graduate,No,727274,24629260,9,345,2219792,15477749,39041250,11595362,Rejected
742,4,Not Graduate,Yes,5260616,29609073,8,739,28366059,12132069,16244467,4614115,Approved
743,3,Graduate,No,5377134,16199775,19,752,26940851,17461583,22028198,9253160,Approved
744,1,Not Graduate,Yes,3974686,31011033,16,777,25332481,10579295,30301478,4365161,Approved
745,4,Not Graduate,Yes,8338595,17207130,5,469,9166608,10705835,2665753,7651915,Rejected
746,2,Not Graduate,Yes,4070349,38332165,6,442,29008973,2776200,27497787,11940250,Rejected
747,3,Not Graduate,Yes,740875,10646589,3,888,8013464,11700375,22223169,13939189,Approved
748,1,Graduate,Yes,5569812,27925648,6,738,23991580,7040787,25689786,13987405,Approved
749,1,Not Graduate,Yes,2178703,21285614,14,410,2939244,3986020,37336908,7285308,Rejected
750,0,Not Graduate,Yes,3678138,37286480,19,317,9034465,15157079,19017886,13156521,Rejected
751,5,Not Graduate,Yes,5118516,8902684,11,513,16800978,6708470,36287147,13118108,Rejected
752,0,Not Graduate,Yes,7284485,8012562,3,699,28162552,4124208,22255847,8032761,Approved
753,0,Graduate,No,2925972,34307028,2,525,7730515,18634943,8447633,530341,Rejected
754,5,Not Graduate,No,3930497,35623074,9,785,12582427,18679431,25579235,1750000,Approved
755,3,Graduate,No,865442,29596789,7,600,24527024,9594338,7452683,9664057,Rejected
756,2,Not Graduate,No,3964615,18915449,12,895,13743376,5732382,35249061,12206397,Approved
757,4,Graduate,Yes,5886242,16382936,4,823,19868513,3139250,5968429,13401425,Approved
758,2,Graduate,Yes,6246338,26429618,6,583,12173178,12158400,19547833,3574616,Rejected
759,0,Graduate,No,3073735,29591332,12,801,113923,11849671,32135546,13219347,Approved
760,4,Not Graduate,Yes,796299,11118267,7,569,8238000,12006020,360836,12150259,Rejected
761,1,Graduate,No,5857646,574240,8,305,16461131,14894416,19210158,7130288,Rejected
762,3,Graduate,Yes,6622478,3183400,6,485,566471,9133097,19851407,5498705,Rejected
763,5,Not Graduate,Yes,1034679,13803977,2,545,6746389,13256328,13251425,6939828,Rejected
764,5,Graduate,No,5148728,27022955,8,886,27735425,15434887,26376250,9929087,Approved
765,2,Graduate,No,1131825,17559805,8,797,447183,14425392,12732441,11914547,Approved
766,4,Graduate,No,4639656,24540473,19,388,7198808,697260,14676411,2523095,Rejected
767,3,Graduate,Yes,6480265,18716101,18,300,18023584,12008657,10796199,4924733,Rejected
768,2,Not Graduate,Yes,7248680,10165012,10,617,16385400,18922950,24472198,1765620,Rejected
769,0,Not Graduate,No,7195080,29650274,7,620,5963007,10863895,34598695,13776272,Approved
770,2,Not Graduate,Yes,7630907,28659230,9,741,1734101,10277467,6962091,5983861,Approved
771,3,Graduate,No,2564113,38042052,13,455,26179402,11768571,16059451,3685056,Rejected
772,5,Graduate,Yes,8493357,32666864,9,788,16029135,10863944,8853409,2988583,Approved
773,0,Graduate,No,3626795,15195887,16,548,16685379,7797944,9565495,1093648,Rejected
774,4,Graduate,No,3873070,27925935,20,501,1679872,19282633,38086475,6927697,Rejected
775,5,Not Graduate,Yes,7918330,14043514,9,552,6087286,1374939,27847868,11347282,Rejected
776,5,Not Graduate,No,3404969,34515005,4,867,2121816,15796567,37022255,4748976,Approved
777,2,Graduate,Yes,933766,24232197,4,535,28492608,3098148,24909818,5949446,Rejected
778,0,Not Graduate,Yes,7200553,33017620,18,636,22399640,4005423,26128448,9356317,Rejected
779,1,Not Graduate,No,6688599,11325141,9,836,15901449,11770058,28042329,5229927,Approved
780,5,Graduate,No,5901688,884896,8,310,19813164,12375976,25597624,10865662,Rejected
781,5,Not Graduate,Yes,1604151,5840933,13,622,4815240,17987173,32220679,4717376,Rejected
782,3,Graduate,Yes,6391655,21129515,20,725,28757786,5709949,12783422,6559295,Approved
783,0,Graduate,Yes,2144407,37992403,10,843,15051747,499366,3968361,14412500,Approved
784,0,Not Graduate,No,5644125,24880059,7,336,15033389,4947894,19152000,12292137,Rejected
785,2,Not Graduate,No,5177657,32033575,18,736,27917057,10554282,77958,8403646,Approved
786,3,Graduate,No,7772392,18694488,3,782,2791870,6932882,1855404,5760583,Approved
787,0,Not Graduate,Yes,9770494,37873183,18,511,12344517,4889991,1982196,14581142,Rejected
788,4,Not Graduate,Yes,2062400,37185544,11,748,2568923,17733838,3034083,6799618,Approved
789,3,Not Graduate,Yes,1324157,8839049,2,596,12377554,10897754,27706295,5050640,Rejected
790,0,Graduate,Yes,5645979,34097023,6,695,7775127,13037217,23428536,8761992,Approved
791,0,Not Graduate,Yes,9529449,998121,14,534,13418787,14543352,36632264,6085347,Rejected
792,2,Not Graduate,No,1749397,23529700,16,406,20427988,7937845,11363397,13074911,Rejected
793,4,Not Graduate,Yes,4976403,17440654,5,797,8151013,14267790,12979330,3112911,Approved
794,4,Not Graduate,Yes,4191069,12111594,14,430,1489994,18696815,19212597,736579,Rejected
795,2,Not Graduate,No,3316800,36897472,20,412,4707903,14062784,30622811,6326352,Rejected
796,1,Not Graduate,No,6707140,26263041,15,832,20829218,5758930,36483097,13939928,Approved
797,5,Not Graduate,No,3095741,5722353,15,862,16846796,15111115,28584032,911478,Approved
798,2,Not Graduate,Yes,5032102,5759050,5,666,28478722,4580558,19879779,11880394,Approved
799,1,Graduate,Yes,8484954,4893672,14,648,26021225,1408647,38340013,8200,Approved
800,2,Graduate,No,3919997,12218212,15,516,4688527,8616013,7108242,8195706,Rejected
801,0,Not Graduate,No,406803,3002949,4,667,21409735,9885809,18455088,6660180,Approved
802,1,Not Graduate,Yes,8872706,10656436,7,666,2627847,9113949,9677987,2348304,Approved
803,3,Not Graduate,No,2890130,30288706,18,610,2799053,5078502,6510060,10966551,Approved
804,5,Graduate,Yes,7773692,34548549,20,693,23080688,5294976,15547838,2577182,Approved
805,4,Not Graduate,Yes,7675226,31108320,5,633,11664705,17872648,29997070,6424857,Approved
806,4,Graduate,Yes,5357650,19745308,15,828,29032341,5656114,12542165,8207227,Approved
807,3,Graduate,No,1060608,27558742,11,701,154110,15187856,32097699,7614679,Approved
808,0,Graduate,Yes,9510521,37302087,13,531,14626045,4997368,23948662,465508,Rejected
809,2,Graduate,No,6872559,2389040,11,693,8961065,2086370,27726162,6550553,Approved
810,5,Not Graduate,Yes,4358780,35758986,18,438,28675550,1226450,9533775,9625234,Rejected
811,0,Not Graduate,Yes,8568139,28652903,10,428,19478858,4718974,33836721,7744022,Rejected
812,5,Graduate,No,7923115,15446681,13,796,22461767,16321128,7988383,10732262,Approved
813,4,Not Graduate,No,7650975,17886249,14,650,8445817,8831272,14550357,11401379,Approved
814,1,Graduate,Yes,1845775,17490900,12,332,26029139,13483587,30704468,2636806,Rejected
815,4,Graduate,Yes,6401858,6489461,18,513,24460247,18680427,27060348,11815658,Rejected
816,5,Not Graduate,Yes,3000766,9328511,6,891,22815474,933229,11738682,13153557,Approved
817,0,Graduate,Yes,969147,11868939,20,682,13891880,2127659,10342866,12319453,Approved
818,0,Not Graduate,Yes,3513239,527921,14,822,26828900,17850062,16976336,12513946,Approved
819,3,Graduate,No,1219508,19944956,20,629,19472793,11018663,17500453,3122719,Rejected
820,5,Graduate,Yes,1237043,18980035,9,325,1912148,11987214,2331639,9584740,Rejected
821,0,Not Graduate,No,7324987,13222338,11,407,25720477,6620977,9505693,6730313,Rejected
822,3,Not Graduate,No,5117687,7215989,2,355,609263,16039875,6058487,14465539,Rejected
823,0,Graduate,No,4099153,38314170,19,741,19869779,12539002,6057719,12215783,Approved
824,3,Graduate,No,2084149,26897224,17,754,7272687,4999681,13857956,2374300,Approved
825,3,Not Graduate,No,7755363,18909876,7,574,26112192,12584910,1409367,13845621,Rejected
826,0,Graduate,Yes,6415022,28628662,2,735,21236604,75260,26543676,10247843,Approved
827,4,Graduate,Yes,5938747,14888300,15,631,23514701,4667474,26319830,7981855,Approved
828,5,Not Graduate,No,2062905,8748719,14,744,20364937,3956176,8640659,6557037,Approved
829,5,Graduate,Yes,1410770,26688085,12,704,16501569,15244702,34310705,7247099,Approved
830,0,Not Graduate,No,1410361,30508095,4,573,25135120,14261667,23273755,11332894,Rejected
831,1,Graduate,No,445407,25801366,19,692,8649483,1770491,12325241,11239543,Approved
832,1,Not Graduate,No,9697050,22502778,10,491,15375647,17585233,7605112,8115586,Rejected
833,2,Not Graduate,Yes,3803857,395619,15,750,8675943,15871894,16826027,14577906,Approved
834,0,Graduate,Yes,6650755,25304184,18,849,3307994,8434814,37638119,3415168,Approved
835,5,Graduate,Yes,9825990,24544169,12,424,25472134,4112157,139040,6261203,Rejected
836,4,Graduate,Yes,9377219,16468014,3,700,14463178,8153249,787607,8801375,Approved
837,4,Not Graduate,Yes,3341707,9855744,18,366,1568031,11437838,16183907,2426965,Rejected
838,1,Not Graduate,Yes,5000900,38681074,14,526,24012700,12223724,36028758,7332479,Rejected
839,0,Not Graduate,Yes,4737798,15009159,18,702,27395812,6737808,11027826,12264309,Approved
840,5,Graduate,No,527344,10963732,13,466,19255406,1970808,29297195,9929804,Rejected
841,1,Graduate,No,7729281,27988877,19,441,9517440,11829728,22508641,10443250,Rejected
842,3,Not Graduate,No,5828838,19193104,18,530,25009599,13679740,7815062,2376778,Rejected
843,5,Not Graduate,Yes,3840242,22149540,6,368,21501147,5187906,35613873,2132613,Rejected
844,0,Not Graduate,Yes,5671623,25713634,5,675,8287984,12406613,6400425,6495807,Approved
845,0,Graduate,No,7407458,14751282,5,378,9603865,11037895,19841180,4755586,Rejected
846,0,Graduate,Yes,346760,6270228,17,500,28744744,9726308,25977131,148307,Rejected
847,0,Graduate,Yes,6531257,6862485,6,487,27741070,159046,26480880,8132383,Rejected
848,0,Graduate,No,8640172,37134213,10,881,19684845,5961636,33490321,11087460,Approved
849,4,Graduate,No,7318773,20114902,16,896,1061394,7264416,27654927,10752543,Approved
850,3,Not Graduate,No,6275713,16646605,10,347,6681875,16176685,25765400,1516073,Rejected
851,5,Graduate,Yes,1087335,12819148,3,394,10281579,16031953,5975330,11475504,Rejected
852,4,Not Graduate,Yes,7497974,28588155,8,740,15595617,16950766,12020121,5597202,Approved
853,5,Not Graduate,Yes,7556563,36086770,3,479,25243116,8982327,13585567,2289251,Rejected
854,1,Not Graduate,No,5040427,30442788,9,687,24683973,6342283,14545130,6937855,Approved
855,1,Not Graduate,Yes,5910071,21246388,15,853,7975045,9685665,4435305,3186234,Approved
856,5,Graduate,Yes,6260344,18937886,11,397,3164836,15358843,3726553,9891023,Rejected
857,1,Not Graduate,Yes,1387013,34245789,14,878,8020526,12058590,17277266,10938600,Approved
858,0,Graduate,Yes,2723205,33867965,4,331,6847635,11663941,28338373,10667186,Rejected
859,4,Not Graduate,Yes,7964568,15595096,16,437,26153677,8423666,34781598,1706851,Rejected
860,4,Not Graduate,No,9742827,38100017,10,605,414606,13511636,36855256,5123536,Rejected
861,5,Not Graduate,No,2846934,32735537,7,829,24169943,16821288,18852626,7322955,Approved
862,5,Graduate,No,4127056,33472184,14,632,19113494,12958573,35206525,14476646,Approved
863,0,Graduate,Yes,9169874,2516246,4,383,3077941,7824498,17881196,8026084,Rejected
864,4,Graduate,No,1790801,5396474,11,449,19935592,16295074,18555866,9605124,Rejected
865,5,Graduate,No,2759586,11986266,10,757,16883235,18285517,8205482,4988511,Approved
866,4,Not Graduate,Yes,747971,30141772,5,637,108866,15453548,24616704,4342501,Rejected
867,4,Graduate,No,2500741,3364496,20,307,6500799,17012597,12160517,11706142,Rejected
868,5,Graduate,Yes,6434485,3548636,8,601,10127537,5150651,19012445,12267081,Approved
869,2,Not Graduate,No,3612603,1540687,2,544,6260523,8169102,36714703,814612,Rejected
870,0,Graduate,Yes,9837123,7823443,10,300,16843468,4837271,21418273,7919836,Rejected
871,2,Not Graduate,Yes,8937242,36319400,20,448,17908256,7096536,11877416,11428434,Rejected
872,1,Graduate,Yes,8978786,28571374,14,862,4938166,14229764,26280679,2320769,Approved
873,0,Graduate,No,7318440,28401255,14,723,3604505,13126583,28670354,9496681,Approved
874,0,Not Graduate,Yes,7080625,11767304,19,342,19070203,61886,23781251,6962648,Rejected
875,4,Not Graduate,No,5194741,24804315,3,309,13670568,14652950,1651953,7456098,Rejected
876,3,Not Graduate,Yes,9907860,30836166,12,507,7713613,3726379,8863812,8730280,Rejected
877,3,Not Graduate,No,1134585,21173718,8,579,7444412,3605714,5029907,12823878,Rejected
878,4,Graduate,Yes,7283717,33860541,14,572,1140930,10546166,37465908,1276817,Rejected
879,3,Not Graduate,Yes,1574509,22626518,18,718,24849143,4676276,12209934,2973022,Approved
880,3,Graduate,Yes,3524661,13023734,3,404,24494978,18681673,18593248,5072004,Rejected
881,0,Not Graduate,Yes,2705080,25336663,5,328,16135782,2837298,35335697,11771378,Rejected
882,5,Graduate,Yes,6091938,37270959,20,704,10168118,2941892,38856948,8706248,Approved
883,2,Not Graduate,Yes,7914668,32701928,11,839,6259666,14757422,8596232,2760285,Approved
884,0,Graduate,No,981713,19839835,7,400,8946723,5559599,33687737,347299,Rejected
885,4,Not Graduate,Yes,6096199,23698031,4,517,26960150,13859396,28488388,14559557,Rejected
886,4,Not Graduate,Yes,2372488,38557758,8,676,2586069,13220760,24068927,2024230,Approved
887,0,Not Graduate,Yes,954585,29644366,2,399,23946289,3667643,6566959,481642,Rejected
888,1,Not Graduate,No,4291894,19998187,6,816,8860871,11250006,27092779,5976483,Approved
889,0,Graduate,Yes,5896409,11314339,5,435,7720003,10415370,24023408,8131999,Rejected
890,1,Graduate,No,2177821,35810284,3,620,23564351,1835220,17494738,3801872,Approved
891,0,Not Graduate,Yes,4020081,38589061,20,503,27966581,14826243,23003666,2469847,Rejected
892,4,Graduate,No,9544310,3072807,17,701,28853870,16633567,8260782,1272400,Approved
893,3,Graduate,Yes,3598196,1550370,19,419,7791202,18372356,24380357,5997233,Rejected
894,5,Graduate,Yes,9956856,4811852,6,359,17201027,1705247,6005605,13992046,Rejected
895,4,Not Graduate,No,8375373,15453802,7,606,8515914,3463339,11222039,2174816,Approved
896,3,Graduate,Yes,3835172,6567141,7,819,5630311,16006825,19401319,8420083,Approved
897,3,Graduate,Yes,5852718,34876343,12,680,11231533,5903997,6354437,2849234,Approved
898,0,Not Graduate,No,7150444,36137232,5,754,1816935,12135435,35816367,9903533,Approved
899,0,Graduate,Yes,4753499,7376500,6,560,4795831,6757791,34750241,896413,Rejected
900,3,Graduate,No,4196153,32799544,20,384,17330156,4221071,18593934,2987707,Rejected
901,0,Graduate,Yes,3431417,5840453,8,556,19992169,12124560,22322202,117652,Rejected
902,0,Not Graduate,Yes,1567190,31163263,16,893,7870683,3987145,11430975,9531946,Approved
903,1,Graduate,Yes,444309,14624886,6,769,16218516,2646525,8312092,10573796,Approved
904,5,Not Graduate,Yes,3501883,1879323,19,722,22247353,10290761,37672744,2521635,Approved
905,2,Graduate,Yes,7998243,17085232,15,480,26028858,3752523,16202498,6665869,Rejected
906,4,Graduate,No,2487042,32552230,18,660,16542795,3729668,37380301,4310207,Approved
907,2,Graduate,No,1961530,36889048,11,674,7009469,15140474,2629986,670205,Approved
908,1,Graduate,Yes,3415166,5048036,19,693,20738001,10257459,4181862,547897,Approved
909,2,Graduate,No,6069176,33075886,8,836,4953718,10515841,18634743,13802856,Approved
910,0,Graduate,No,2307212,11795307,11,709,4049150,2782199,30650743,9516483,Approved
911,4,Graduate,No,2359869,18492314,3,433,10435940,3111492,16616518,9784469,Rejected
912,1,Not Graduate,Yes,1300982,4564414,5,433,9569709,7580300,32922464,4341597,Rejected
913,2,Not Graduate,No,3455654,38440624,16,672,4251762,7535595,5202868,3884815,Approved
914,5,Not Graduate,Yes,2330798,31277882,8,820,1523838,8761591,33562004,11682568,Approved
915,3,Not Graduate,No,8345818,25477314,3,869,27532994,2609187,17419395,6448818,Approved
916,2,Not Graduate,No,9076419,28800455,7,666,19710451,17429653,11173473,1500817,Approved
917,3,Not Graduate,Yes,3830964,34547423,8,618,20877698,7036186,25069667,7192220,Rejected
918,4,Not Graduate,Yes,1035172,5922279,15,790,1928832,15834764,30519323,7667629,Approved
919,1,Graduate,Yes,1057057,9945433,3,887,23169177,7763866,36396825,8377938,Approved
920,3,Not Graduate,No,3382615,1763749,2,316,10605797,9160202,27564859,7892262,Rejected
921,5,Graduate,No,4742001,19467392,15,486,21768069,2174941,12328850,12604519,Rejected
922,3,Not Graduate,Yes,5378809,19670108,4,500,14270601,13127603,19695463,3591761,Rejected
923,2,Not Graduate,Yes,3180522,1464914,9,639,7066037,1160768,18104447,8671534,Approved
924,0,Graduate,Yes,3674224,26233044,14,477,7630790,14508787,30186003,13049325,Rejected
925,1,Graduate,Yes,2980117,648103,11,486,4093108,17103076,15618876,14387274,Rejected
926,5,Graduate,No,5272550,31380218,4,314,24143816,7015363,10973463,14185233,Rejected
927,3,Graduate,Yes,7029625,27953766,15,302,12496517,17220372,19106250,10684093,Rejected
928,1,Not Graduate,Yes,625516,32252938,2,570,22699140,13556650,26216238,1568093,Rejected
929,2,Not Graduate,No,4891389,4937110,6,899,24124456,50030,33176733,14531202,Approved
930,3,Not Graduate,Yes,6555983,34418709,4,477,4859541,3936201,198436,473946,Rejected
931,3,Not Graduate,No,6791016,21774083,11,444,9617996,12439359,22286834,8096012,Rejected
932,4,Graduate,No,5722092,34142845,15,458,3612689,13612127,2844004,6566639,Rejected
933,1,Graduate,Yes,5346390,27583493,14,884,278281,1817372,24303314,9973203,Approved
934,3,Not Graduate,No,6873470,26030597,4,698,28707557,13281918,24471212,11506523,Approved
935,2,Not Graduate,No,3908070,1563595,8,692,19207766,15716747,33516252,10847109,Approved
936,5,Not Graduate,No,5759127,27425874,4,413,13143620,1782665,7547943,3334309,Rejected
937,0,Graduate,Yes,3330745,17890663,8,843,5821835,17063510,31146717,11094781,Approved
938,0,Not Graduate,Yes,4491455,33590002,6,418,17196439,10341739,26998199,11139730,Rejected
939,2,Not Graduate,Yes,1416036,27118756,16,881,15796503,11962334,26073755,359115,Approved
940,3,Graduate,Yes,3631387,3214701,16,872,6485729,980945,24960727,9368579,Approved
941,4,Graduate,Yes,1592403,35177455,17,641,433009,11895215,21546836,1873872,Approved
942,2,Graduate,No,2419065,2765867,5,821,13647786,8816789,2495736,8261789,Approved
943,5,Graduate,No,4310747,12029820,2,900,14807530,7206741,31874413,3347519,Approved
944,2,Graduate,Yes,5100664,8799032,2,648,23228985,15138146,15385869,5268277,Approved
945,0,Not Graduate,Yes,9431506,38489288,18,761,11454006,4839698,4095694,3990969,Approved
946,0,Not Graduate,Yes,455314,6305275,19,654,2824898,1163941,24029686,12673578,Approved
947,5,Graduate,Yes,9005912,33406027,6,614,25619988,9685854,37132009,13308912,Approved
948,0,Not Graduate,No,3416760,9008965,18,501,12036108,14428232,27968479,11734871,Rejected
949,5,Not Graduate,Yes,7296820,25804895,12,693,21004781,2594114,9642973,10622267,Approved
950,1,Graduate,Yes,6843149,3841519,5,460,1255920,19102463,31990499,5340856,Rejected
951,0,Graduate,No,9714303,15663480,7,416,1048419,13041162,33187917,2106239,Rejected
952,1,Graduate,Yes,1265427,24725653,7,465,678087,18120854,12953361,8353078,Rejected
953,3,Not Graduate,Yes,9678428,28175527,16,306,22975101,9119685,20495840,6267418,Rejected
954,2,Not Graduate,Yes,816334,34501849,5,861,7007133,2389977,32799268,4151252,Approved
955,4,Not Graduate,No,8797606,32294776,5,454,23024718,3445469,6173776,3573886,Rejected
956,3,Not Graduate,Yes,6591350,20631305,15,780,27495423,9712551,13886773,2365679,Approved
957,2,Graduate,No,4922759,12189355,7,561,19305217,11413296,17889255,12198995,Rejected
958,3,Graduate,No,4098192,10540932,6,503,28686109,14242290,273884,13491615,Rejected
959,5,Not Graduate,Yes,1117248,39218939,17,437,27042535,15429360,6547415,9845049,Rejected
960,2,Graduate,No,8057886,24145603,19,793,21030165,11422709,23912231,2415065,Approved
961,0,Graduate,No,7333925,35917880,12,608,23374677,350191,9473409,919547,Rejected
962,2,Graduate,Yes,9385651,17302922,17,570,17560877,10275431,11607178,6123590,Approved
963,5,Graduate,No,7358109,19331656,17,695,6369951,15896835,4875747,1199067,Approved
964,1,Graduate,Yes,9578997,32669682,13,782,2992695,16445719,24964844,14006703,Approved
965,5,Graduate,Yes,8890702,28634933,17,694,11102985,16188408,10127626,13336450,Approved
966,3,Graduate,No,4370810,8170525,2,581,13827050,208654,25544775,9659214,Rejected
967,3,Not Graduate,Yes,7096468,20841149,2,837,10182765,8445075,32454228,4305919,Approved
968,1,Not Graduate,Yes,2790407,8667194,18,838,2968496,11964903,18764878,12761023,Approved
969,5,Not Graduate,Yes,7993272,30128478,4,880,14692817,4801662,35828851,9511840,Approved
970,0,Not Graduate,Yes,6164415,1473442,15,354,14509533,7948028,7694902,5258097,Rejected
971,1,Not Graduate,No,4515194,32717703,9,835,27753066,1888868,37698507,12934266,Approved
972,2,Graduate,No,6356291,36718911,16,416,27770419,3755183,12617966,3082624,Rejected
973,2,Not Graduate,Yes,2916433,1210324,14,672,17913912,112309,11870950,8346650,Approved
974,2,Not Graduate,No,6298980,25011276,3,695,24748218,19003810,38396240,10162164,Approved
975,0,Not Graduate,Yes,4853156,3401975,8,423,9106526,16678369,17872405,13345744,Rejected
976,1,Graduate,Yes,3353430,14418824,15,304,28207877,7833988,29301341,2020167,Rejected
977,0,Graduate,No,9760184,13489523,19,867,27398166,83965,31459023,4228563,Approved
978,3,Not Graduate,No,824767,20672233,17,835,3646284,6504098,17570648,12346557,Approved
979,2,Not Graduate,Yes,7625450,36270455,18,405,20377899,8420858,12461785,7344348,Rejected
980,3,Not Graduate,Yes,2258047,18394558,20,661,13320960,3278763,19260546,11096106,Approved
981,3,Not Graduate,No,2380696,15912324,18,391,7742943,12836681,15097612,11370873,Rejected
982,4,Graduate,No,1713310,3936941,13,640,11988756,19356659,16323560,4482127,Approved
983,3,Graduate,Yes,1203609,35090479,8,490,26379521,16371937,9301159,4871991,Rejected
984,3,Not Graduate,No,1414223,12636259,11,751,26896231,16607396,35862138,7331059,Approved
985,3,Not Graduate,No,8360208,18427409,17,644,10016595,16120142,22436798,410457,Rejected
986,3,Graduate,No,9277577,3918237,10,599,13438471,1357464,31226303,11748150,Approved
987,3,Graduate,Yes,5930832,11623034,17,709,15021748,10698859,25843254,1697412,Approved
988,1,Graduate,No,335706,21991329,15,585,21345817,10975625,13837308,13743181,Approved
989,1,Graduate,No,8672079,35605292,5,307,13945384,1957959,12482826,11448144,Rejected
990,4,Not Graduate,No,6098206,13192623,19,658,11521514,2859583,38508381,5176759,Approved
991,2,Graduate,Yes,5304543,22278294,18,767,26877658,10965090,949836,1062552,Approved
992,3,Not Graduate,Yes,9485244,34625206,13,594,10846215,13886159,11559801,11612879,Rejected
993,1,Graduate,No,4216017,14430984,5,405,7730803,4056672,28847586,6593346,Rejected
994,2,Not Graduate,Yes,3728521,11857215,6,304,9514637,9391218,21397500,2858666,Rejected
995,3,Graduate,No,7842218,2040754,17,478,9699226,1458983,24170613,6314842,Rejected
996,3,Not Graduate,No,5365561,35891959,2,761,16153724,2141545,845167,13282040,Approved
997,3,Not Graduate,Yes,7225430,4648578,11,493,19210661,11256367,8584752,10120647,Rejected
998,2,Not Graduate,No,7018680,8744406,13,874,3909252,10806554,23497136,10087875,Approved
999,5,Not Graduate,No,8426533,5760964,6,499,25800516,14551664,12334188,7564078,Approved
1000,3,Not Graduate,Yes,3308263,28034493,18,556,7374659,17667107,18441263,2245268,Rejected
1001,4,Not Graduate,No,905886,14601582,11,756,3343127,3685983,37518852,13959130,Approved
1002,4,Graduate,No,4880989,27934942,3,668,19448257,6619176,25015382,10875485,Approved
1003,3,Graduate,Yes,6546015,24107452,8,324,6107610,16603968,24703978,7573212,Rejected
1004,5,Graduate,No,8207608,891415,9,345,21826477,985628,7700917,10643647,Rejected
1005,0,Graduate,Yes,2817136,12357532,6,418,27587803,16068647,23342728,5334098,Rejected
1006,5,Not Graduate,Yes,7504486,460036,19,823,20152533,18337017,37633626,10911772,Approved
1007,5,Graduate,No,8355533,2868683,8,313,22619345,1938947,25075876,14228792,Rejected
1008,3,Graduate,Yes,8122805,18841733,11,343,14398154,2750904,30776726,5069698,Rejected
1009,4,Not Graduate,Yes,8119098,10680502,12,767,10070630,13274684,37414225,123280,Approved
1010,3,Graduate,Yes,9875934,3793298,6,674,17845290,9216008,35329926,10875063,Approved
1011,1,Graduate,No,6679258,16320321,12,891,10407172,19159288,13322475,12525248,Approved
1012,4,Not Graduate,Yes,3829209,18014731,8,431,25497554,10566736,11585977,12150579,Rejected
1013,1,Not Graduate,No,4477530,39196982,2,696,13663435,12708981,11011906,14333835,Approved
1014,1,Not Graduate,Yes,7521495,26232708,9,380,14520335,4599496,30193577,5102794,Rejected
1015,3,Not Graduate,Yes,2518038,15705087,13,654,19607565,6295058,14768305,13495410,Rejected
1016,5,Not Graduate,Yes,6107289,18853256,4,363,5509520,3441909,32242759,3056977,Rejected
1017,2,Not Graduate,Yes,5812769,3796460,16,845,16326296,2849296,31397204,8630874,Approved
1018,2,Graduate,Yes,6732727,15456752,14,550,21939526,2194894,26104010,13051834,Rejected
1019,0,Not Graduate,No,4328448,23079701,7,453,22585090,17319581,4741587,13456639,Rejected
1020,0,Graduate,Yes,7450765,1122382,13,891,6546027,1357132,27904838,9124202,Approved
1021,0,Graduate,No,900041,36349891,7,339,1576253,10019434,8107528,8027413,Rejected
1022,0,Not Graduate,No,7547367,20491184,14,780,5651552,9857655,21662859,6767691,Approved
1023,5,Not Graduate,No,8156505,31138472,4,606,23834085,1084529,8947224,12752902,Rejected
1024,5,Graduate,Yes,8880303,11103426,13,713,7724087,16335203,2431301,12932235,Approved
1025,4,Not Graduate,No,9243353,33079758,3,456,1689294,9713468,24945993,3521785,Rejected
1026,0,Not Graduate,No,3623352,14680499,2,829,17380163,2459120,17692581,1999282,Approved
1027,0,Not Graduate,No,654581,36686687,6,571,25636341,2496962,25150054,11964893,Rejected
1028,1,Graduate,No,6604117,20768327,5,551,6531614,13592009,19229010,11915593,Rejected
1029,3,Not Graduate,Yes,1084168,25252505,11,574,1258704,12021903,14577946,1466794,Rejected
1030,2,Graduate,No,2946846,8288724,5,478,4077537,8004842,10826737,7215072,Rejected
1031,2,Not Graduate,Yes,7084268,39300972,6,491,3719923,7860032,34517785,7445495,Rejected
1032,1,Graduate,No,6026773,7851459,3,384,5951686,683350,29582355,625106,Rejected
1033,4,Not Graduate,No,6145134,1604637,18,592,5243365,617940,18183763,9761507,Rejected
1034,1,Graduate,No,7561517,17541387,15,585,18537072,10397862,1243681,14297406,Rejected
1035,0,Graduate,Yes,1814293,33025716,6,528,6490777,7054946,38610813,3109391,Rejected
1036,4,Graduate,Yes,7951811,36410178,4,892,15956030,4888960,28958518,11437581,Approved
1037,5,Not Graduate,No,5948057,33894819,18,367,11691276,7354527,867204,1189906,Rejected
1038,0,Graduate,No,4317220,21979969,14,847,19041794,11741929,8242740,3156910,Approved
1039,2,Not Graduate,Yes,4743877,36234656,18,820,19074526,5688182,6666545,8308321,Approved
1040,4,Graduate,Yes,5185458,19587552,5,313,17253528,6776866,35388860,13578325,Rejected
1041,4,Graduate,Yes,5593527,19044243,8,721,25974758,5486179,37411178,13015759,Approved
1042,5,Not Graduate,No,3471728,7385437,4,425,5711112,12929174,16216775,13749579,Rejected
1043,2,Not Graduate,Yes,2385752,31180032,10,324,15263031,1062889,6972478,14517135,Rejected
1044,2,Graduate,Yes,1856556,12690912,5,817,15495451,17818965,25178038,11766844,Approved
1045,4,Graduate,No,3538923,7947151,2,369,4073135,10757475,10684950,5341499,Rejected
1046,0,Graduate,Yes,2753070,14786228,11,479,9291778,4744164,4741996,1869405,Rejected
1047,1,Not Graduate,No,5258149,23942705,20,358,27383818,14733588,10152707,12086556,Rejected
1048,3,Not Graduate,Yes,9138943,10884152,14,385,23299800,18232905,9952268,2739805,Rejected
1049,4,Graduate,No,1259353,14358890,16,337,12398162,1129274,2103535,7653508,Rejected
1050,0,Not Graduate,No,3227901,13240451,17,806,3215149,3963591,27463856,11084284,Approved
1051,3,Graduate,No,681687,23670007,20,335,18871166,2791977,13805475,509101,Rejected
1052,2,Graduate,Yes,9752642,28291690,4,756,8762102,1371480,21573933,13432944,Approved
1053,3,Not Graduate,Yes,7067506,26781972,6,394,9587437,14330992,21579901,4459290,Rejected
1054,5,Not Graduate,Yes,2566485,5833527,13,849,2822159,3738399,30202713,3160766,Approved
1055,0,Graduate,No,4259576,13905092,17,809,8412522,7440663,29882567,5466038,Approved
1056,5,Not Graduate,Yes,7286097,25721009,16,678,6232661,15809383,22085371,6774169,Rejected
1057,2,Graduate,Yes,9585671,8776541,15,797,989189,11868191,32851491,6680807,Approved
1058,4,Not Graduate,Yes,5824252,3023282,7,479,17069999,13144591,22317782,2275471,Rejected
1059,2,Graduate,No,2854922,12910166,8,770,28212153,1895362,1026524,2783296,Approved
1060,1,Graduate,No,7029327,26905907,3,433,3665447,18834182,33643752,7026715,Rejected
1061,4,Graduate,No,6920319,26327124,7,669,1526272,1604725,30165597,3329138,Approved
1062,4,Not Graduate,No,6510788,5387504,4,852,2927977,13770649,16647844,9445178,Approved
1063,0,Not Graduate,No,650486,26833470,19,734,15885433,12405357,15149561,13217221,Approved
1064,4,Graduate,Yes,7126136,7921615,3,462,24034004,8005046,35085753,272756,Rejected
1065,4,Not Graduate,Yes,392320,29359624,8,743,9010380,16259638,16691302,531077,Approved
1066,2,Not Graduate,Yes,9074361,22507802,18,830,3442504,17313160,14590837,9451029,Approved
1067,5,Graduate,Yes,8843195,5260235,20,834,2791930,1363356,28710705,420317,Approved
1068,3,Not Graduate,Yes,5722001,14027125,9,744,17694352,18587693,12880892,9404323,Approved
1069,2,Not Graduate,Yes,6531423,32385882,10,740,10381016,4677731,15833481,7208191,Approved
1070,0,Graduate,Yes,864918,17261936,11,771,10243525,15358105,30553314,6688624,Approved
1071,4,Graduate,Yes,8769372,27275394,17,742,6944056,15922431,8752664,8916276,Approved
1072,1,Graduate,No,2854089,29632092,16,380,26084283,10798807,452618,13162413,Rejected
1073,4,Not Graduate,No,2768634,1495799,11,783,10909443,16747641,13193763,1874038,Approved
1074,3,Not Graduate,No,7140546,36813834,9,408,20589706,16019856,6749931,1981839,Rejected
1075,2,Graduate,Yes,9401064,13455436,9,634,21601015,10139044,14181522,10240593,Rejected
1076,0,Graduate,Yes,5041931,31401527,14,504,1729419,3473467,2813216,754283,Rejected
1077,4,Graduate,No,5173653,18595081,17,428,7229022,8430558,23103463,6304703,Rejected
1078,0,Graduate,No,5575809,22916986,3,469,26058122,17466790,20074519,7288718,Rejected
1079,2,Graduate,Yes,3053165,14436205,16,350,25690270,3932556,10673878,5758225,Rejected
1080,5,Graduate,Yes,6046489,33746321,11,564,12044457,19391444,24620383,7835607,Rejected
1081,5,Not Graduate,Yes,9617649,4902742,4,551,4545745,3525071,5665763,1668166,Rejected
1082,5,Graduate,No,3949767,35427777,3,542,8678418,12903719,406737,3920331,Rejected
1083,5,Not Graduate,Yes,7776241,8427974,8,355,27623913,12435128,18692896,74452,Rejected
1084,3,Graduate,No,7784176,34919879,6,664,19577956,3800247,6329371,14135927,Approved
1085,1,Graduate,Yes,8538165,1262806,3,401,2195516,9162752,33553805,12229977,Rejected
1086,5,Not Graduate,No,7290642,839884,7,814,20893041,2802071,11859621,3729790,Approved
1087,4,Not Graduate,No,9230191,3948624,17,314,4275955,7076541,16808044,534160,Rejected
1088,5,Not Graduate,No,7200134,21776498,15,333,8824597,18612639,11533672,3971378,Rejected
1089,3,Not Graduate,Yes,9766330,10738964,5,480,14015431,1053188,16997246,14054150,Rejected
1090,0,Graduate,No,7210040,23737518,14,545,10233205,16904244,3807602,11921500,Rejected
1091,3,Graduate,No,8401703,32442835,10,882,20319164,13143746,36606986,9688062,Approved
1092,2,Not Graduate,Yes,8925509,1364299,16,615,4549217,14524369,6775620,13565508,Approved
1093,5,Not Graduate,Yes,9837370,20944190,6,527,25522455,5473150,15505313,2596296,Rejected
1094,2,Not Graduate,Yes,6034849,29279906,3,803,17269207,18412913,33204429,7881254,Approved
1095,1,Not Graduate,Yes,7160196,16940317,7,444,27846053,4916095,16718470,11670406,Rejected
1096,0,Graduate,Yes,9677308,36561928,20,839,13923128,9766032,27462780,280093,Approved
1097,5,Graduate,No,3926351,26256788,12,542,12123771,713755,2680633,6394810,Rejected
1098,4,Graduate,No,1368088,1653682,3,487,614984,17222280,11606899,5224892,Rejected
1099,0,Not Graduate,No,8865918,21527214,20,481,28989599,13668079,29786981,2599208,Rejected
1100,2,Not Graduate,No,6393198,15351001,17,305,24630371,3158714,10325572,3291915,Rejected
1101,2,Graduate,No,4399140,5455346,12,704,5133664,12844755,16226417,14231440,Approved
1102,2,Not Graduate,No,7225880,37555838,16,646,27579746,3546508,3143808,7511965,Rejected
1103,5,Not Graduate,Yes,520014,9026836,5,681,23166494,8621544,19778907,1199707,Approved
1104,0,Graduate,No,4876760,3567959,13,691,12248389,9939455,13677112,10033805,Approved
1105,1,Graduate,Yes,2801621,9022876,19,316,27007950,18066905,33727661,8689687,Rejected
1106,1,Not Graduate,Yes,3024442,32563061,10,827,16270182,6450687,15604324,5768813,Approved
1107,1,Not Graduate,Yes,9699309,23818139,2,607,20022381,248589,32425701,5836355,Approved
1108,5,Graduate,No,5590367,32442878,16,715,5331207,8390873,35443920,7899191,Approved
1109,5,Graduate,Yes,1576234,18395675,15,321,3181395,17975084,32889421,13653533,Rejected
1110,0,Graduate,No,3774527,4885641,16,757,15356926,15485021,29130135,11169946,Approved
1111,3,Not Graduate,No,2577989,15493334,14,707,9502353,1146015,22890875,5887116,Approved
1112,1,Graduate,Yes,9109416,8130976,4,521,28567859,1036104,18782827,3618361,Rejected
1113,1,Not Graduate,Yes,3054453,22120256,4,862,2492875,14682509,3185990,1597976,Approved
1114,1,Graduate,Yes,3696565,10861463,17,691,22197997,13984370,5286404,2880728,Approved
1115,1,Graduate,No,3474724,38328539,18,845,17510870,10809865,14904039,2020428,Approved
1116,2,Graduate,Yes,1921928,15086397,3,793,25577588,1711647,25721536,11842833,Approved
1117,5,Not Graduate,No,7845768,12616383,13,423,29046130,5433096,195046,8464154,Rejected
1118,3,Graduate,Yes,5848614,38892228,11,898,25333492,16441520,36691682,544247,Approved
1119,4,Not Graduate,No,4482385,20691661,8,746,10905359,2705364,38915589,13615188,Approved
1120,2,Graduate,No,4080727,6983017,14,414,20242595,3916856,3059358,2213769,Rejected
1121,0,Not Graduate,No,6733511,19130505,19,776,4741700,8772493,3778655,9488092,Approved
1122,0,Graduate,No,1139801,10283980,17,557,14141056,14257815,33265424,181644,Approved
1123,1,Graduate,Yes,9331345,28392407,4,819,7817429,16068246,7834819,8655870,Approved
1124,1,Not Graduate,No,5735455,22789062,10,404,7279675,11482460,7060490,8164156,Rejected
1125,5,Not Graduate,Yes,2431039,28927379,19,456,16610337,9554323,7339043,13360456,Rejected
1126,5,Not Graduate,Yes,5470895,37153330,6,508,3693128,7481068,27490212,8821260,Rejected
1127,5,Graduate,Yes,8550110,28879572,18,570,16556787,847925,5199255,7191094,Rejected
1128,3,Not Graduate,No,1897331,13650218,11,679,11666612,5190203,7207156,7806151,Approved
1129,3,Graduate,No,5333709,8199567,11,433,6687786,4166110,15588715,9309791,Rejected
1130,3,Not Graduate,No,6056854,21051299,6,724,16357803,1114710,23520531,6089754,Approved
1131,2,Not Graduate,Yes,8138340,17904451,19,314,21845507,14454527,38812332,10493612,Rejected
1132,4,Not Graduate,Yes,5760118,12571587,12,498,17751066,6855576,9314883,7776728,Rejected
1133,4,Not Graduate,No,7416813,32098048,12,696,2561157,9886146,9991394,14247223,Approved
1134,4,Not Graduate,No,7781404,35947218,10,459,16356185,3890257,21234564,2850885,Rejected
1135,3,Not Graduate,No,8933067,15255983,3,559,18130472,11469960,16375052,10719547,Rejected
1136,0,Graduate,Yes,3743385,26990843,16,664,19888795,2636702,23526188,12145768,Rejected
1137,4,Graduate,Yes,7097915,38882801,8,449,12387839,13147965,9661572,10556684,Rejected
1138,2,Not Graduate,Yes,2637843,766171,6,879,2761475,14326863,24245996,14417363,Approved
1139,4,Not Graduate,No,8474118,14599640,16,809,3700793,6041748,36278582,6380539,Approved
1140,3,Not Graduate,Yes,9521955,29223021,5,883,9658351,4122790,28815717,7947156,Approved
1141,5,Not Graduate,No,3083259,19808540,14,597,18460596,15134929,2705959,2263179,Rejected
1142,2,Graduate,Yes,5699932,31341962,11,506,21506362,4329266,35369521,5503026,Rejected
1143,5,Graduate,Yes,8258925,18901403,17,897,19585738,3457455,27572786,2347268,Approved
1144,5,Not Graduate,No,465971,2824511,2,737,9085567,6605340,24583420,11639205,Approved
1145,1,Not Graduate,Yes,7109196,17299621,16,776,12804590,18751392,6060230,11498109,Approved
1146,2,Graduate,Yes,8242975,16156612,6,409,1361572,8975471,21707100,2838157,Rejected
1147,3,Graduate,No,8738018,33448750,18,822,23221591,5095863,26539672,11802738,Approved
1148,4,Graduate,Yes,2128229,6076099,8,617,10285658,9966027,24442533,4715371,Approved
1149,4,Graduate,No,7620224,6386789,2,764,14821112,6758931,4862274,10726973,Approved
1150,5,Not Graduate,Yes,7903156,5846745,11,795,13084473,12892197,1610939,13817714,Approved
1151,2,Not Graduate,Yes,227943,22552457,3,363,8315454,8513597,18793056,12192371,Rejected
1152,3,Not Graduate,Yes,7110592,39325921,7,359,4894364,11417327,28116323,2738524,Rejected
1153,2,Not Graduate,Yes,6336979,24549182,15,339,27749797,8464685,15161322,2649872,Rejected
1154,5,Graduate,Yes,9694375,32298520,12,686,3477000,9344667,26953345,1648098,Approved
1155,1,Graduate,No,621505,33667876,15,849,27471681,8674816,37919977,12376899,Approved
1156,3,Graduate,Yes,9662678,23843753,18,318,3294089,7642440,34867795,8031399,Rejected
1157,0,Graduate,Yes,5799919,24180646,10,383,2782582,18697473,24727719,2291264,Rejected
1158,5,Not Graduate,No,2889224,9828120,12,592,26278532,5156252,28545831,8635034,Rejected
1159,2,Graduate,Yes,3997287,37932798,3,535,27530965,15625088,3457671,7789534,Rejected
1160,2,Graduate,Yes,7711206,31182865,7,361,26052943,13772886,3340224,8778106,Rejected
1161,3,Not Graduate,No,9961271,34488975,15,666,22566537,10242506,27474749,9330371,Rejected
1162,2,Not Graduate,No,3305180,38861480,3,844,14335555,6159525,31400111,2417829,Approved
1163,5,Graduate,Yes,9840421,13970606,8,427,3103345,9386241,7610225,5692328,Rejected
1164,3,Graduate,Yes,6366140,5934909,4,301,17214716,16481879,23222263,10600827,Rejected
1165,3,Not Graduate,Yes,2081750,34008333,18,435,15112365,3529743,11217094,13363734,Rejected
1166,0,Not Graduate,No,6057912,18840033,12,410,21407216,11371551,4254860,3561532,Rejected
1167,0,Not Graduate,Yes,8057320,37872331,14,580,1017083,14838104,14834967,8395256,Rejected
1168,2,Graduate,No,734526,27524142,14,364,2250314,12298518,17552786,13937107,Rejected
1169,5,Graduate,Yes,973359,10382129,6,516,17135740,2796594,30428037,8837479,Rejected
1170,5,Graduate,Yes,250781,14208991,2,371,24887001,9870530,33889354,3350970,Rejected
1171,3,Not Graduate,No,5789665,24220185,9,706,27155760,3550348,37007972,8582241,Approved
1172,3,Not Graduate,Yes,766087,15757458,5,581,16551726,18013987,4095099,254478,Rejected
1173,2,Not Graduate,Yes,9334636,11346713,8,345,10714903,6823694,36233938,7189774,Rejected
1174,1,Not Graduate,No,1453832,8525317,8,326,13736122,8178954,20297403,8347324,Rejected
1175,0,Not Graduate,No,901791,25763037,16,593,14800992,16635498,6690798,830350,Approved
1176,2,Graduate,Yes,2724994,3970798,8,655,18015675,8283187,25376352,2981863,Approved
1177,1,Graduate,No,7679211,1967370,4,404,6622005,3762443,2368208,14534693,Rejected
1178,1,Not Graduate,No,9088162,29080171,20,494,11313014,17324481,18096307,9240035,Rejected
1179,1,Graduate,No,2659835,1449471,2,664,15741535,12571076,32478494,6739609,Approved
1180,0,Graduate,Yes,5282600,16756937,5,583,24757757,11735194,38073173,3369436,Rejected
1181,3,Graduate,No,7782855,5055932,8,369,23354922,1466333,11298155,1825045,Rejected
1182,5,Graduate,Yes,8009539,23322441,3,535,21935924,8713485,6842206,6292840,Rejected
1183,4,Not Graduate,No,1698596,1648980,19,418,6264015,8910618,22846783,8019605,Rejected
1184,2,Not Graduate,No,8415456,1313806,8,856,11830267,5085731,6167409,2638861,Approved
1185,2,Not Graduate,Yes,8699326,16411555,16,783,16106464,10950442,38362196,11772811,Approved
1186,1,Graduate,No,7402443,27561305,4,487,28160286,4753862,12848917,6303526,Rejected
1187,0,Graduate,Yes,5367029,4597294,11,441,10320119,9136270,7307742,820686,Rejected
1188,3,Graduate,Yes,4035574,19742861,4,380,26723952,15547825,9333710,2006848,Rejected
1189,3,Graduate,No,8916169,32064786,6,742,21763077,14264345,14694350,12665856,Approved
1190,0,Not Graduate,No,8665822,24809840,9,851,18443181,5421641,29072031,4968203,Approved
1191,2,Not Graduate,No,5278571,29711737,18,464,20429325,4026123,34009878,5481156,Rejected
1192,1,Not Graduate,No,7472088,12674184,7,684,23078686,111311,28865959,2924294,Approved
1193,1,Graduate,No,4118976,37227321,16,441,20334778,6703721,25479237,11874703,Rejected
1194,4,Not Graduate,Yes,7482884,6016150,3,851,19572393,377536,10589510,11996697,Approved
1195,3,Graduate,No,1075384,24028205,6,479,10994071,2487773,36752077,3564352,Approved
1196,3,Graduate,Yes,9035429,17368814,13,357,12451282,18981010,39188785,10721505,Rejected
1197,4,Not Graduate,Yes,5252374,1544529,10,829,17439027,16599935,24763397,6649177,Approved
1198,5,Graduate,Yes,6066902,37303982,11,868,24547354,10860855,30696584,2452245,Approved
1199,4,Graduate,Yes,2056035,27828059,14,538,18946578,15026136,11899942,11699582,Rejected
1200,3,Not Graduate,Yes,5380029,9229526,3,845,28745995,9487077,17532284,1218696,Approved
1201,5,Graduate,No,230918,2352373,15,446,19811686,11665498,31560257,12853164,Rejected
1202,2,Not Graduate,No,8923593,26792889,18,462,11860316,17806795,16628183,378445,Rejected
1203,5,Graduate,Yes,7538906,21667581,16,622,16739959,1525056,29763139,4748141,Approved
1204,4,Not Graduate,Yes,4653725,2253866,7,660,18138361,6822735,33706912,3332075,Rejected
1205,3,Graduate,No,8391209,38954359,8,531,25224018,2309274,36597862,3458870,Rejected
1206,5,Graduate,Yes,8153393,28449512,20,780,7447421,15422952,11431674,7058607,Approved
1207,3,Not Graduate,No,1366959,18436103,17,774,7240038,15958036,18665743,11049563,Approved
1208,4,Graduate,No,727694,9646737,19,372,5874500,14003110,15123898,5878282,Rejected
1209,1,Not Graduate,Yes,2684889,10924990,19,895,1623977,11813370,19711300,7583088,Approved
1210,5,Graduate,No,212641,17999469,10,395,19642943,9255671,29114700,14281035,Rejected
1211,3,Not Graduate,No,5816701,2540398,4,616,28008850,455970,12693865,7318475,Approved
1212,4,Not Graduate,No,5377266,14715921,6,554,17859255,15027858,9133165,11646010,Rejected
1213,2,Graduate,Yes,5472184,8824205,7,571,1767351,17343395,10535326,5656648,Rejected
1214,5,Graduate,No,921396,4723341,17,377,10612152,18736100,30030507,1149344,Rejected
1215,0,Not Graduate,No,9198324,5235350,7,506,26276009,6631905,39063890,3761391,Rejected
1216,0,Not Graduate,Yes,9770122,13846812,8,318,1507723,3891783,4042423,2336306,Rejected
1217,3,Graduate,No,5987295,15297782,18,884,17817491,12687517,38308416,13334609,Approved
1218,4,Graduate,No,253911,14024898,5,386,12822733,339682,1259654,391006,Rejected
1219,4,Not Graduate,Yes,4080548,27346608,14,590,26735345,1169123,20762141,12089096,Rejected
1220,2,Not Graduate,Yes,7237867,20766541,12,429,14933817,15936215,5244666,2031927,Rejected
1221,3,Graduate,No,7537524,7854333,20,406,16440159,18562788,37439354,2212083,Rejected
1222,3,Graduate,Yes,2585170,38416181,11,534,21017420,7829589,29866947,7782432,Rejected
1223,5,Not Graduate,No,8262472,28919975,11,882,23891353,9851562,13961293,1191679,Approved
1224,3,Graduate,Yes,9682010,18724687,18,587,15002603,10561408,26907017,1128049,Rejected
1225,2,Graduate,No,5184986,2227417,20,877,20989546,2686664,33319777,11402012,Approved
1226,5,Not Graduate,No,3939108,36145506,15,797,23436015,4315769,8525272,880058,Approved
1227,0,Graduate,No,5356060,29484782,15,561,15280763,5789731,24886831,8778849,Rejected
1228,5,Not Graduate,No,467377,18393060,18,841,20838772,16330701,11746728,1736974,Approved
1229,0,Graduate,Yes,5329810,6640743,20,509,10572716,8499645,28108991,1258374,Rejected
1230,1,Not Graduate,Yes,463970,4515697,15,601,10331016,13991401,22246854,9840380,Rejected
1231,4,Graduate,No,540929,11663155,7,708,83197,3772327,28153554,5765560,Approved
1232,4,Not Graduate,No,5623059,9321993,14,654,19478798,18495312,24959873,284564,Approved
1233,5,Graduate,Yes,5205750,8505168,6,798,7301343,17138642,24924483,10018310,Approved
1234,4,Graduate,No,9869778,16274693,11,397,23683981,9219886,3316386,14253503,Rejected
1235,3,Not Graduate,No,5175214,2126426,10,599,27696414,4376206,33411258,8247313,Approved
1236,2,Not Graduate,Yes,9801781,13054456,20,699,25487671,18945361,6723142,5597558,Approved
1237,0,Not Graduate,Yes,8109688,34444479,12,498,8015939,15677585,15366919,12404220,Rejected
1238,0,Graduate,No,3505275,34240508,20,821,18969292,9910594,20031890,4947834,Approved
1239,1,Graduate,No,9276463,629836,17,481,21878906,5190433,33288206,9011825,Rejected
1240,0,Not Graduate,Yes,4930496,26902908,18,480,14727578,12055588,24666023,6979748,Rejected
1241,3,Not Graduate,No,6030486,39150768,5,496,14797280,7185153,7189874,10676577,Rejected
1242,4,Graduate,No,1184466,22969691,16,706,12743683,13078072,11225548,7612568,Approved
1243,5,Not Graduate,Yes,2283377,15601416,6,370,8977768,16149781,7838409,7082373,Rejected
1244,2,Not Graduate,Yes,5317333,19556198,12,385,16682149,9501566,23166190,6174196,Rejected
1245,5,Not Graduate,No,2858132,8659072,11,767,28840819,934409,28119854,4349122,Approved
1246,5,Not Graduate,Yes,6077076,15873008,6,424,6371400,10917935,27794945,7148990,Rejected
1247,5,Not Graduate,Yes,983138,37027915,20,363,1366954,16657922,29405091,892210,Rejected
1248,2,Not Graduate,Yes,2660404,24297944,18,458,1636644,4332157,27512489,4994088,Rejected
1249,1,Not Graduate,No,6718565,17190409,12,539,16938443,18612123,35370202,1123876,Rejected
1250,5,Not Graduate,Yes,6198722,5184601,2,319,7856247,7029843,35538245,4733509,Rejected
1251,1,Not Graduate,No,9839858,35823925,5,801,13430180,13618668,10767569,5168756,Approved
1252,2,Graduate,No,9016989,6671301,6,370,27663969,3532342,11932492,401534,Rejected
1253,0,Not Graduate,Yes,8144124,28586921,20,542,2226918,756385,2197922,4354928,Rejected
1254,4,Not Graduate,Yes,209362,12182161,9,421,5081888,18406155,10478350,9875467,Rejected
1255,3,Not Graduate,Yes,6104177,11221836,2,477,6230199,13588014,19892891,14257188,Rejected
1256,0,Not Graduate,Yes,2443551,7010437,13,327,13299755,12247386,25822767,9073898,Rejected
1257,1,Graduate,No,2815770,15003163,20,869,20202441,5893247,34313346,10466142,Approved
1258,3,Not Graduate,No,2257211,26842270,12,863,5333688,2096977,23283160,9831659,Approved
1259,3,Graduate,No,4667854,16632311,10,376,3152363,5273615,38081461,13885142,Rejected
1260,4,Graduate,No,1414084,1270918,5,418,2496758,10625880,21683991,13833509,Rejected
1261,1,Graduate,No,5411558,10648971,18,831,23309830,13453676,33626790,1678386,Approved
1262,5,Not Graduate,No,1827792,6578957,3,549,860809,6189511,31677895,6954345,Rejected
1263,2,Not Graduate,No,5104473,16048503,19,337,18189274,4169936,19206292,13345324,Rejected
1264,4,Not Graduate,Yes,6333943,35682238,6,381,16828792,4840632,34199263,12962025,Rejected
1265,1,Graduate,No,1960814,38039559,4,548,2934956,18656658,33844583,7857343,Approved
1266,0,Graduate,Yes,1206405,39403692,8,635,16078576,12232176,12246685,6525965,Approved
1267,0,Not Graduate,No,8101333,4716775,2,679,8346305,19219173,8387660,856328,Approved
1268,2,Graduate,Yes,7437610,19413547,2,392,14985705,121767,4760593,7020926,Rejected
1269,5,Not Graduate,No,2762261,2086887,5,522,3991875,8887147,36109850,7442781,Rejected
1270,0,Not Graduate,No,8892822,19718507,15,456,19434135,8873429,17334398,9304402,Rejected
1271,2,Not Graduate,Yes,2367400,22905750,17,621,23210197,7787515,22220361,7671447,Rejected
1272,0,Graduate,No,9280560,30617232,6,493,91945,7596727,10714103,3173750,Rejected
1273,5,Graduate,No,1310183,13487814,14,422,15509125,1533326,15263052,14231463,Rejected
1274,4,Graduate,No,6669723,1718631,8,789,18841920,624150,15779589,3195134,Approved
1275,4,Not Graduate,Yes,387844,18102964,10,641,82351,15097442,22800334,5624356,Approved
1276,4,Graduate,No,2134485,17039242,8,584,21069463,8545885,6864201,7494528,Approved
1277,3,Not Graduate,No,4166039,24768877,18,380,15798496,3156845,30733121,4309797,Rejected
1278,4,Graduate,Yes,1035906,4213253,11,342,8912590,6742251,15316148,1008564,Rejected
1279,0,Graduate,Yes,4678348,24337005,11,778,14049587,18101128,9412763,8984722,Approved
1280,5,Graduate,No,2473844,16016314,18,882,19849874,9073259,574320,3478873,Approved
1281,4,Not Graduate,Yes,1169747,29269798,14,650,18713523,19217499,3993688,12922375,Approved
1282,4,Not Graduate,Yes,9627181,38865817,4,323,22600748,3133172,28738308,11663158,Rejected
1283,2,Graduate,No,9821941,9222746,5,589,1013962,2374749,33509311,6294419,Rejected
1284,4,Not Graduate,Yes,9630983,29842425,8,468,22911567,10937923,37336783,6816881,Rejected
1285,2,Not Graduate,Yes,1710177,5305566,3,332,1030890,13250314,11675301,13961178,Rejected
1286,0,Not Graduate,Yes,3942805,38913799,15,385,18916412,19037151,24969541,391342,Rejected
1287,5,Not Graduate,Yes,3408717,19154449,11,600,10166611,9040244,10514710,5566691,Approved
1288,1,Graduate,Yes,3392757,29545106,2,556,1853401,3883235,5589271,892898,Approved
1289,0,Graduate,No,4282716,30778354,9,638,20036458,10498229,25220706,2036150,Approved
1290,3,Not Graduate,No,5198104,24137915,17,716,16080321,5955120,29824180,13516876,Approved
1291,1,Graduate,No,4954401,15368117,19,459,19396840,3483748,4571978,1490920,Rejected
1292,5,Graduate,Yes,3058543,29865457,20,472,10940139,1715145,29282354,14063761,Rejected
1293,2,Graduate,Yes,9802292,18971213,19,707,8097470,14036305,11898170,11521707,Approved
1294,0,Not Graduate,No,9800693,26136394,13,418,18177626,12469626,10910974,9424226,Rejected
1295,5,Graduate,Yes,3445962,24339588,19,346,6287565,3232286,1238629,10906993,Rejected
1296,3,Graduate,No,2367969,18491388,20,812,23632919,10842290,8013137,2718693,Approved
1297,1,Not Graduate,Yes,5420587,4889146,14,425,19878954,17174819,19110063,1723692,Rejected
1298,4,Graduate,No,3817598,11767816,9,372,29093014,15870910,7414787,5410867,Rejected
1299,3,Graduate,No,9874043,37061835,20,743,788980,8807107,12597084,11236475,Approved
1300,0,Graduate,No,4407835,20690980,9,619,17041064,1111290,20779722,4490365,Rejected
1301,4,Graduate,Yes,589851,25234092,5,388,16202394,12316441,3822858,2583650,Rejected
1302,2,Not Graduate,Yes,1425627,10432944,4,811,24954317,10014443,34303754,11541797,Approved
1303,4,Not Graduate,No,930818,27966586,12,447,12341270,17882747,12113870,9321262,Rejected
1304,5,Graduate,Yes,3951683,19377713,2,706,27250228,10734612,29761991,7895218,Approved
1305,3,Not Graduate,No,3301755,8874963,4,691,6957426,14316026,25384748,6061654,Approved
1306,4,Not Graduate,Yes,8595961,6028508,6,798,24857886,10251699,29452178,11460951,Approved
1307,1,Not Graduate,No,8927744,15784345,12,738,15140674,10492448,11331996,10796089,Approved
1308,1,Not Graduate,Yes,1575537,22463488,11,722,27467399,6158256,6746603,5299505,Approved
1309,2,Not Graduate,No,9457026,11282495,11,330,6319578,7811946,21356060,1904428,Rejected
1310,5,Graduate,No,5923415,9915120,11,863,7572055,5741043,24472089,12781818,Approved
1311,3,Graduate,No,3206731,10868732,20,376,16421758,8965421,37781902,2010982,Rejected
1312,2,Not Graduate,Yes,4185044,11809437,6,452,16057532,18459586,32541541,6308686,Rejected
1313,4,Not Graduate,Yes,4525499,29269177,11,568,4335138,6628457,13993052,13169887,Rejected
1314,5,Not Graduate,Yes,1871260,19861903,13,473,18955110,8987237,18506206,6135398,Rejected
1315,5,Graduate,No,8700689,18689140,7,656,11805663,18355966,37433031,12219620,Approved
1316,1,Graduate,Yes,320894,6671029,5,331,4401934,2933609,27874038,7189747,Rejected
1317,4,Not Graduate,No,883297,21646693,2,572,14853406,4905442,16335953,10952767,Rejected
1318,3,Graduate,Yes,2878764,38025292,8,510,20306498,9567509,32666447,8699544,Rejected
1319,2,Not Graduate,Yes,1607163,29524100,6,688,922499,7941317,5337684,4117687,Approved
1320,2,Not Graduate,No,805923,17820217,5,612,26782511,6618099,26377257,13143444,Rejected
1321,0,Not Graduate,Yes,3957248,12333242,7,754,17771871,15097544,37191745,6871382,Approved
1322,1,Graduate,Yes,3892331,14109346,15,398,7578181,9678344,20669039,6729006,Rejected
1323,3,Not Graduate,No,1430578,1353000,17,870,21834175,7068228,24034107,9680688,Approved
1324,5,Not Graduate,No,8140057,1444506,11,535,24549225,9291932,2349623,13673002,Approved
1325,5,Not Graduate,No,8849223,30732899,3,510,27821740,17200251,23711663,12811211,Rejected
1326,1,Not Graduate,No,7252916,33355571,15,629,23000891,19088664,11369347,5786924,Approved
1327,4,Graduate,No,5317379,38267342,4,398,5910976,4715609,38983894,3399629,Rejected
1328,0,Not Graduate,No,9484361,24832690,3,789,4762220,779618,12536754,4771218,Approved
1329,4,Not Graduate,Yes,3634935,36724163,12,458,6073035,608089,12305648,3860951,Rejected
1330,2,Not Graduate,Yes,4384751,16623082,10,857,25479404,8640790,15484441,4337170,Approved
1331,2,Not Graduate,Yes,347667,10260087,7,389,8870576,12197771,27324559,6332104,Rejected
1332,4,Graduate,No,7136454,9924885,20,819,9612554,995292,37274993,310934,Approved
1333,2,Not Graduate,No,1106478,9576262,3,536,25921233,9860117,13573561,7836265,Rejected
1334,4,Graduate,Yes,6720349,29509387,3,665,5942375,7752980,8187913,12482415,Approved
1335,3,Graduate,No,2327053,689483,13,824,11839543,18101326,29969078,6326217,Approved
1336,5,Not Graduate,Yes,6197768,37362604,9,377,8624175,11709251,21228952,1164735,Rejected
1337,3,Graduate,No,3175108,30672688,17,508,8782199,8208767,17824836,5729546,Rejected
1338,1,Graduate,No,4103539,15227740,2,869,17332816,11380951,38855749,4914670,Approved
1339,4,Not Graduate,No,5392329,27812846,9,389,21568360,9215444,19427950,8737924,Rejected
1340,2,Not Graduate,No,2644845,5587142,4,361,7717522,6397063,24256746,3681714,Rejected
1341,3,Graduate,No,8007242,17210582,2,614,1105514,3511106,38474148,4423697,Approved
1342,0,Graduate,Yes,4067351,4580434,10,314,18606486,7628309,8189300,10943219,Rejected
1343,0,Graduate,Yes,4725765,4694200,15,896,15970502,12396454,35387405,2580061,Approved
1344,3,Not Graduate,No,8183969,549389,4,843,19178987,11312757,37639484,13709031,Approved
1345,1,Graduate,Yes,2431867,31495783,18,413,13100528,18700634,18451232,4374878,Rejected
1346,5,Not Graduate,Yes,4632087,29463054,11,403,22604380,5325309,13182672,12005633,Rejected
1347,5,Not Graduate,Yes,9935964,35304611,11,767,18183373,13573597,6367405,1205760,Approved
1348,4,Not Graduate,No,4117288,38770700,19,612,22046163,10676078,1876531,4703975,Rejected
1349,4,Graduate,No,1332672,38119751,8,794,21275000,16952239,38576115,5544516,Approved
1350,3,Not Graduate,No,2987341,39218456,5,881,14456308,17616089,16909381,6699632,Approved
1351,0,Graduate,No,9567712,921683,16,541,9457162,13725759,26183421,1352170,Rejected
1352,2,Graduate,No,7639500,31040533,4,452,16941294,8220368,9433703,3631442,Rejected
1353,2,Graduate,No,8128654,28650303,18,672,18519740,10347889,12687970,12893450,Approved
1354,5,Graduate,No,2684972,6657604,17,681,16632709,12640448,32099459,13582508,Approved
1355,1,Not Graduate,Yes,8421157,5662987,20,559,15257965,15634476,25729277,6482202,Rejected
1356,2,Graduate,No,4054856,38626211,10,479,9980344,4440632,8622268,1745545,Rejected
1357,2,Not Graduate,Yes,7990193,34895549,13,457,3898463,16935914,214125,4049809,Rejected
1358,0,Graduate,No,8832695,13150287,18,613,12442749,15545744,32138277,13993730,Approved
1359,0,Graduate,No,2240075,3230844,4,556,25658232,1710267,3139256,13507191,Approved
1360,2,Graduate,No,9397236,13377889,7,574,20855212,5231610,1417903,11960755,Approved
1361,0,Graduate,No,6399307,508462,10,357,21958573,4574671,11770847,12685989,Rejected
1362,0,Graduate,No,7362678,27243609,13,829,21442998,11248174,36422966,10460192,Approved
1363,2,Not Graduate,No,7616148,15202077,14,724,26820135,4047462,25265709,9163316,Approved
1364,1,Not Graduate,Yes,1850791,2222728,19,852,6580054,5824800,1653986,11377706,Approved
1365,3,Graduate,Yes,7507721,38705039,11,798,20963773,3670026,35949203,9500905,Approved
1366,0,Not Graduate,No,2286765,32670174,5,671,2023022,1307605,36790761,4988398,Rejected
1367,1,Not Graduate,No,2861340,35765439,5,484,7123870,8911580,27314223,9425767,Rejected
1368,2,Graduate,Yes,1342232,39394054,17,693,855764,6201457,2888698,4349531,Approved
1369,5,Graduate,No,1974970,855571,10,640,12528313,9787638,560142,9188657,Approved
1370,3,Graduate,No,9793447,30682736,13,855,4095145,4113394,34205277,5606886,Approved
1371,5,Not Graduate,No,3415605,31171098,12,439,11257871,5555581,32245127,7165736,Rejected
1372,2,Not Graduate,Yes,3992713,30941719,17,315,3917623,17317871,32588215,2669714,Rejected
1373,2,Graduate,No,4902476,10690126,6,376,1042418,15617543,19076362,14068482,Rejected
1374,2,Not Graduate,Yes,7186804,15600296,5,405,13895935,5163545,23301414,10971493,Rejected
1375,5,Not Graduate,Yes,5823051,36722300,15,698,11946951,3138602,6789704,1575985,Approved
1376,5,Not Graduate,No,5454219,2884118,10,388,12136300,18903809,1410654,6983144,Rejected
1377,5,Graduate,No,8402114,25430303,17,380,10056071,13208876,8668797,6678316,Rejected
1378,4,Not Graduate,Yes,5060244,31372564,4,538,11909907,9551508,24348798,13021406,Rejected
1379,3,Not Graduate,Yes,7736536,31583343,7,769,114182,13568100,15759088,11101478,Approved
1380,3,Not Graduate,Yes,9126777,23708597,20,555,13910793,4288660,24219579,12912208,Rejected
1381,5,Not Graduate,No,6826275,30361044,18,463,24651286,8305761,17276285,6861740,Rejected
1382,1,Not Graduate,No,546139,35946077,3,470,4060444,7592076,21842141,2291052,Rejected
1383,2,Not Graduate,Yes,2782195,30321671,17,791,4186745,13984905,37293982,10602425,Approved
1384,5,Graduate,Yes,6253900,4845745,3,560,22698785,3558563,24755802,3216628,Approved
1385,2,Graduate,No,4893029,9885972,4,521,14577708,9488362,37397571,9358004,Rejected
1386,1,Graduate,Yes,2990700,12260824,19,764,7484420,16173455,37949810,6036411,Approved
1387,3,Graduate,Yes,3487271,13749266,4,521,22834124,3808769,24211694,5139850,Rejected
1388,1,Not Graduate,Yes,967930,14437721,7,514,9457068,2327403,39023884,1746572,Rejected
1389,5,Not Graduate,No,2502296,8918584,4,751,17590407,15931581,9761680,11761086,Approved
1390,5,Not Graduate,Yes,7871231,27084565,13,496,16179924,16946438,20403435,10134678,Rejected
1391,1,Not Graduate,Yes,300404,4621287,3,606,4928120,8352990,2926273,5027081,Rejected
1392,3,Graduate,Yes,8400944,31179611,7,699,21970529,890790,3598584,10842656,Approved
1393,5,Graduate,Yes,3526727,26118814,8,420,17989943,10489434,5191490,14499974,Rejected
1394,4,Not Graduate,Yes,8117224,37972000,14,377,6066940,5812393,5251586,10603850,Rejected
1395,1,Graduate,Yes,2709939,556282,11,811,22046069,11396099,16080149,13957601,Approved
1396,3,Not Graduate,Yes,8322012,11879960,5,478,18057015,2713802,28237754,6912091,Rejected
1397,3,Graduate,Yes,5804643,35514788,10,504,24873647,15619974,38647689,5540213,Rejected
1398,3,Graduate,Yes,8544201,19650547,10,654,23866028,13294151,38492972,12395278,Approved
1399,0,Not Graduate,No,810557,22288045,8,361,9272824,12517287,7004211,9745911,Rejected
1400,1,Not Graduate,Yes,8014747,1435268,12,327,27258560,9939041,17093364,8905932,Rejected
1401,5,Not Graduate,No,2851092,30174629,8,550,987112,4272169,16910326,9436804,Rejected
1402,1,Graduate,No,3716667,10217125,8,881,9723549,18223187,3843118,14606093,Approved
1403,1,Not Graduate,No,638741,38054535,16,644,17691292,5156086,1556580,10105357,Approved
1404,1,Not Graduate,No,9549779,14960937,6,647,15560457,7103906,13839346,11986941,Approved
1405,1,Not Graduate,No,6485896,7693998,8,666,6569863,17969558,33576394,528313,Approved
1406,0,Graduate,Yes,9813024,23577203,4,817,5806095,790532,15092402,10617204,Approved
1407,2,Graduate,Yes,5768258,19015257,15,802,22724046,2426854,15029788,4671232,Approved
1408,5,Not Graduate,Yes,1750242,18757143,15,314,25493960,14776185,39066537,1812551,Rejected
1409,0,Graduate,No,3507304,37534068,14,625,19784557,7138409,14794365,4063662,Rejected
1410,1,Not Graduate,No,4510906,14587422,5,628,15429242,11242312,26914067,12239220,Approved
1411,0,Graduate,No,1643879,15890036,10,434,22499737,11262377,38469997,12018442,Rejected
1412,3,Graduate,No,9328767,24763856,7,886,6985299,16052244,4620350,4491911,Approved
1413,1,Not Graduate,Yes,9587615,6980166,16,457,28155157,12033550,20020428,2823226,Rejected
1414,4,Graduate,Yes,5722254,32781735,8,801,3636742,8267088,13213407,6158040,Approved
1415,3,Graduate,Yes,5927046,9311945,9,360,17010329,10655540,4655119,4877103,Rejected
1416,4,Not Graduate,Yes,7094218,9773900,10,661,9925116,14320714,1903501,6802576,Rejected
1417,3,Graduate,No,6855311,720059,16,742,26315524,7354775,25394457,11525081,Approved
1418,2,Not Graduate,Yes,814156,13740734,15,602,7124861,3318674,25599971,4870264,Approved
1419,5,Graduate,No,5407218,23142283,17,363,18679097,9434379,22028527,2550396,Rejected
1420,2,Not Graduate,No,7815777,27933007,10,374,4546880,19390815,26371379,1594050,Rejected
1421,5,Graduate,Yes,8104026,35523000,17,664,5288760,2175849,28181163,10072386,Approved
1422,5,Graduate,No,6041202,30795272,18,818,12113619,3368751,2253872,2930648,Approved
1423,3,Not Graduate,Yes,8984525,12883874,11,658,23259868,19304989,1333802,3228744,Approved
1424,4,Not Graduate,No,5944783,32655558,14,360,8092729,16098132,13152381,11810956,Rejected
1425,1,Graduate,No,3950563,7926575,19,772,20186629,2270412,22285846,1364309,Approved
1426,4,Not Graduate,Yes,4538081,8505783,17,575,16624111,4121300,35391263,9588370,Rejected
1427,4,Graduate,No,6962248,14336152,7,344,28458047,13401970,38409612,165760,Rejected
1428,5,Graduate,Yes,8887512,21439265,15,521,8751224,15180654,32411188,13859769,Rejected
1429,1,Not Graduate,No,2452897,8262710,10,421,7083870,14238636,11418580,10489903,Rejected
1430,4,Not Graduate,Yes,3076233,35580435,4,892,26265832,16708296,22509132,12069704,Approved
1431,2,Graduate,Yes,6588180,10894741,9,846,9693952,9831088,4548844,9795824,Approved
1432,1,Not Graduate,Yes,7682997,15664458,20,363,6246418,17006833,18997235,5912637,Rejected
1433,1,Graduate,Yes,4111725,24015974,20,643,23905388,11562499,3873026,14631252,Approved
1434,3,Graduate,Yes,6503147,17151417,16,304,23652882,9228937,38919794,11557230,Rejected
1435,1,Graduate,No,266459,16132423,20,575,1830087,12346858,17682068,1305032,Approved
1436,0,Graduate,No,3059123,38905060,12,393,24911602,8318971,28310065,8473509,Rejected
1437,2,Not Graduate,No,9564174,17386312,16,749,18426113,11764023,4079426,7976903,Approved
1438,3,Graduate,Yes,5849627,4731663,5,343,8115130,16175547,37343300,4208625,Rejected
1439,1,Graduate,Yes,8710728,28926322,7,842,15582353,18589066,20543637,6704616,Approved
1440,5,Not Graduate,No,2332965,27959598,5,438,6944602,11242090,2806140,14333812,Rejected
1441,4,Not Graduate,Yes,3050198,8882452,19,458,4912716,111202,14447642,1272029,Rejected
1442,3,Graduate,Yes,9754327,33627218,13,832,3851815,12052770,8316325,13648817,Approved
1443,5,Not Graduate,Yes,9978022,15663935,19,841,4805041,4886814,2702718,10295473,Approved
1444,2,Graduate,Yes,8793089,6211105,9,357,16960535,4579702,1219552,1649317,Rejected
1445,0,Not Graduate,Yes,3307851,7060228,9,365,23576750,17095348,27923630,4487049,Rejected
1446,0,Not Graduate,No,8054236,28306567,14,812,14155693,8655446,34022370,12339495,Approved
1447,5,Graduate,Yes,4696673,8768647,12,887,449454,15334053,25873679,10342741,Approved
1448,5,Graduate,No,8470508,18713738,9,593,12476258,7167308,27213872,1141994,Rejected
1449,4,Not Graduate,Yes,8542339,29076738,8,399,21733085,11772666,1463161,2167093,Rejected
1450,0,Graduate,Yes,4461646,33733323,11,391,24306640,12907238,6963944,13653642,Rejected
1451,1,Graduate,No,3185044,19494167,3,460,21320616,17329189,1344986,2316567,Rejected
1452,0,Not Graduate,No,9753553,35872131,5,711,10750239,3811775,38188271,9175240,Approved
1453,0,Graduate,Yes,4615295,12162717,2,358,18905687,10887640,28921182,14634828,Rejected
1454,1,Not Graduate,Yes,4430357,34501409,4,685,1990001,7871587,37467251,2448758,Approved
1455,3,Not Graduate,No,6722754,10112569,5,783,11916963,8998295,35476163,652569,Approved
1456,0,Graduate,Yes,9379350,2823897,3,386,15621905,16465401,8804233,12013757,Rejected
1457,5,Graduate,No,1478582,28733394,3,891,824131,2634968,20049941,13964188,Approved
1458,2,Not Graduate,Yes,9847807,29968727,17,893,417566,10601046,25362782,7581993,Approved
1459,1,Graduate,No,4339034,36611940,5,478,23331701,7523954,29068846,3429795,Rejected
1460,3,Graduate,Yes,450827,36423881,12,367,6409922,17383253,26189634,875383,Rejected
1461,4,Graduate,No,3232217,4308003,3,495,3658079,4198481,17764148,13396176,Rejected
1462,1,Not Graduate,No,4732449,24656859,19,455,17228779,4511032,157456,11736882,Rejected
1463,0,Graduate,Yes,6832388,27913797,6,467,8170915,1762447,36804071,13177425,Rejected
1464,0,Not Graduate,Yes,5750373,23854342,16,855,28499974,8534124,27000167,11588571,Approved
1465,5,Graduate,No,1532500,1032947,14,393,27551383,209783,32780721,6363333,Rejected
1466,0,Not Graduate,No,4984690,2064211,16,490,23976779,9708074,8676535,7086281,Rejected
1467,3,Not Graduate,Yes,2480768,26585462,13,773,8784155,4337495,4174006,5620192,Approved
1468,2,Graduate,No,2841553,33856495,11,334,25474551,7771007,35331695,10747312,Rejected
1469,4,Not Graduate,No,7171487,7324477,16,336,7424549,11740492,31589614,1472561,Rejected
1470,0,Graduate,Yes,8072203,2119019,17,481,6972467,13279175,32869479,590180,Rejected
1471,5,Graduate,No,1730998,16137098,9,881,28325083,1188004,17262395,14130791,Approved
1472,4,Not Graduate,Yes,6103267,12589576,19,804,19618081,2885164,35487508,4676166,Approved
1473,2,Not Graduate,No,4335789,38829824,20,857,2500627,6164711,8788061,509471,Approved
1474,1,Not Graduate,Yes,3499293,36593833,15,819,25798933,10076367,29696115,9896369,Approved
1475,5,Graduate,No,7186231,22177797,19,371,4676090,17140090,19380961,5864607,Rejected
1476,1,Graduate,No,2638520,37530010,4,540,19824685,2692183,6464293,3389904,Rejected
1477,2,Graduate,No,7701590,9269428,12,618,12755039,1316769,28122999,6387861,Rejected
1478,2,Graduate,No,4127340,39182502,14,400,508895,12206431,14133729,6621047,Rejected
1479,1,Graduate,No,1129835,18974970,19,896,22921288,18990377,6223402,8996391,Approved
1480,2,Not Graduate,No,7964038,2281836,4,662,19981028,16106813,27790113,13699617,Approved
1481,0,Graduate,No,8549557,7255238,17,812,25734845,10969592,30254873,12951278,Approved
1482,0,Not Graduate,Yes,5718083,7921202,3,455,17803526,387942,12674341,12153251,Rejected
1483,1,Graduate,Yes,7294929,19427424,8,729,21988999,11178355,37900274,7235743,Approved
1484,0,Graduate,Yes,1646028,7739946,15,363,26365283,8864562,27833290,8202549,Rejected
1485,2,Graduate,No,3525087,4310666,7,313,28406693,8670860,877880,1942892,Rejected
1486,5,Graduate,No,3629006,24020427,17,685,16314606,9558449,13177422,8477730,Approved
1487,0,Graduate,Yes,7685268,34503416,19,341,490222,10893474,38195121,9869490,Rejected
1488,0,Graduate,Yes,3649980,3042505,5,465,10064490,13972931,6966994,13038988,Rejected
1489,0,Not Graduate,No,7337329,22273060,6,777,18027640,3727199,37378819,680050,Approved
1490,3,Not Graduate,No,3207076,37943286,3,599,3189493,1449566,20312021,12686968,Approved
1491,1,Graduate,No,6088734,16156631,15,526,3385674,997782,26469459,7621181,Rejected
1492,2,Graduate,Yes,2256105,7472079,18,474,11490092,7876803,26900128,1297961,Rejected
1493,0,Graduate,Yes,5673116,3417603,13,701,26491555,9854103,20058317,14635614,Approved
1494,1,Graduate,Yes,992023,37004279,4,873,9360914,15238335,20274070,6843987,Approved
1495,2,Graduate,No,7400094,16185434,5,744,27217439,8409232,22239196,6048341,Approved
1496,2,Graduate,No,485200,4422162,2,515,23366701,10323604,25161198,2805548,Rejected
1497,3,Not Graduate,No,9992748,34254711,11,553,8818121,18948399,28914106,1078059,Rejected
1498,4,Graduate,Yes,8421870,31738924,15,361,6723365,14547016,17171599,1223330,Rejected
1499,2,Graduate,Yes,5869812,27873513,4,386,24086318,13403805,17078779,3926803,Rejected
1500,5,Graduate,No,9113858,3606798,18,461,22000422,7061789,30510588,4298213,Rejected
1501,3,Not Graduate,No,8125435,3532256,6,532,18341019,2952666,29679619,6807366,Rejected
1502,1,Graduate,Yes,1599221,8879531,11,895,28463215,17849701,25478683,8976463,Approved
1503,1,Graduate,No,7493883,6568362,14,823,2924223,10737739,18074137,14579815,Approved
1504,1,Graduate,No,3897555,21148617,12,367,11226357,1500498,22524580,11677243,Rejected
1505,3,Graduate,Yes,8586923,15678493,11,498,17540553,9356393,22381246,7142101,Rejected
1506,1,Graduate,No,8665316,30300413,8,333,2088540,1768589,17066571,13413402,Rejected
1507,5,Not Graduate,No,9554344,4273903,10,337,28403259,19037609,6998115,8199661,Rejected
1508,2,Graduate,No,4619649,28835871,6,525,16639449,10252626,21000520,6217455,Rejected
1509,5,Graduate,Yes,2092215,36914415,7,876,8965536,15228400,17361295,3195235,Approved
1510,4,Not Graduate,No,1425746,5418912,16,411,6958892,9133982,1999581,6208149,Rejected
1511,2,Graduate,Yes,1821504,25869848,18,709,33196,382844,37454697,602731,Approved
1512,1,Graduate,No,9919670,20253184,18,535,17245905,12386270,26135411,2252812,Rejected
1513,4,Graduate,Yes,5946248,4017061,8,625,28424637,12670356,4460570,13891221,Approved
1514,1,Not Graduate,No,3647642,11778907,8,822,1054198,4443689,8012939,2864166,Approved
1515,1,Not Graduate,No,4603092,31191853,3,798,12046917,13899182,22397305,8336237,Approved
1516,5,Not Graduate,Yes,1894250,34365064,7,797,19266814,4384948,33717839,1506674,Approved
1517,2,Not Graduate,Yes,5793082,14741512,13,547,12540143,13416520,19025181,8837848,Rejected
1518,0,Not Graduate,Yes,4371573,4475748,7,329,18942053,14532725,31843875,14345738,Rejected
1519,2,Not Graduate,No,8020819,9898929,15,892,20737012,2666483,5024267,6728688,Approved
1520,2,Not Graduate,No,407349,33362551,2,897,28098989,5660244,20695822,1875682,Approved
1521,5,Not Graduate,No,9330802,22643410,9,815,17587614,3168076,32432839,336337,Approved
1522,4,Not Graduate,Yes,794469,17174948,7,586,20655876,14109459,33207537,11122644,Rejected
1523,1,Graduate,Yes,4290675,824187,11,468,8787810,4569773,9415054,1513875,Rejected
1524,0,Graduate,Yes,3538150,30981820,2,404,4389330,12429715,26295487,4671135,Rejected
1525,3,Not Graduate,No,7235740,18543588,9,522,2909356,8101024,1555555,12397330,Rejected
1526,0,Graduate,No,6650499,21674157,16,500,3182200,1616546,5537393,7896072,Rejected
1527,1,Graduate,Yes,2128632,33377156,18,465,24076249,17124386,35287816,12833615,Rejected
1528,0,Not Graduate,Yes,5009125,22345966,6,871,1182158,13795915,29038291,12828840,Approved
1529,0,Not Graduate,No,5438609,36679858,10,696,14066275,5075802,8112421,9721952,Approved
1530,5,Not Graduate,No,4746030,22234581,15,434,17849016,17062598,39035613,13761661,Rejected
1531,0,Graduate,Yes,413686,13728144,10,684,19569001,13751449,38912601,535705,Approved
1532,0,Graduate,No,1945418,36469304,12,723,1921107,15842937,1606310,3531385,Approved
1533,5,Graduate,Yes,5136756,25483514,8,614,25040686,3455568,1006162,4071792,Approved
1534,1,Graduate,Yes,2752535,30108151,17,868,12726535,171920,9600841,13395660,Approved
1535,4,Not Graduate,Yes,5544297,26605240,13,880,515721,1198980,31123803,9138455,Approved
1536,0,Graduate,No,1803982,22260352,20,559,3863399,10470449,23431437,3705170,Rejected
1537,0,Graduate,No,7407365,4423485,16,583,25008111,15261443,20094170,3066350,Rejected
1538,0,Graduate,Yes,2046817,10257887,8,430,27445473,17718741,16275622,11830518,Rejected
1539,4,Not Graduate,No,6564951,36036764,8,771,21877242,18642831,18802389,12625556,Approved
1540,3,Graduate,No,8398870,22697175,3,859,9700513,11615278,24992203,224180,Approved
1541,2,Graduate,No,3712288,30652677,13,695,27552512,12246380,2499931,5370585,Approved
1542,1,Not Graduate,No,1566896,7031507,16,420,8023771,5632325,22987049,7867902,Rejected
1543,0,Not Graduate,Yes,256162,8839988,8,611,6797492,22466,8656727,3454630,Approved
1544,3,Graduate,Yes,3733438,37196317,2,777,22259753,3774166,30889187,10669446,Approved
1545,1,Not Graduate,Yes,1331761,16770640,17,325,9382490,1077897,7659830,11141283,Rejected
1546,3,Not Graduate,Yes,8842085,35067165,6,654,15131229,13287982,2779394,12332402,Rejected
1547,4,Graduate,Yes,9735995,31986831,13,695,19249031,9760306,17041618,11555943,Approved
1548,5,Graduate,Yes,9810169,13507195,3,622,4833396,14962326,17272149,12364594,Approved
1549,2,Not Graduate,No,9238865,37520765,3,686,26940575,2872808,20327344,5375681,Approved
1550,0,Graduate,Yes,5949800,30745186,19,838,4840384,17704144,33714108,4393357,Approved
1551,1,Not Graduate,Yes,3385913,5305222,14,375,28886678,13959065,27434040,4645521,Rejected
1552,5,Not Graduate,Yes,4576198,4043762,2,642,8071619,17570901,14220266,12541299,Approved
1553,3,Not Graduate,Yes,2736759,5264205,3,778,12127065,12579888,28483371,9542328,Approved
1554,3,Not Graduate,No,8434374,29322148,11,793,7370454,6582035,19748521,4757611,Approved
1555,2,Graduate,No,4476880,5913035,14,580,15691583,12147785,8771422,10603792,Approved
1556,0,Not Graduate,Yes,3974220,11372398,10,899,23983,11715212,845882,3436380,Approved
1557,5,Not Graduate,No,6961412,17329500,18,494,4963034,3509929,156702,3917337,Rejected
1558,4,Graduate,No,3863149,5617157,14,564,15113657,1969472,8787616,21657,Rejected
1559,5,Not Graduate,No,3696911,13252877,13,795,20194683,12615234,32108042,14204162,Approved
1560,5,Graduate,Yes,2427710,26885096,7,564,28016237,1832573,18175280,3465014,Rejected
1561,1,Graduate,No,859479,38406598,14,506,24367479,1946575,17708786,11056953,Rejected
1562,1,Graduate,No,572196,18716427,18,634,26820598,1386490,15639550,1741050,Approved
1563,1,Graduate,No,4147392,29571499,2,673,23240694,12069883,10034011,529734,Approved
1564,5,Not Graduate,Yes,9953693,21081472,15,882,22596973,17986598,28014471,9921568,Approved
1565,3,Graduate,No,2753772,18579338,18,671,10064032,9642139,500404,1446874,Approved
1566,2,Graduate,Yes,6482471,20704768,10,411,26335528,2957189,23985695,2128378,Rejected
1567,5,Not Graduate,Yes,3384314,37875058,16,331,28030982,9945691,36727157,4856089,Rejected
1568,3,Not Graduate,No,3166523,2630360,8,881,14944663,9357128,34507074,8605137,Approved
1569,5,Graduate,No,1796981,20424558,5,554,3502085,11511202,14476945,267796,Rejected
1570,5,Graduate,Yes,5721565,2314105,17,421,1240613,8401603,33507011,1859076,Rejected
1571,0,Not Graduate,No,6656633,34601079,7,433,14374527,10322974,9314994,4967519,Rejected
1572,2,Not Graduate,No,3631963,23865766,16,363,18473894,6300559,9455817,10354952,Rejected
1573,4,Not Graduate,No,5360983,2152243,7,419,16138776,17579600,13464485,1433276,Rejected
1574,4,Not Graduate,Yes,4866355,24755494,9,768,26081328,10431974,691438,4197518,Approved
1575,0,Graduate,Yes,2854458,17380275,15,693,15612553,6029156,10411801,2834936,Approved
1576,1,Not Graduate,No,6978842,2149242,8,660,19235287,54143,33495254,4537836,Approved
1577,3,Graduate,No,5627852,38648088,17,306,22054621,13166992,29885178,3789914,Rejected
1578,4,Graduate,No,845369,15134822,2,704,26040580,7374897,12901537,9413664,Approved
1579,0,Not Graduate,No,5028537,1232538,2,882,17739570,4830808,12247891,987621,Approved
1580,3,Not Graduate,No,4015937,24323770,3,854,16223079,9299274,13606700,13802496,Approved
1581,1,Graduate,No,8000554,15011660,6,537,2244466,9411321,4663488,3593699,Rejected
1582,1,Graduate,Yes,3204892,26041882,3,660,18692422,15584105,6209076,14576535,Approved
1583,3,Not Graduate,No,9568646,6664421,9,479,5233683,10525952,38915132,10721031,Rejected
1584,2,Graduate,Yes,6227021,32768410,2,834,10730308,13598690,27165884,5251775,Approved
1585,3,Not Graduate,No,1480571,16764030,16,852,15488155,12553515,26559868,4444068,Approved
1586,1,Graduate,Yes,4153051,16792705,4,434,2404794,16485378,10980269,13911000,Rejected
1587,4,Not Graduate,No,8862352,31807250,20,592,20211335,120467,33553615,14647254,Rejected
1588,0,Graduate,Yes,2694932,21791705,18,441,8163481,7300185,6928329,9001125,Rejected
1589,5,Graduate,Yes,7107010,352780,15,669,14962478,13878812,37972381,692514,Approved
1590,0,Graduate,Yes,7876887,22979567,17,476,10192176,2733567,19732917,13325088,Rejected
1591,4,Not Graduate,Yes,6987025,25620276,16,718,10345276,8572212,12967684,7007979,Approved
1592,2,Not Graduate,No,1085709,12532175,18,889,11459021,7780495,29416303,409426,Approved
1593,2,Not Graduate,Yes,3868149,7385824,12,823,1488015,15629409,16354458,11787879,Approved
1594,0,Not Graduate,No,3612473,2409955,13,409,5685295,18683356,10568265,487640,Rejected
1595,4,Graduate,No,3570300,33472379,10,377,22869134,2062852,26798131,5463696,Rejected
1596,0,Not Graduate,No,8814188,465656,13,789,3546395,4157955,28303928,1096237,Approved
1597,3,Not Graduate,Yes,255266,23171472,9,349,14468352,15019693,23647984,6423322,Rejected
1598,4,Not Graduate,Yes,5482364,33076117,4,540,4075102,3390254,18109424,11824577,Rejected
1599,5,Not Graduate,Yes,9825608,14103336,19,897,15678763,9640850,12889032,1897417,Approved
1600,4,Not Graduate,Yes,8779928,8149087,15,569,18731108,18320143,15827890,2027960,Rejected
1601,1,Not Graduate,Yes,6143757,28326064,15,305,13646681,18920796,34275511,14062410,Rejected
1602,4,Not Graduate,No,9979842,25005983,7,886,22450815,18428507,14093218,2595799,Approved
1603,4,Graduate,Yes,4142820,22920261,16,725,7721551,2607376,37913866,1654197,Approved
1604,1,Not Graduate,Yes,6191290,315186,11,498,16234770,2895194,5706773,8605378,Rejected
1605,0,Graduate,Yes,5528934,15965617,3,667,8042467,3414709,6378675,4067392,Approved
1606,5,Not Graduate,Yes,663777,12218927,20,667,14810842,14927385,13039243,14074454,Rejected
1607,0,Graduate,Yes,597164,32972938,20,632,1847872,3473131,116721,2406557,Approved
1608,3,Not Graduate,Yes,8989388,38609283,18,877,7830094,8337004,13343463,8336553,Approved
1609,1,Graduate,No,1901779,27677343,11,772,20591131,15876230,4004943,13536970,Approved
1610,0,Not Graduate,No,3677315,29089573,6,455,22640784,9548984,24247123,10769158,Rejected
1611,4,Graduate,No,6308927,1191465,2,896,7911500,18247569,37565360,425759,Approved
1612,0,Graduate,No,5840297,2808262,15,878,7513398,9674550,38954729,2759693,Approved
1613,4,Not Graduate,No,5239765,30746408,18,328,8688135,7367180,4213863,1840282,Rejected
1614,4,Not Graduate,Yes,9795918,17086430,3,478,8125922,18786408,31081488,13438358,Rejected
1615,0,Graduate,Yes,7913334,20174354,15,669,28910853,10612778,14191640,2968002,Approved
1616,1,Graduate,Yes,9429394,27426302,2,827,18947254,3582425,32780189,821386,Approved
1617,4,Not Graduate,Yes,6655679,13903156,16,730,11227145,12308459,23767202,5625216,Approved
1618,3,Not Graduate,Yes,9795388,27028527,2,645,13443783,14997436,28684006,4157439,Rejected
1619,0,Graduate,Yes,6094070,28793879,20,483,14861288,16266481,32843383,2408303,Rejected
1620,5,Not Graduate,Yes,5508930,9722707,5,358,16091939,110077,35098300,6669745,Rejected
1621,1,Graduate,No,8189604,27193773,9,836,11246367,2102655,5628446,13236530,Approved
1622,0,Not Graduate,No,8714333,6940686,15,620,28355770,12195036,28374123,3324730,Rejected
1623,5,Graduate,No,868978,12475059,18,574,8444561,14393077,5531207,14428237,Rejected
1624,0,Graduate,Yes,9123684,30881770,8,888,12434833,12661952,37001791,9757283,Approved
1625,3,Graduate,Yes,6970691,38835124,20,398,170256,7426912,24632422,5618441,Rejected
1626,5,Not Graduate,No,8996818,2833536,2,452,14305631,14621900,7552092,9978248,Rejected
1627,3,Not Graduate,Yes,7212789,25729373,10,813,24877192,11236393,11475667,5121807,Approved
1628,3,Graduate,Yes,9283802,22634484,20,470,29020352,17963669,35110980,3114312,Rejected
1629,2,Not Graduate,Yes,2896603,24046565,7,866,13768771,7132895,25264482,3447596,Approved
1630,0,Not Graduate,Yes,2038946,31142721,12,815,4058104,14624401,8987236,126291,Approved
1631,3,Not Graduate,No,2117366,3039310,10,359,20948807,2789281,32166861,9534035,Rejected
1632,5,Not Graduate,No,2671160,29278798,9,575,18640360,14203593,28157938,1092463,Rejected
1633,0,Graduate,Yes,2295754,11249296,16,751,27896909,14194089,3013324,2919381,Approved
1634,5,Graduate,Yes,4527854,6348338,11,594,14700155,4923477,11104400,6289,Rejected
1635,2,Not Graduate,No,2141780,17821381,15,429,82391,1196121,33104169,956563,Rejected
1636,3,Graduate,No,1750043,1359441,11,327,26212760,19261090,13752602,13309287,Rejected
1637,0,Graduate,No,5333065,25020528,20,304,19643652,1484274,1473345,349508,Rejected
1638,3,Graduate,Yes,7974795,22455589,10,407,23285299,9087130,23672414,9138485,Rejected
1639,1,Not Graduate,No,1529137,20400334,17,456,3452444,21700,35233986,4817795,Rejected
1640,1,Not Graduate,No,5210724,1498308,13,481,13304050,8098531,21812190,2034998,Rejected
1641,4,Not Graduate,No,6661002,30210891,17,813,13326783,15926628,38244231,4405500,Approved
1642,0,Graduate,Yes,7114730,1678675,18,605,7787162,9736424,4473504,1359939,Rejected
1643,2,Graduate,No,1229767,10592654,6,384,24641358,4650988,26164243,4600082,Rejected
1644,3,Not Graduate,Yes,7390787,15819158,7,350,5472148,7644695,25469585,12018644,Rejected
1645,0,Graduate,Yes,463518,27824554,7,378,2080529,1791502,38582807,9119901,Rejected
1646,1,Not Graduate,No,2521890,16282693,11,488,6818863,11516568,20429029,11922282,Rejected
1647,2,Graduate,No,3329044,32310605,11,744,28797752,79622,32222080,10239562,Approved
1648,3,Graduate,Yes,8559463,36927825,2,329,3301301,6782717,5700081,13632480,Rejected
1649,5,Graduate,Yes,2080225,30289959,19,544,16902322,1177572,1739127,1588047,Rejected
1650,5,Not Graduate,Yes,7867948,1824937,18,569,5328249,4654930,28085867,2341320,Rejected
1651,1,Not Graduate,Yes,9888889,30517186,13,389,11494309,1308201,149389,6047448,Rejected
1652,0,Graduate,No,9607348,8383040,7,335,16058669,18003101,34293457,7677438,Rejected
1653,0,Not Graduate,Yes,3169364,35129477,17,438,567748,14977357,815300,11524789,Rejected
1654,3,Not Graduate,No,1137982,38663058,7,391,7018955,17999872,26990110,1785698,Rejected
1655,0,Not Graduate,Yes,2376228,3599798,7,777,17076551,13251725,17714752,1625327,Approved
1656,1,Not Graduate,No,7734428,4165998,20,850,421977,9627161,25301817,11695901,Approved
1657,5,Graduate,No,2128344,27629910,19,674,14401312,3376520,24436598,8074969,Approved
1658,5,Not Graduate,No,6526805,5917784,13,755,17564779,18665658,17415883,6063526,Approved
1659,5,Not Graduate,No,3863758,38272186,5,757,6265724,17799887,18873695,3264676,Approved
1660,1,Graduate,No,7715172,21479292,4,827,4719365,8064912,19732063,10228635,Approved
1661,3,Graduate,No,6137319,22787106,20,358,14272023,4376877,26543508,11793194,Rejected
1662,3,Not Graduate,No,5937978,34023741,7,899,20912320,7515150,27842497,445611,Approved
1663,1,Not Graduate,Yes,7863064,8818799,14,575,372167,7645875,17624423,793126,Rejected
1664,3,Graduate,No,9557755,22086602,8,626,9829417,17787979,13818108,11435585,Approved
1665,3,Graduate,No,3772847,39451150,11,779,29084798,1297176,1668501,12992161,Approved
1666,2,Not Graduate,Yes,5382723,1165064,20,596,9768594,12278589,30545357,3373448,Approved
1667,4,Graduate,No,6334516,7147350,13,459,9664530,14909693,8865734,10376823,Rejected
1668,4,Graduate,Yes,8265947,6026567,10,311,21466497,14792836,17020511,12389224,Rejected
1669,3,Not Graduate,No,4924187,13453862,9,401,13974464,3748159,38910870,1663808,Rejected
1670,4,Not Graduate,No,3870514,5393098,6,350,11386513,8007230,30764865,2732119,Rejected
1671,4,Graduate,No,8495655,7044837,12,529,22837044,6635773,13557862,1916944,Rejected
1672,3,Graduate,No,9541352,33725212,12,768,895675,7895832,18617083,11614429,Approved
1673,1,Graduate,Yes,5776609,18508904,3,500,20741849,1689298,12730816,11338885,Rejected
1674,4,Graduate,Yes,1214284,14335469,9,658,11077118,1616091,24546362,1971354,Approved
1675,4,Not Graduate,No,3040938,16719939,14,411,25857068,468589,5989448,2563771,Rejected
1676,5,Graduate,Yes,4736913,38348732,3,654,21095720,18754831,37343629,9752233,Approved
1677,0,Graduate,No,7095155,19556643,20,873,27392578,8085803,38696033,13191397,Approved
1678,2,Graduate,Yes,6763557,18683025,18,489,3746924,4422403,11703500,11455103,Rejected
1679,5,Not Graduate,No,8236632,36676950,14,590,5505074,15475086,9034005,2463760,Approved
1680,3,Not Graduate,No,493917,1761475,2,878,26281116,9588781,21138403,5677622,Approved
1681,5,Not Graduate,No,4761318,19050316,11,665,11360635,7072125,25355601,977466,Approved
1682,0,Graduate,No,7070386,29630581,19,539,23732959,2223439,25229428,3591689,Rejected
1683,0,Not Graduate,Yes,9874533,20473352,2,372,19986374,7489024,1648260,8281061,Rejected
1684,4,Graduate,Yes,1595070,34334566,17,863,14542066,12550900,27872311,5064555,Approved
1685,2,Not Graduate,Yes,8815150,35057939,17,666,1310206,12094635,2605715,8919201,Approved
1686,3,Not Graduate,No,276140,13481730,3,334,2149694,7582983,13405247,4359897,Rejected
1687,2,Not Graduate,No,2130155,32356114,6,633,20863096,11893099,28096666,8283214,Rejected
1688,2,Graduate,No,8500568,9863786,15,882,2832517,14892640,34773660,9306079,Approved
1689,5,Not Graduate,Yes,7910208,9697103,19,860,142108,18047693,24898591,2859609,Approved
1690,0,Not Graduate,No,9732955,38616912,16,417,6388316,10250545,6261360,655057,Rejected
1691,4,Not Graduate,Yes,6089322,806697,11,547,26599974,4419005,26662365,4969170,Approved
1692,5,Graduate,Yes,6236471,14143334,13,892,18231158,2511898,1452106,609114,Approved
1693,3,Not Graduate,Yes,5441151,24976384,11,770,20898730,3059385,9054039,2344408,Approved
1694,2,Not Graduate,No,5214764,16509587,12,636,18977995,208365,4850608,4230256,Approved
1695,0,Graduate,Yes,5236598,33418113,16,482,16456025,10827180,38607648,4971113,Rejected
1696,4,Not Graduate,No,3066688,10162167,2,758,7460190,4121504,14439780,4071508,Approved
1697,2,Graduate,No,8563430,21971724,5,647,12481018,4386155,21888306,786174,Approved
1698,0,Not Graduate,No,3694912,5206977,3,614,15853876,14052321,30991191,2602932,Rejected
1699,2,Not Graduate,No,6186553,8578135,17,857,28751520,6201794,38006288,12973164,Approved
1700,5,Graduate,Yes,6758661,7103458,15,526,26166872,16073174,39023351,10537179,Rejected
1701,1,Graduate,Yes,5469519,29361120,3,675,21432491,2658540,6435485,6531359,Rejected
1702,1,Not Graduate,No,6192020,8246082,4,326,23666575,6621899,15441944,349314,Rejected
1703,4,Graduate,No,678827,26545940,7,727,23492225,1000661,15879900,5262853,Approved
1704,1,Graduate,No,3296324,13848756,6,628,19431083,10396946,31212229,13586251,Rejected
1705,5,Graduate,No,4593368,22449276,11,826,24018703,2422032,13158872,11901190,Approved
1706,5,Not Graduate,Yes,4063264,34556501,11,500,2132740,4656257,9066031,11135056,Rejected
1707,5,Not Graduate,Yes,9098808,34142778,8,856,636560,14268318,29598937,3653191,Approved
1708,5,Not Graduate,Yes,8991993,740425,5,645,12928457,17080598,19408739,5923478,Approved
1709,1,Graduate,Yes,7175020,31042301,14,425,1591315,10581469,29304800,419816,Rejected
1710,1,Graduate,No,3652354,37761246,17,396,9876776,18725018,14892446,12626335,Rejected
1711,2,Not Graduate,No,699349,26483722,14,417,5772421,14679423,19072516,1662214,Rejected
1712,2,Not Graduate,No,7600290,7638688,17,481,27868550,14607036,357893,9086856,Rejected
1713,5,Not Graduate,No,8863125,26358540,19,630,19066832,19217727,633001,4146089,Rejected
1714,4,Not Graduate,Yes,4998465,25236640,18,821,1221321,1724402,13671,8382374,Approved
1715,3,Not Graduate,No,8301339,26258343,14,898,18156921,4504616,6868063,12160314,Approved
1716,5,Graduate,Yes,9320545,17109921,2,707,21314770,8480100,13627061,4601362,Approved
1717,3,Graduate,Yes,5557505,20886458,8,594,9462259,11995692,1970414,247545,Rejected
1718,2,Not Graduate,Yes,2253746,25852777,10,668,25688159,19215810,6301432,9747638,Rejected
1719,2,Not Graduate,No,419573,18485728,15,498,28537553,1920882,33202971,7822141,Rejected
1720,3,Not Graduate,No,7618070,30624094,18,447,2709403,4450065,33499260,2053512,Rejected
1721,0,Not Graduate,No,5711810,28116338,14,622,13066636,5784700,11359045,712124,Approved
1722,4,Graduate,No,1706371,12182337,8,797,22602555,13007150,37101787,7716019,Approved
1723,3,Graduate,Yes,734972,24231384,16,338,12885451,18462759,4622567,9016051,Rejected
1724,4,Not Graduate,Yes,9700932,29955724,15,366,13993524,18208131,1230883,1706817,Rejected
1725,3,Not Graduate,No,3339714,19507238,17,406,9554473,14504196,13883556,8807705,Rejected
1726,4,Graduate,Yes,3405453,28328221,13,426,12188075,15000145,10377505,6543660,Rejected
1727,5,Graduate,No,6363314,5265125,14,389,20211457,8061612,3029741,2017045,Rejected
1728,3,Not Graduate,Yes,3771552,15440687,8,378,743941,11811887,33220139,9059186,Rejected
1729,2,Not Graduate,Yes,9146549,27815609,9,316,23261654,3315943,38371199,9490432,Rejected
1730,0,Not Graduate,Yes,6873216,35388289,7,509,21178969,9830080,10599341,2285900,Rejected
1731,4,Graduate,Yes,3706397,25623144,6,734,4034743,5677446,12348309,9900912,Approved
1732,5,Not Graduate,No,2813040,26316072,14,394,22452847,18018998,28160688,3265158,Rejected
1733,4,Not Graduate,No,8628233,13716138,9,495,15172791,7129773,36576214,8778869,Rejected
1734,5,Not Graduate,No,5998989,27776341,4,884,9281663,7657827,11244580,11954888,Approved
1735,5,Not Graduate,No,9199938,14267868,2,401,13253231,7814000,26762964,13776608,Rejected
1736,4,Graduate,Yes,3581969,2340679,18,893,15043619,17484618,906881,3758979,Approved
1737,3,Graduate,Yes,406230,9971517,10,607,6126584,18091007,22191393,4979888,Approved
1738,0,Graduate,Yes,9011348,24259506,12,735,17647465,8362426,38696586,1404674,Approved
1739,0,Not Graduate,No,2546393,38007079,19,494,18310447,19316762,18639482,14247124,Rejected
1740,1,Graduate,Yes,8485640,19735065,4,495,10698476,14676973,25148261,4861144,Approved
1741,2,Graduate,Yes,7156651,34019894,19,536,13401402,16421146,26945300,11792044,Rejected
1742,4,Graduate,No,2471444,30798128,15,376,17913436,17764849,24785593,13746557,Rejected
1743,2,Not Graduate,No,7617062,22293122,14,489,14654184,6450870,26901993,6992582,Rejected
1744,0,Not Graduate,No,999463,31829101,10,837,12633097,10682472,34759118,10198603,Approved
1745,1,Not Graduate,Yes,4045685,16044803,15,302,27825322,5530521,412425,6941795,Rejected
1746,5,Not Graduate,No,3694252,17654405,5,643,25551832,6011669,34676455,8458884,Approved
1747,5,Graduate,No,6636195,29183551,7,713,11047030,9007934,35585122,3668928,Approved
1748,2,Graduate,Yes,5438286,25344343,20,384,20908734,989142,35437403,12354168,Rejected
1749,4,Graduate,No,6199155,20986945,7,366,23576141,4174159,14424166,1808580,Rejected
1750,4,Not Graduate,No,4866844,17281498,15,632,3215549,15699643,22853554,9704752,Approved
1751,5,Not Graduate,Yes,7449795,38553361,19,431,17221275,3216139,13848306,13523827,Rejected
1752,5,Graduate,Yes,1768756,2874982,13,887,23268452,12066992,32940282,11923838,Approved
1753,3,Graduate,Yes,7242853,2460806,7,414,1670177,14853382,15938349,11153063,Rejected
1754,2,Graduate,No,690244,19077947,18,378,9821413,5103085,12269871,9660207,Rejected
1755,3,Not Graduate,Yes,1041533,1644000,17,499,23216064,8891465,26863085,13902258,Rejected
1756,1,Graduate,No,7291717,13663552,12,499,27225041,17021786,1935147,12704589,Rejected
1757,2,Not Graduate,No,1750851,22589552,4,396,28879007,16208322,14739895,4041778,Rejected
1758,3,Graduate,Yes,7747360,16182117,10,699,17558104,17853873,8086453,9172920,Approved
1759,3,Not Graduate,No,1500726,8268545,10,508,1239543,12189750,14654177,6301538,Rejected
1760,3,Not Graduate,No,1637694,11460706,5,616,802518,17211021,17590700,3893660,Rejected
1761,2,Graduate,No,9338305,23988723,9,446,23604287,7730138,2487823,12026909,Rejected
1762,2,Not Graduate,Yes,1937709,37594947,4,357,21369954,11669447,33894831,604436,Rejected
1763,0,Not Graduate,Yes,9152718,30931783,15,336,5640796,12944350,16332353,1885971,Rejected
1764,3,Not Graduate,No,3611591,21758050,10,331,3804370,18945683,14065342,1548207,Rejected
1765,3,Not Graduate,Yes,8014641,5713902,15,823,4241301,7143678,5859556,2969539,Approved
1766,5,Graduate,Yes,9406482,9812225,10,458,25528483,16971229,39035044,7532953,Rejected
1767,3,Graduate,No,1343842,17571842,15,483,22251732,9880878,33539098,13852026,Rejected
1768,2,Not Graduate,Yes,3438598,9969998,15,648,27596411,2022651,18889746,14284995,Approved
1769,0,Graduate,No,5827860,27295750,5,357,3305941,12717604,13112834,13232973,Rejected
1770,1,Graduate,Yes,8682059,14654900,10,661,20231945,19033455,18325527,11164086,Approved
1771,2,Graduate,Yes,2034860,32987452,16,613,26879364,8795911,37666001,6760240,Rejected
1772,2,Graduate,Yes,2030278,10846146,13,775,15506597,10646843,8678579,11399007,Approved
1773,2,Graduate,Yes,3810162,19756688,6,374,22524610,17989604,26833497,3941970,Rejected
1774,2,Graduate,Yes,2204860,28306709,17,310,17520033,17848696,35419572,9757670,Rejected
1775,4,Not Graduate,Yes,2817494,8381220,5,764,204008,7761627,29641140,121701,Approved
1776,0,Not Graduate,Yes,1472508,30148407,20,522,12479685,14750623,34110133,13281275,Rejected
1777,1,Graduate,No,8323524,23263331,15,337,7605632,12240870,37151846,14282376,Rejected
1778,0,Graduate,No,8007749,25688172,8,634,2432258,12562793,2351811,10811251,Approved
1779,1,Not Graduate,Yes,1615623,18117069,5,579,17332073,13977939,9366242,2568609,Rejected
1780,4,Graduate,Yes,5460105,36956003,19,871,27029345,6337444,5661081,3797942,Approved
1781,0,Graduate,Yes,6532556,30559477,11,867,1568408,5913589,22237806,10874321,Approved
1782,2,Graduate,Yes,6350017,7828684,17,623,9579328,524382,15971440,7342389,Approved
1783,0,Graduate,No,9842168,22078582,17,395,19486520,16613176,1596451,8049721,Rejected
1784,5,Graduate,No,6484400,35708520,3,749,9103870,5368683,21856976,5943842,Approved
1785,4,Graduate,Yes,6933135,11253375,14,421,3390397,13080519,3949740,12285474,Rejected
1786,1,Not Graduate,No,522103,21329110,8,803,5567550,13304914,15966684,2431245,Approved
1787,1,Not Graduate,No,976488,29872203,19,660,717185,13648327,14370207,6494032,Approved
1788,0,Graduate,Yes,6265537,11013564,6,513,28879080,16744429,35028965,3268942,Rejected
1789,2,Not Graduate,No,9096926,20595683,2,888,14302514,16836730,26754072,10170236,Approved
1790,4,Not Graduate,Yes,4110557,21976477,14,609,27428625,45523,24468552,4191804,Rejected
1791,3,Graduate,No,6502181,7259825,12,531,19952905,16298015,32602389,4401912,Rejected
1792,5,Graduate,No,2258709,7262330,12,413,10168481,4034691,7076722,2552561,Rejected
1793,2,Not Graduate,Yes,4671848,22372435,7,689,27424054,12520737,10051044,12694595,Approved
1794,1,Graduate,No,7562604,7308453,11,462,7566156,13057513,29491272,3194433,Rejected
1795,2,Graduate,No,6664986,37474147,20,391,5256574,1041657,29363826,12769246,Rejected
1796,1,Graduate,Yes,1319082,20832151,16,371,23436253,5502521,837367,13470982,Rejected
1797,5,Graduate,Yes,8814635,27956238,20,685,16102132,17656709,8792213,14171848,Approved
1798,1,Graduate,No,9285918,15857958,8,853,12297952,2749035,8902308,5045616,Approved
1799,2,Graduate,Yes,4875847,12013092,18,451,17116124,4498397,237379,9626913,Rejected
1800,3,Graduate,Yes,3539359,19370837,9,430,28162632,1589560,25923387,12164495,Rejected
1801,0,Not Graduate,No,5406951,28166229,19,668,8152940,3235062,2132990,1151301,Approved
1802,2,Graduate,Yes,8053393,15884491,18,385,26225406,12374852,32981821,946532,Rejected
1803,2,Not Graduate,No,4633984,11378167,5,353,26505151,16320929,22953898,3041882,Rejected
1804,1,Not Graduate,No,495330,5943901,20,683,22100034,11540280,29859816,14432598,Approved
1805,0,Not Graduate,No,911396,21573402,13,615,4575160,5520585,19488183,1321440,Rejected
1806,0,Not Graduate,No,8153422,26943479,16,317,2616796,16657103,38034102,11242438,Rejected
1807,0,Graduate,No,7913288,20942554,13,442,3503000,7126444,10600668,12331750,Rejected
1808,2,Graduate,No,7765939,10291810,6,419,20431917,6107850,21872532,13328726,Rejected
1809,0,Graduate,No,1438835,9997722,20,709,11639807,9806799,256676,7772353,Approved
1810,5,Not Graduate,Yes,1872628,15080670,4,700,28729102,2652341,32649546,7730897,Approved
1811,1,Not Graduate,No,4066786,13936943,17,749,182738,6912649,22266005,10912907,Approved
1812,3,Not Graduate,Yes,2462373,8287739,5,359,10862812,15503608,6895400,9327707,Rejected
1813,4,Graduate,No,3990864,37233513,16,809,7686155,11800710,32050180,11563262,Approved
1814,2,Graduate,Yes,5673060,13226297,10,425,25653657,19170806,38777558,5304039,Rejected
1815,5,Not Graduate,Yes,2944400,10123462,6,896,3526520,15048832,2686959,13723445,Approved
1816,0,Not Graduate,Yes,1410122,24080672,6,824,11876927,6991557,33153372,6350858,Approved
1817,1,Not Graduate,No,4144570,31700260,8,576,25220255,14874299,28869798,3647880,Rejected
1818,1,Graduate,Yes,7281333,18515956,19,772,28265528,16787782,13893134,11035919,Approved
1819,0,Graduate,Yes,6256489,26460927,16,703,26665493,12238066,24874069,9127168,Approved
1820,1,Graduate,No,3350347,4024335,14,764,19019508,14793382,30787847,734539,Approved
1821,1,Not Graduate,No,3251595,21179062,13,311,4741760,9764871,18790707,2445417,Rejected
1822,4,Graduate,No,5920132,2910182,9,350,2808164,17684754,26125671,537304,Rejected
1823,1,Not Graduate,Yes,1890617,5690583,19,843,11961995,4609784,1894981,8466750,Approved
1824,5,Graduate,No,8369738,23506268,7,769,13940230,8232826,36272084,12861339,Approved
1825,4,Graduate,No,8719802,8319173,19,670,14958766,4925883,36203999,4742138,Approved
1826,5,Graduate,Yes,449078,1734057,9,487,1447106,1965249,8242122,1617112,Rejected
1827,0,Not Graduate,No,9714160,7315923,8,553,19653181,11950322,18715686,12513991,Rejected
1828,5,Not Graduate,Yes,429528,30594586,11,536,11496703,2296110,9357934,10599140,Rejected
1829,3,Not Graduate,Yes,4694121,23302335,16,561,3163651,4387277,15664592,8014229,Rejected
1830,5,Not Graduate,No,6739774,15266478,15,677,26637593,14806049,10790641,2933279,Approved
1831,2,Graduate,Yes,3404793,38456622,16,755,10385318,4675619,33769835,9880602,Approved
1832,5,Graduate,Yes,2195513,15421517,3,530,6757083,16748637,27234335,5383270,Rejected
1833,3,Not Graduate,Yes,665324,34687779,5,800,14328525,953288,33146666,3602926,Approved
1834,0,Graduate,No,7328464,13822239,18,354,27661522,8866124,31081501,4315182,Rejected
1835,2,Graduate,Yes,561145,1289873,20,785,23998087,1303298,28508629,903611,Approved
1836,0,Not Graduate,Yes,4945323,4621882,4,706,2907760,1155675,6532908,7207931,Approved
1837,5,Not Graduate,No,4050243,11030083,19,606,19983856,15344488,32510911,11070299,Rejected
1838,1,Graduate,No,9683282,7613670,6,525,19346016,1294097,30697053,12151923,Approved
1839,1,Not Graduate,Yes,9316372,6464492,20,523,25781860,17309873,4873676,10643860,Rejected
1840,3,Not Graduate,No,8211657,15327200,20,516,28101449,11612846,3439997,12870351,Rejected
1841,2,Not Graduate,Yes,7360944,38546572,14,868,21703868,9361426,29827889,14164840,Approved
1842,0,Not Graduate,No,5520461,8159738,5,316,19035868,17821312,15295028,3264054,Rejected
1843,4,Graduate,No,3622840,9535921,16,681,10290844,7520981,12858936,6372316,Approved
1844,5,Graduate,No,1833295,39312493,3,894,26161015,7751920,15543880,4963432,Approved
1845,4,Not Graduate,Yes,9686855,8191477,8,626,27443004,7952800,34005795,10065845,Approved
1846,3,Graduate,No,3971974,32843930,14,684,28838986,12622024,14256918,12302677,Approved
1847,2,Graduate,No,4401827,24638312,3,659,27780354,16436804,14513073,13081896,Approved
1848,3,Not Graduate,Yes,1583803,36665002,9,603,18677643,10514950,15651546,1317634,Approved
1849,3,Graduate,Yes,2912569,22102514,17,678,27828210,5452556,2128714,7568394,Approved
1850,0,Not Graduate,No,6419070,23564360,3,843,22763877,17261302,1468319,1718383,Approved
1851,0,Graduate,Yes,4378262,9153378,8,728,6989630,11619620,16243705,4849033,Approved
1852,1,Graduate,No,5941495,22837095,2,810,930769,16148319,659222,7049846,Approved
1853,2,Not Graduate,Yes,2273123,26578303,14,632,28537656,8386183,29665659,9112686,Approved
1854,0,Not Graduate,No,1004358,38984595,3,764,12434732,3867362,16636064,11615122,Approved
1855,0,Graduate,No,8879260,4102682,7,826,25418178,18323222,19636536,14619913,Approved
1856,5,Graduate,Yes,4433955,6444470,11,427,8388521,13144336,13173845,4938849,Rejected
1857,2,Graduate,Yes,3739498,1059267,6,816,10494192,5970898,29934449,8224119,Approved
1858,3,Graduate,Yes,3003737,31285425,6,712,23983793,16441561,16758342,1020649,Approved
1859,3,Not Graduate,No,6648096,3530659,17,565,15288702,176007,1382730,1639866,Rejected
1860,4,Graduate,No,5718156,36186872,16,765,19717520,18046838,19141561,14227652,Approved
1861,4,Graduate,Yes,4012662,14602834,3,401,9317340,11225320,6944836,13794256,Rejected
1862,1,Graduate,No,9323075,11603485,18,719,17879453,11444586,23324912,13801996,Approved
1863,5,Graduate,No,9036968,38520641,10,646,14169517,259661,22093430,3844363,Approved
1864,2,Not Graduate,Yes,2145568,28538465,4,833,27108357,3412677,18603224,9582950,Approved
1865,5,Graduate,No,6495332,21752082,19,673,14320034,13979948,15104299,3366746,Approved
1866,2,Not Graduate,Yes,9689943,35147177,8,615,2586053,10829702,23362697,10023583,Rejected
1867,0,Graduate,No,4984869,29885263,8,614,21435734,2476586,26662889,7124111,Approved
1868,4,Graduate,Yes,495813,25288691,4,633,27756781,12916888,34440047,13725321,Rejected
1869,0,Not Graduate,Yes,1495001,12902633,18,835,25690095,14480590,37732125,5493307,Approved
1870,4,Graduate,Yes,6743224,38955170,7,771,2932252,5286287,3259280,9464792,Approved
1871,0,Graduate,Yes,9038784,28498092,13,355,29058081,13373705,25866588,9690835,Rejected
1872,1,Graduate,Yes,1458281,37368393,6,619,10098210,18876228,3318369,11589662,Rejected
1873,3,Graduate,No,5558805,38174303,19,472,24268389,9359626,16360625,765179,Rejected
1874,5,Not Graduate,Yes,5069234,21831123,16,398,18340963,4448929,29058536,6813683,Rejected
1875,2,Not Graduate,No,2993519,14324227,11,820,28315427,18661622,21260669,6648012,Approved
1876,0,Graduate,Yes,6390408,37429420,8,815,9936957,17680238,31665576,3351638,Approved
1877,1,Not Graduate,Yes,8803684,39463130,14,864,17688584,8862817,35782798,11829508,Approved
1878,5,Not Graduate,No,2544591,5081126,11,536,19861805,8248506,38176165,12238222,Rejected
1879,4,Not Graduate,Yes,733516,25325670,19,555,4494090,16177968,26381178,1199321,Rejected
1880,0,Graduate,Yes,3277954,23915492,14,767,22564681,10750,26397373,10060414,Approved
1881,2,Not Graduate,No,7326472,29644784,2,415,4172650,6058686,31484636,12664892,Rejected
1882,1,Graduate,Yes,5460918,38536670,17,332,24109519,10539808,9134993,4256563,Rejected
1883,1,Not Graduate,No,375398,10184956,5,552,3674898,12688473,11819521,9292495,Rejected
1884,5,Not Graduate,Yes,3530180,38548925,7,678,5218901,12188745,13377671,9162150,Approved
1885,3,Graduate,No,7404046,25509158,10,574,14399378,7188379,29177389,273004,Approved
1886,1,Graduate,Yes,4871996,3534255,5,426,5298431,16865649,13767189,12002314,Rejected
1887,3,Not Graduate,Yes,5716028,20331445,19,612,2231906,12602833,5465709,11027588,Rejected
1888,2,Graduate,No,2790299,5532034,20,866,1522338,10486926,31307091,3974074,Approved
1889,0,Not Graduate,No,3329998,37790984,4,464,8330731,18210164,29391204,4616209,Rejected
1890,2,Not Graduate,No,1474814,30217687,8,540,14283788,1826110,23292420,11291835,Rejected
1891,1,Graduate,Yes,999963,35763262,9,487,1281305,13770508,34557096,11784717,Rejected
1892,1,Graduate,Yes,561170,23919236,14,476,4002228,17980183,31040288,1063447,Rejected
1893,5,Graduate,No,6319031,15849566,13,694,17798639,12839409,35289112,5276362,Approved
1894,4,Graduate,Yes,1744936,17091638,14,525,9271172,10967882,10182808,9186747,Rejected
1895,0,Graduate,Yes,5822969,37417295,2,673,22051510,7069492,4570330,1869439,Approved
1896,5,Graduate,Yes,9538876,6241416,11,311,24456638,5267705,13388419,14684324,Rejected
1897,3,Not Graduate,No,7032749,34984652,6,697,884306,10590220,32531376,3073445,Approved
1898,5,Graduate,Yes,5838951,16842826,6,363,27605975,17437857,36247346,12735708,Rejected
1899,4,Not Graduate,Yes,1345277,23443047,16,526,19893711,8966919,4309511,947753,Rejected
1900,2,Not Graduate,Yes,4991809,26445888,4,824,23922410,2345721,33535867,12872173,Approved
1901,3,Not Graduate,Yes,8933546,3519022,2,502,13910492,9382249,18753160,588854,Approved
1902,3,Not Graduate,Yes,3966374,6128425,11,719,18867,1891167,32064512,10001250,Approved
1903,4,Graduate,Yes,8296624,6602977,15,511,25760415,18160238,26754843,5296918,Rejected
1904,1,Not Graduate,Yes,7142518,30824035,11,842,16529505,10379176,2352784,6779450,Approved
1905,1,Graduate,Yes,2814358,3313470,5,871,1080228,4149353,18982565,1597172,Approved
1906,1,Graduate,No,1584343,24247112,16,846,4849809,12122754,3486920,9955068,Approved
1907,1,Graduate,No,366581,4533330,9,537,5995784,10432680,13324456,9149369,Rejected
1908,0,Not Graduate,Yes,2906072,30398409,15,490,10934235,9912607,29696497,4721527,Rejected
1909,0,Not Graduate,Yes,3462390,38596534,5,664,12873230,11484574,26805789,6940637,Approved
1910,5,Not Graduate,Yes,6627841,16529609,19,790,12452441,18022445,27622232,8125697,Approved
1911,0,Not Graduate,Yes,5811232,8616958,7,614,25263419,16606594,25906447,10113383,Approved
1912,5,Graduate,Yes,4894831,17739565,20,743,27439576,5098724,576886,7933294,Approved
1913,0,Not Graduate,No,7284344,27381500,9,826,19751429,4651418,22849392,867635,Approved
1914,4,Graduate,Yes,7746907,28812374,15,751,18441797,19210560,19012423,7992836,Approved
1915,1,Not Graduate,No,7192194,25251908,11,521,25143433,12510719,20714403,5124439,Rejected
1916,3,Graduate,Yes,8991677,23114072,3,450,7788762,375377,8341045,6056217,Rejected
1917,1,Not Graduate,Yes,3725451,25040879,3,560,16242307,10274136,27665004,5450075,Rejected
1918,2,Graduate,Yes,8269052,8819937,9,645,18705329,2299559,23815707,5186186,Approved
1919,2,Not Graduate,Yes,4323420,8402796,5,806,8308641,578558,15799052,3472495,Approved
1920,3,Graduate,Yes,2005235,36790318,13,480,27699285,3602120,2217510,4856211,Rejected
1921,2,Graduate,Yes,1628744,23010387,4,396,6853583,4939525,2695715,10471509,Rejected
1922,3,Not Graduate,Yes,1096408,34058355,13,489,1721530,1543769,14072961,3303543,Rejected
1923,4,Graduate,No,9564719,24821103,5,657,9410421,16208971,21068216,11156734,Approved
1924,2,Graduate,No,1860518,18146841,5,439,23745241,8501426,39078392,6446644,Rejected
1925,2,Graduate,Yes,8385475,22659888,8,540,10899872,10707244,28359457,8974768,Rejected
1926,0,Graduate,No,7878601,27415046,13,454,6311718,16788220,19027236,1730861,Rejected
1927,2,Graduate,Yes,4504564,7597568,9,892,25381934,16240398,11727068,3047330,Approved
1928,0,Not Graduate,Yes,9155545,18414657,8,608,4455441,15922730,6609440,13253131,Rejected
1929,1,Graduate,Yes,9101327,28643976,8,733,4619922,3808136,5517444,12215786,Approved
1930,5,Graduate,Yes,9269399,3712274,8,612,26157027,14448283,2818002,1024351,Approved
1931,0,Graduate,No,5069508,3171132,9,306,9350624,19316780,35744174,13280669,Rejected
1932,2,Not Graduate,No,3122515,6575516,17,458,53819,143742,622328,12310055,Rejected
1933,5,Not Graduate,No,629306,23475041,12,804,12615425,16841161,33858986,2014900,Approved
1934,5,Graduate,No,8435346,9646611,10,607,21565595,16794696,22873521,3546351,Approved
1935,0,Graduate,No,8755086,17401366,16,722,22028840,16322089,24242621,2610974,Approved
1936,0,Graduate,Yes,5455108,5545338,12,757,2538346,7692082,37579190,12542321,Approved
1937,2,Not Graduate,Yes,895231,10111234,20,637,8186366,3859361,30835000,12549601,Approved
1938,3,Not Graduate,Yes,8263360,996555,12,647,17983663,14193772,5767380,10587913,Approved
1939,5,Not Graduate,No,3123335,31949649,6,441,19212640,12087320,37977168,3677678,Rejected
1940,1,Graduate,Yes,5573976,18587970,12,449,18068099,14102222,6902166,13538334,Rejected
1941,0,Not Graduate,No,6662641,7194988,16,389,9833039,4965215,22314952,12456819,Rejected
1942,1,Graduate,No,1629753,20927968,6,478,25106783,3443907,25113352,12792424,Rejected
1943,5,Not Graduate,Yes,815003,36872885,5,677,2270559,17490745,9571922,5291225,Rejected
1944,0,Not Graduate,Yes,976351,32632632,13,857,23937849,9998660,24706597,10305986,Approved
1945,2,Graduate,No,9598771,34974949,18,564,27349825,16515370,25041430,9928059,Rejected
1946,0,Not Graduate,Yes,9580748,16215372,8,661,19938282,17967910,38410759,2229678,Approved
1947,0,Not Graduate,Yes,4382895,14435032,11,817,12498633,8909959,35852072,8566408,Approved
1948,5,Graduate,Yes,4372865,12695340,14,707,11073934,5103143,15667981,8070966,Approved
1949,0,Graduate,No,4186734,12261995,14,457,12680699,17379519,27053809,8594331,Rejected
1950,1,Graduate,Yes,3635102,36351870,4,468,4842407,13871540,32180640,4995472,Rejected
1951,5,Not Graduate,No,5529330,5689478,9,683,6460566,12920120,1028623,9837742,Rejected
1952,3,Graduate,Yes,3691770,33676768,20,472,18498373,18586190,26845271,13020901,Rejected
1953,0,Graduate,No,6238365,36220051,18,449,16010469,4777694,35951598,8888083,Rejected
1954,2,Not Graduate,No,3913557,33386460,16,655,14461821,6996244,4713587,12821758,Approved
1955,5,Graduate,Yes,6373248,24899249,2,682,13817075,756880,2366220,11342817,Rejected
1956,2,Graduate,No,9460969,33841331,9,452,2268119,7520093,15751775,4616350,Rejected
1957,3,Not Graduate,Yes,2216980,1545916,2,329,25248803,8662535,32123953,10818421,Rejected
1958,3,Not Graduate,Yes,814505,32336733,7,761,27806851,8779712,38709682,9873983,Approved
1959,3,Not Graduate,No,5360997,20331177,18,535,7136912,2927486,28528726,13873092,Rejected
1960,1,Graduate,Yes,1366800,37870339,9,680,9149608,15695361,28289829,4972786,Approved
1961,5,Graduate,No,2467524,3663318,5,403,18343867,9491878,10158902,2407210,Rejected
1962,5,Graduate,No,7938585,36758152,15,488,62296,8522123,32357290,9969400,Rejected
1963,0,Not Graduate,Yes,4295333,22791027,16,664,2971554,16760280,25828715,9293939,Rejected
1964,4,Graduate,Yes,5584213,4371065,14,374,26239187,9433171,36972129,9023904,Rejected
1965,4,Graduate,No,7806335,20251299,17,490,5020829,17307817,23632448,10875701,Rejected
1966,4,Not Graduate,Yes,1459660,1755069,15,732,16792180,4312959,1551475,7510934,Approved
1967,2,Not Graduate,Yes,4890688,3547565,14,763,25676263,16502456,20029456,443575,Approved
1968,2,Not Graduate,Yes,537709,21142724,18,512,21332065,19173894,30357257,12912568,Rejected
1969,5,Graduate,Yes,5091726,32281736,8,368,7913891,14558957,30887163,4077238,Rejected
1970,0,Not Graduate,No,2397496,4541466,10,315,4442587,17311670,15144780,3616938,Rejected
1971,4,Graduate,Yes,9130237,10582833,12,634,20890507,14359340,6703818,11966776,Approved
1972,5,Not Graduate,No,2755945,15640012,14,716,11774025,11644933,34067740,11722759,Approved
1973,4,Graduate,No,2161650,21526187,11,656,28156616,14817221,32268000,7429766,Approved
1974,2,Not Graduate,No,339287,328375,10,543,18771281,18634865,34452717,10135763,Rejected
1975,3,Graduate,No,1506145,25350324,5,313,320961,11737654,26287744,1186648,Rejected
1976,0,Not Graduate,No,2317687,19816683,14,435,7303073,13327756,32481844,4134637,Rejected
1977,5,Graduate,Yes,2434818,38022338,4,321,21663625,1536455,15789560,3570520,Rejected
1978,2,Not Graduate,Yes,7435526,12112324,11,577,20413619,18606649,30544662,6198780,Rejected
1979,0,Graduate,No,8897946,19657418,9,485,21588288,15087842,19139899,5250814,Rejected
1980,4,Graduate,Yes,8583251,3499303,16,342,6798194,3133795,31135887,1014508,Rejected
1981,3,Graduate,No,9572344,36258779,11,666,7254483,5620123,5735793,10122396,Approved
1982,3,Not Graduate,Yes,9002712,32987921,2,522,6085619,4373873,11624858,8784376,Rejected
1983,0,Graduate,No,4663859,14210408,11,878,20247271,6200467,8404313,5576037,Approved
1984,4,Graduate,No,4021157,18351044,6,550,338277,17172539,15935905,13051996,Rejected
1985,3,Not Graduate,Yes,6563026,33911539,9,354,23694747,9006098,31928451,5303493,Rejected
1986,4,Graduate,No,3330254,11880026,7,723,8203486,8145563,4510151,1731930,Approved
1987,4,Graduate,Yes,6116235,9544388,5,722,14201480,15112119,28635674,12466462,Approved
1988,1,Not Graduate,Yes,9998637,9785184,19,858,7180040,7200459,32559187,1940377,Approved
1989,1,Not Graduate,No,2141545,28033207,6,716,12375241,17185117,26308050,1048507,Approved
1990,5,Not Graduate,No,7739537,8573813,11,517,22242775,14634105,25323453,6976132,Rejected
1991,3,Not Graduate,No,9367823,3773590,17,702,5774851,4985988,5426274,8512608,Approved
1992,2,Graduate,Yes,5466050,6785711,8,779,16578558,12228317,24018495,4134082,Approved
1993,1,Graduate,Yes,3689035,38953174,19,610,1666468,9364550,8876136,12335486,Approved
1994,3,Graduate,Yes,2696760,34515706,9,777,5174692,6674989,9646259,4070854,Approved
1995,4,Not Graduate,No,1846339,37694307,19,881,19917380,17582359,33770274,14165315,Approved
1996,0,Not Graduate,Yes,3348793,11170296,10,753,16532509,7718495,24109414,9388450,Approved
1997,3,Graduate,No,7516232,17634775,2,601,17793352,2264576,38942720,2712939,Rejected
1998,5,Not Graduate,No,5250571,19538190,18,596,6560408,7922644,17818427,6030768,Rejected
1999,1,Graduate,Yes,2370360,20838261,18,803,6000486,10025767,14024631,1115846,Approved
2000,1,Graduate,No,5512413,1350874,20,824,12382116,2450827,39014537,12416319,Approved
2001,5,Not Graduate,Yes,8128829,23732775,4,457,3753946,14408517,24402161,9524416,Rejected
2002,0,Not Graduate,Yes,334050,1820207,18,305,25846854,4453346,33832276,6304919,Rejected
2003,2,Not Graduate,Yes,401823,11081472,8,784,7796979,1793027,1744135,9982034,Approved
2004,2,Not Graduate,No,9602121,11760382,17,441,20930355,10428087,20618528,9044549,Rejected
2005,4,Not Graduate,No,7532873,26739280,20,898,4563081,3122770,32023964,8817733,Approved
2006,0,Not Graduate,No,5840941,35442598,5,321,18947010,15167446,31691458,5849003,Rejected
2007,2,Graduate,No,9078829,27683628,9,846,5932329,1327159,28028594,5167332,Approved
2008,0,Graduate,No,5973751,17369802,7,707,8191168,8129536,6448596,3763545,Approved
2009,4,Not Graduate,No,5302813,20882999,7,482,11990232,1003699,21435754,11562233,Rejected
2010,3,Graduate,No,2272417,20386203,13,320,3625326,7437044,3974899,6928581,Rejected
2011,2,Graduate,Yes,8144514,6091435,9,808,3626900,18105754,31435895,6892214,Approved
2012,2,Graduate,Yes,7696875,37826684,14,371,21910815,12620013,24721511,10591062,Rejected
2013,0,Graduate,No,3096876,36332089,14,357,10057579,10381915,7598039,7805765,Rejected
2014,5,Not Graduate,No,7425193,9709761,5,774,16525610,3050724,28490004,14006294,Approved
2015,3,Graduate,No,7325575,4809767,2,707,18813305,6069258,28197485,3537831,Approved
2016,1,Graduate,No,1132548,6769617,16,376,18122320,7386556,2079812,619852,Rejected
2017,2,Not Graduate,No,1771992,24963549,5,505,18258979,11225232,3496695,6193210,Rejected
2018,4,Graduate,No,6030945,1453842,5,700,28375797,4037842,7877763,7817856,Approved
2019,4,Graduate,No,6311153,4341073,13,695,18355421,19398964,2748226,12071905,Approved
2020,2,Graduate,Yes,6650299,25713811,6,517,10136138,12641936,21060904,9348700,Rejected
2021,1,Not Graduate,No,3857575,6027147,5,547,8283193,6049087,34493239,13807226,Rejected
2022,3,Graduate,No,8388568,2996909,7,347,23301753,2179861,2462410,1260091,Rejected
2023,3,Not Graduate,No,4567391,1105101,11,305,12271569,11543001,24089681,7899147,Rejected
2024,3,Graduate,No,2219693,27966739,18,881,16265644,8687762,16622871,12188814,Approved
2025,0,Not Graduate,Yes,1328161,14543872,20,438,23714941,13073651,32782801,7381737,Rejected
2026,2,Graduate,Yes,8800821,11451064,15,857,6846064,11565931,18897527,4056494,Approved
2027,3,Not Graduate,No,7130115,25371637,19,325,6471913,12422950,26213102,11297624,Rejected
2028,5,Graduate,No,4722514,6984516,12,894,1539050,16173303,36134941,12861205,Approved
2029,3,Not Graduate,Yes,2251130,20744533,9,556,2106095,10188430,5337857,3808777,Rejected
2030,2,Graduate,Yes,1145931,19266690,17,784,17925916,14056294,12374518,8123322,Approved
2031,3,Graduate,No,1697283,26741935,7,804,14653405,6965207,10572938,11829561,Approved
2032,1,Graduate,Yes,1235088,24757535,17,511,8660629,18291544,6611804,2235560,Rejected
2033,0,Graduate,No,5388225,26760740,20,743,6155031,7914615,25397762,161698,Approved
2034,4,Graduate,Yes,2138483,8654764,9,500,20238419,13189641,294323,10866547,Rejected
2035,5,Not Graduate,Yes,1452553,5794810,14,774,2483369,19369982,15130034,11057084,Approved
2036,5,Graduate,No,2970957,21226015,16,876,20391160,6774278,4767037,2311258,Approved
2037,3,Graduate,No,7054225,2547626,16,785,26331798,1970821,24117703,8775541,Approved
2038,0,Not Graduate,No,5064777,18107872,5,737,13253899,4495443,29433947,10589563,Approved
2039,5,Graduate,No,1706397,24814039,20,523,14397641,4729523,18300747,14154398,Rejected
2040,2,Graduate,Yes,7537762,32483104,11,365,15609156,1097698,17440937,11880513,Rejected
2041,1,Graduate,No,4997712,25906393,2,604,2771199,10551462,17630214,3232293,Approved
2042,5,Graduate,No,2029914,39290948,4,377,18232513,5385199,7790021,8460278,Rejected
2043,4,Graduate,No,6973981,22122786,15,605,10628444,1882961,14722086,10777964,Approved
2044,4,Graduate,Yes,9927988,17790458,10,822,13636403,2654864,36574685,3985058,Approved
2045,1,Graduate,No,5494314,9933888,4,368,668360,5303814,1613256,2393414,Rejected
2046,5,Not Graduate,Yes,1782915,26686474,11,841,25531484,7162960,30871502,6428865,Approved
2047,2,Graduate,No,3233759,32081997,13,659,9701259,18904806,6457478,10576838,Approved
2048,3,Not Graduate,No,6073904,12882173,3,328,2209696,13630015,4483095,7761900,Rejected
2049,4,Not Graduate,Yes,9994024,3266891,8,732,22757709,13865835,11195596,8885256,Approved
2050,3,Graduate,No,9303617,710847,10,300,28512708,13425460,10543128,9786982,Rejected
2051,1,Graduate,No,9345506,25086622,16,667,15130880,15582572,12394896,14046479,Approved
2052,1,Not Graduate,No,8358573,26290948,14,604,973421,6172428,33298106,9318705,Rejected
2053,2,Not Graduate,No,5833245,5020132,3,748,28859842,1927765,35462512,1983637,Approved
2054,5,Graduate,No,6549314,1186047,13,526,6055603,9865915,27143321,5886237,Rejected
2055,4,Not Graduate,Yes,7392634,25954351,19,371,6995652,25387,5730953,2497201,Rejected
2056,2,Not Graduate,No,7211832,15891892,3,532,20611758,4205368,37065372,11145045,Rejected
2057,4,Graduate,No,6459495,16674851,20,757,9658210,14608308,33221307,14658728,Approved
2058,4,Graduate,Yes,1515215,10588973,3,873,2472343,9757748,2988977,11339820,Approved
2059,2,Not Graduate,Yes,8821613,28449640,13,425,19866823,13398811,15182622,3615208,Rejected
2060,2,Graduate,Yes,294697,29490071,8,511,7629227,9895588,30396119,10236068,Rejected
2061,5,Not Graduate,No,4374385,2345934,15,826,25073052,10528698,3495308,310498,Approved
2062,3,Graduate,Yes,4454658,3793713,18,488,4480721,5845158,2995327,4000674,Rejected
2063,0,Not Graduate,No,9961240,22059253,18,447,26370740,4239380,23754414,4458729,Rejected
2064,4,Graduate,No,1077285,23942975,18,799,21055932,5033675,13197147,6900125,Approved
2065,3,Graduate,Yes,4862801,5979213,17,595,6967805,15482249,17311941,4710935,Rejected
2066,3,Graduate,No,3705975,6497710,7,650,16846961,19003744,29426215,6361527,Approved
2067,4,Graduate,No,1157480,27049360,10,592,27307140,1587697,21357871,145718,Approved
2068,5,Not Graduate,No,2392679,18124625,15,662,1876327,10420196,27871590,12006845,Rejected
2069,1,Graduate,No,4336397,5002260,5,461,23858152,9126025,4941455,5813883,Rejected
2070,2,Not Graduate,Yes,9180198,24193489,12,739,13389906,10904286,83018,11880245,Approved
2071,1,Not Graduate,Yes,4004513,3184466,12,517,27620495,4518153,9865514,849958,Rejected
2072,3,Graduate,Yes,8824549,9340482,20,614,6067435,151205,7916162,12731389,Approved
2073,2,Not Graduate,Yes,7390877,28254414,2,411,20936506,3944719,12701883,9207973,Rejected
2074,2,Not Graduate,No,8225640,9017480,3,306,28160029,3527711,30520088,3398283,Rejected
2075,4,Not Graduate,Yes,8566664,2790451,2,642,10005440,1015757,5957496,11063963,Approved
2076,2,Graduate,No,7196654,37931694,12,383,3140412,6918466,4944982,11002282,Rejected
2077,2,Not Graduate,No,7387585,9101608,12,848,11409414,13267820,7869136,10678477,Approved
2078,2,Not Graduate,Yes,1709905,20483113,13,876,17403405,18740026,12794053,12794868,Approved
2079,1,Not Graduate,No,7227087,32629620,6,490,18335412,12750345,7733133,14022986,Rejected
2080,0,Graduate,Yes,674000,39104612,7,473,14021754,3399689,7208468,2447413,Rejected
2081,4,Not Graduate,No,7426531,32039782,9,605,27140288,7026241,22720274,4150090,Approved
2082,0,Graduate,Yes,6608101,13614315,2,422,16822258,5883820,4369017,587074,Rejected
2083,1,Graduate,Yes,7617949,33781730,16,817,18644719,4115931,6035215,979300,Approved
2084,4,Graduate,Yes,6494130,799264,2,361,27833941,19209045,32795729,1550975,Rejected
2085,0,Not Graduate,No,3813136,13083115,14,571,27332928,12719324,713763,10172256,Rejected
2086,3,Not Graduate,Yes,3820358,8117135,10,413,9931302,9333507,2404596,8911174,Rejected
2087,4,Graduate,No,6042276,20999483,20,799,8325908,8472642,2722416,511297,Approved
2088,3,Not Graduate,Yes,4832329,35250850,15,386,21789101,6177110,21013157,6198223,Rejected
2089,1,Graduate,Yes,3537603,30615216,11,568,15282205,8085082,27235229,1624087,Rejected
2090,0,Graduate,No,4993664,39433669,15,800,13021274,12306563,27152684,2867255,Approved
2091,5,Not Graduate,No,5458599,5669832,4,564,20321327,18007349,27051409,7766062,Rejected
2092,1,Not Graduate,Yes,2551295,29786078,5,410,19228162,9628264,2257536,1194791,Rejected
2093,4,Not Graduate,Yes,6454414,28696123,11,394,26590613,3588397,13506171,11547180,Rejected
2094,1,Not Graduate,Yes,3278833,18193671,18,663,10640634,18574512,24830329,13701839,Approved
2095,0,Graduate,No,2823888,4121464,17,375,21944175,6110712,26736599,12580519,Rejected
2096,4,Not Graduate,Yes,4300218,4396112,9,513,6609256,1613983,13095368,12107421,Rejected
2097,5,Graduate,Yes,1212184,36099424,7,667,27267295,10556761,33192219,11050298,Approved
2098,5,Not Graduate,No,6111155,11872797,20,528,2433236,15336629,32674972,13387683,Rejected
2099,4,Graduate,Yes,7387194,25282559,12,797,21832189,4997432,30012300,13017017,Approved
2100,1,Graduate,Yes,9567029,37365766,4,713,2960961,5414275,31268257,3178439,Approved
2101,5,Graduate,No,2979352,19637568,6,381,25612626,5611345,38226226,8881525,Rejected
2102,4,Not Graduate,Yes,5477149,8529099,17,791,27919422,15649385,31121077,4498706,Approved
2103,1,Graduate,Yes,5134823,19301387,19,846,23802466,18573422,22949833,12304983,Approved
2104,0,Not Graduate,Yes,7365407,9295528,19,421,22944087,16445774,15627608,153604,Rejected
2105,5,Not Graduate,No,6323517,7409392,2,515,13914616,4387265,14191325,6132650,Rejected
2106,1,Graduate,No,8108611,32090766,17,537,7128314,16474923,32243889,5572103,Rejected
2107,4,Not Graduate,No,8536259,13859961,4,555,28682997,6006944,11599130,12531435,Rejected
2108,0,Graduate,No,1312379,27144367,17,578,15398184,16813896,24695294,4330096,Rejected
2109,1,Graduate,Yes,3679480,28803248,18,837,23760787,19233025,19706907,13168453,Approved
2110,1,Not Graduate,Yes,6600622,21837367,8,691,20784172,13931673,14844395,7296363,Approved
2111,1,Graduate,Yes,5528831,21504990,5,838,20403729,18529149,17671337,10090198,Approved
2112,4,Graduate,Yes,4924685,7376793,15,510,10258852,2762640,3162262,7801344,Rejected
2113,5,Graduate,No,1896984,21048803,3,615,12420481,12703685,27810749,6336380,Approved
2114,5,Not Graduate,Yes,5809823,29759914,13,363,12803652,1006910,2619301,4471240,Rejected
2115,4,Graduate,No,7457680,7953639,8,466,17532060,12653690,2892925,4140606,Rejected
2116,1,Graduate,No,576486,9395302,10,650,20904913,6610845,9854944,9412598,Approved
2117,5,Not Graduate,Yes,5997401,27362203,17,403,5785078,18816479,20828240,4780138,Rejected
2118,3,Graduate,No,9080915,38786533,20,877,6618920,9604355,11743718,12703430,Approved
2119,3,Not Graduate,No,5822559,15667729,9,463,1408344,14791358,34505431,1945619,Rejected
2120,4,Graduate,Yes,9537285,32770312,7,397,15316620,5870845,36359109,3166681,Rejected
2121,4,Not Graduate,Yes,3655238,7463931,17,769,19462114,1452439,15416763,693278,Approved
2122,5,Not Graduate,Yes,234122,22632955,9,354,6113565,14398814,39197571,12695106,Rejected
2123,3,Graduate,No,6884223,37296363,5,495,20713984,4301757,3489487,6091945,Rejected
2124,3,Graduate,No,2285357,17609030,19,419,89558,14015403,5632014,516200,Rejected
2125,4,Not Graduate,Yes,294897,20166511,20,717,25214696,9014167,13616669,627229,Approved
2126,1,Not Graduate,No,1965903,6379511,7,806,20086674,18855335,19741434,13495496,Approved
2127,1,Graduate,Yes,9353484,20999037,5,417,19883084,6840673,27696368,12944643,Rejected
2128,3,Not Graduate,Yes,7856785,23257107,4,550,20581407,7771117,25585262,4070361,Rejected
2129,0,Graduate,Yes,2895149,38769779,13,587,10436347,14365992,19545440,9554383,Rejected
2130,1,Not Graduate,Yes,6061185,8177614,7,715,28975530,15243116,36522286,3711757,Approved
2131,4,Not Graduate,Yes,3525516,14663120,13,511,21725214,2440039,37423716,12401908,Rejected
2132,5,Not Graduate,Yes,1937870,25672325,16,614,5267549,14379279,17567508,10516289,Rejected
2133,3,Not Graduate,Yes,9886155,37266411,2,602,26841910,9533930,27976772,6532924,Rejected
2134,2,Graduate,No,8176916,9624749,18,306,21521787,19181740,24458447,13649804,Rejected
2135,2,Not Graduate,Yes,3762125,27541074,2,642,9046705,12242302,23271257,3292108,Approved
2136,4,Not Graduate,No,3664054,34770221,4,641,27585852,15008135,3980418,14653435,Rejected
2137,3,Not Graduate,No,8192806,25117349,15,895,7227408,6671765,8213449,4267098,Approved
2138,0,Not Graduate,No,4716397,17030862,13,606,18757287,5501345,38809594,13064112,Rejected
2139,3,Not Graduate,Yes,3894129,9489197,20,840,19500692,15230484,9582202,12564576,Approved
2140,2,Not Graduate,No,3995605,11591520,12,509,28027390,296284,25548540,8271675,Rejected
2141,4,Not Graduate,Yes,4578731,2328822,9,718,16589938,11260442,35730868,1791830,Approved
2142,5,Not Graduate,Yes,5309526,6259340,14,841,28938232,18782423,23615881,11041449,Approved
2143,5,Graduate,No,592734,17461126,16,392,8273870,19228864,8429520,10264507,Rejected
2144,3,Graduate,Yes,4905396,5807539,14,640,23327270,13891739,33698853,12718949,Approved
2145,2,Graduate,No,4511691,698701,9,852,7140602,9647784,1266395,3317646,Approved
2146,2,Graduate,Yes,2890923,27453250,20,634,29079219,15764568,28346119,3518077,Rejected
2147,1,Graduate,No,3682862,3083298,7,836,22224209,284496,10436102,5191597,Approved
2148,5,Graduate,No,4360649,5831671,8,552,18211491,15388936,25098976,5421798,Approved
2149,5,Graduate,No,3787492,23636809,7,832,1931455,3685502,18837784,44787,Approved
2150,5,Not Graduate,No,9101704,36435506,7,677,14464320,14273765,22308108,2256812,Approved
2151,1,Graduate,No,5379481,28699296,6,587,4191219,6751450,14973018,7042604,Approved
2152,1,Not Graduate,Yes,5128363,1574887,13,429,11032619,14578604,20733857,14214937,Rejected
2153,5,Graduate,Yes,2776781,6883574,15,402,24180814,11703837,36683477,1886786,Rejected
2154,3,Graduate,Yes,9180587,29322221,10,473,26367454,18031488,32395065,3544273,Rejected
2155,4,Not Graduate,No,427225,29014016,19,753,3204261,15276148,16408102,12636816,Approved
2156,2,Not Graduate,No,5591245,15628224,11,581,22094312,17733758,36898386,576521,Rejected
2157,2,Not Graduate,No,1854274,37529253,10,533,8809229,2933883,34850865,1436600,Rejected
2158,3,Not Graduate,No,7734410,29432503,3,580,3165202,7356998,24591097,13081140,Rejected
2159,4,Not Graduate,Yes,3907108,29630441,19,507,16003574,8485814,23310787,3680417,Rejected
2160,2,Not Graduate,No,3077195,31060837,4,785,24888114,600653,1396296,4526351,Approved
2161,4,Graduate,No,767946,6118539,5,534,20127158,441797,20545687,217536,Rejected
2162,1,Not Graduate,Yes,7946052,27767933,19,583,6787439,750422,8335799,5973271,Approved
2163,2,Not Graduate,Yes,4085525,37144238,11,636,8613580,14884165,6279668,14595297,Approved
2164,5,Graduate,No,2790352,9109707,3,688,8847702,8664784,33647254,14486372,Approved
2165,5,Graduate,Yes,8474110,874185,10,500,21418957,14583046,10624451,9429134,Rejected
2166,5,Not Graduate,No,391589,14446886,13,344,15096749,16198602,24125831,9924681,Rejected
2167,1,Graduate,No,4794577,10868909,2,714,695715,700557,33992937,9460579,Approved
2168,5,Not Graduate,No,1775143,37511265,16,636,2215077,16443657,23436506,10215759,Rejected
2169,5,Graduate,No,1444338,17778700,14,689,2200653,4377823,30574322,7627254,Approved
2170,5,Graduate,No,412198,26219455,2,626,27971782,7845157,30383658,3024602,Rejected
2171,0,Graduate,No,2033050,38792133,13,605,14685948,18680732,17538995,12760415,Approved
2172,4,Not Graduate,No,9481214,31229770,6,870,14289926,5851265,36133492,12928503,Approved
2173,5,Graduate,Yes,4566105,29663732,15,332,22147450,18233114,35633668,2119564,Rejected
2174,4,Not Graduate,No,9999775,38272830,9,355,5541621,9828068,13239053,1390143,Rejected
2175,1,Not Graduate,No,2819540,27302966,5,862,918397,258886,32111805,11654922,Approved
2176,4,Graduate,No,7669857,9372327,11,832,7880883,16151338,7175354,699440,Approved
2177,0,Not Graduate,Yes,1078095,28789754,10,547,6067206,860171,4393705,11864715,Rejected
2178,2,Graduate,Yes,1259656,12910117,8,624,23224237,12348024,20776872,14433006,Rejected
2179,3,Not Graduate,No,360672,13272146,18,570,23815327,8892428,23752475,531086,Rejected
2180,2,Graduate,Yes,9009666,25576225,14,899,18449588,2712232,22874837,11744793,Approved
2181,4,Graduate,Yes,6781887,12667174,11,574,26480629,9983481,31314653,1950351,Rejected
2182,1,Not Graduate,No,7489007,1254812,6,756,13520617,7027338,15324039,4266519,Approved
2183,3,Not Graduate,Yes,9287892,39482795,12,519,6995804,1911388,31687089,8043088,Rejected
2184,3,Not Graduate,No,3455996,22691788,2,529,9649599,10775262,35362727,9997699,Rejected
2185,3,Not Graduate,Yes,7280853,26564351,18,705,4121997,850709,3580574,1325815,Approved
2186,1,Graduate,Yes,5122324,32000585,2,539,26209914,10442291,17609192,1606229,Rejected
2187,1,Graduate,No,5518068,25173201,15,308,17581802,4384508,8804757,4150783,Rejected
2188,1,Graduate,Yes,6685242,24229380,8,403,22481628,16114299,25734207,10021449,Rejected
2189,2,Not Graduate,No,4805451,31340113,15,824,8194189,18434988,16191141,5933994,Approved
2190,3,Graduate,No,435694,11879417,8,520,20897060,18084132,11039199,4050656,Rejected
2191,2,Graduate,Yes,935594,32774994,2,361,9617941,18191224,9863938,2311098,Rejected
2192,2,Graduate,No,5115101,28684880,20,864,12978614,1948984,13905819,14236147,Approved
2193,1,Graduate,Yes,5785138,7438821,16,900,18968061,9889262,4270375,10350956,Approved
2194,1,Graduate,No,7377475,6024439,2,600,28551760,4353507,4099486,14492402,Approved
2195,3,Graduate,Yes,5807435,34783863,2,677,16243576,1876178,24648976,7277401,Approved
2196,4,Graduate,Yes,2044608,35375120,12,753,20663045,7607844,36957385,12035192,Approved
2197,1,Not Graduate,Yes,3794842,39248374,20,339,17305599,8328598,19892959,9405301,Rejected
2198,5,Graduate,No,4549148,4255869,12,478,12327479,5750122,36352693,7719215,Rejected
2199,3,Graduate,Yes,9842651,35408265,2,638,27137738,2214806,6075598,6972203,Rejected
2200,1,Not Graduate,No,5418795,34148853,15,630,27952064,7920835,38150955,7351898,Approved
2201,2,Graduate,Yes,6422786,30389686,10,499,9033540,3013999,22986174,6063520,Rejected
2202,0,Graduate,Yes,7408541,19814130,14,300,26065597,789991,29154128,9407017,Rejected
2203,0,Graduate,No,3749943,20233469,8,872,13130577,8755279,2430986,7238119,Approved
2204,2,Graduate,Yes,9651647,17102962,2,669,21532987,1280657,23679461,14269453,Approved
2205,2,Not Graduate,Yes,6814120,1446983,2,754,15047302,18739627,15015209,13222867,Approved
2206,4,Graduate,No,8513101,19925941,14,562,22319587,16264212,35220525,6825773,Rejected
2207,0,Graduate,No,7542367,9596684,14,604,25362757,17962213,31066704,5821770,Approved
2208,5,Graduate,Yes,6290881,8148087,8,567,12327560,1990086,33877849,11157223,Rejected
2209,1,Graduate,No,502589,2491699,3,558,20390983,9020735,34889945,9441260,Rejected
2210,0,Not Graduate,No,5919679,18241275,16,703,14763899,15987057,28250181,3407388,Approved
2211,4,Graduate,Yes,1469203,2176877,4,898,23252783,11165260,9613197,12259248,Approved
2212,4,Not Graduate,No,6111230,33609017,5,767,5574027,5946332,11090095,10029218,Approved
2213,3,Not Graduate,No,7073712,35168424,10,701,21215792,16132011,33692744,9129988,Approved
2214,0,Not Graduate,No,5542751,31697446,15,307,17326030,5998933,23581966,11496370,Rejected
2215,0,Not Graduate,Yes,3222722,12098708,20,608,13136244,18892283,34956904,3323146,Rejected
2216,2,Not Graduate,Yes,781756,6691502,13,874,10764571,1954492,31165205,11759356,Approved
2217,2,Not Graduate,No,6776313,20082341,20,539,20418531,13696382,23789786,1792807,Rejected
2218,5,Not Graduate,No,7043305,26698103,14,630,10110455,257309,5976681,11664111,Approved
2219,1,Graduate,Yes,4883748,1107082,18,495,957490,17737020,38501373,8685893,Rejected
2220,1,Graduate,Yes,7220101,33888021,5,414,27593440,6892598,9526005,8555200,Rejected
2221,5,Graduate,No,7835330,17491860,3,723,13033021,395653,9650092,10692710,Approved
2222,0,Not Graduate,No,5222308,32434890,14,488,4795197,16205923,5725727,4567603,Rejected
2223,0,Not Graduate,Yes,667220,3356384,20,653,6567555,18768794,2703789,11300436,Approved
2224,2,Graduate,Yes,8729799,16984792,16,656,24152231,17847136,14701432,376185,Approved
2225,2,Graduate,No,4774022,18266023,8,809,9650092,9423318,33062971,10198892,Approved
2226,3,Graduate,No,6789881,2185239,11,863,8190735,1194759,33939647,11677581,Approved
2227,5,Not Graduate,No,9126990,28031798,4,632,14180965,4418760,19244481,50777,Approved
2228,5,Not Graduate,No,3754114,36801842,8,330,833878,599616,12334772,10210464,Rejected
2229,1,Not Graduate,No,6295542,21491429,14,649,16303311,859450,13580992,11375452,Approved
2230,5,Graduate,Yes,393004,15818696,5,831,1177475,3080732,36020845,7676138,Approved
2231,3,Graduate,Yes,8873482,25233230,11,586,24315990,10925320,2165126,8887953,Rejected
2232,0,Graduate,Yes,779784,14450284,7,639,12489065,14866022,2251960,872964,Approved
2233,5,Not Graduate,Yes,5503010,14402507,11,758,6350204,11345976,2533279,14526266,Approved
2234,0,Not Graduate,No,3647623,30072986,16,563,13224812,3974725,34806687,14211043,Rejected
2235,3,Not Graduate,No,550720,23463351,18,549,5109161,11673901,3556084,11239433,Rejected
2236,4,Graduate,Yes,4728632,10647711,9,589,9319307,4477721,36908410,222741,Rejected
2237,1,Graduate,Yes,9368817,16271655,17,812,3804292,8945261,7198786,6324045,Approved
2238,1,Not Graduate,Yes,1835337,33022119,15,593,19461486,17245488,21495210,12023876,Approved
2239,2,Graduate,Yes,3064265,21025661,19,496,28405458,2610140,38039716,9939404,Rejected
2240,5,Not Graduate,Yes,2055417,3281221,16,658,14123474,16974011,4542203,13298412,Approved
2241,1,Graduate,Yes,1424727,33895095,12,716,2869189,5257267,11031042,9054255,Approved
2242,3,Graduate,No,2456071,29335879,14,848,2156690,13003610,28520436,10492699,Approved
2243,2,Not Graduate,Yes,5803974,10761811,8,836,24215867,5068745,32028254,4959684,Approved
2244,0,Graduate,No,7849031,38158948,14,770,10128871,3181867,35567319,11948699,Approved
2245,4,Graduate,Yes,6965017,37612224,15,762,8616222,8737815,761020,7842878,Approved
2246,4,Not Graduate,Yes,7758621,39334137,13,570,2967115,7394294,30458965,11761072,Rejected
2247,3,Graduate,No,7212892,15109886,3,505,19314739,9844845,12615150,3004400,Rejected
2248,1,Graduate,No,3952802,36513131,11,638,1830846,4581841,21863151,3943101,Approved
2249,0,Not Graduate,Yes,9022401,31910605,15,724,26310774,18979595,35522743,1291103,Approved
2250,2,Graduate,Yes,1889171,34433887,5,611,6061722,13033804,35367237,9923045,Approved
2251,3,Graduate,Yes,7057800,21745953,16,424,2009308,16307658,7253598,10775459,Rejected
2252,3,Graduate,Yes,1286902,11232105,18,308,20386745,15130662,18450209,4170179,Rejected
2253,1,Graduate,No,7702763,9189991,12,334,10306604,14048638,11133721,5646691,Rejected
2254,3,Graduate,Yes,1053867,38192616,20,556,20253647,2757394,24102210,8370946,Rejected
2255,1,Not Graduate,Yes,2318584,19995717,18,775,1157683,11408880,32399383,11108985,Approved
2256,4,Graduate,Yes,4034537,36673547,10,774,25066423,17420343,12463194,4453235,Approved
2257,4,Graduate,Yes,7005794,22044513,18,785,9013829,1864540,4758554,7178554,Approved
2258,3,Graduate,Yes,646315,21247402,19,726,22011801,8978822,2521317,2726916,Approved
2259,0,Graduate,Yes,2722080,3171204,4,313,27227886,3576152,2084781,11903903,Rejected
2260,5,Not Graduate,No,3469623,16061444,20,830,15582924,15423113,14363623,12839046,Approved
2261,0,Graduate,Yes,7364008,22101412,2,869,9720837,18068744,37866288,10872249,Approved
2262,5,Graduate,Yes,9623026,4583276,11,810,9097011,1001769,9868409,11987607,Approved
2263,0,Graduate,No,6218840,6651572,19,567,19972830,15546085,15867836,11232725,Rejected
2264,3,Graduate,No,5173545,23452856,15,429,169114,6995275,26459939,12284871,Rejected
2265,0,Graduate,Yes,3495543,10027028,7,844,4274486,18699633,25788553,6311172,Approved
2266,0,Not Graduate,Yes,8261918,27761401,14,411,18831700,286750,10585507,3020789,Rejected
2267,4,Not Graduate,No,1250999,18348107,6,773,747276,3714286,4982943,14129335,Approved
2268,4,Graduate,Yes,1466806,16136666,6,880,8430653,13938603,6137091,34747,Approved
2269,0,Not Graduate,No,2171589,4901440,19,841,18847519,15101159,8630953,5957242,Approved
2270,5,Graduate,Yes,2827172,16216359,2,613,7277912,1541348,3377415,10676062,Approved
2271,1,Graduate,Yes,4723641,21554753,20,800,27084290,3105356,18031245,11659213,Approved
2272,1,Not Graduate,No,9476156,22773807,10,799,28367423,6562744,25314471,10077665,Approved
2273,1,Not Graduate,Yes,6573863,10891363,3,885,977657,675572,26466006,7196955,Approved
2274,2,Graduate,No,3958808,1389136,16,516,5070389,15165924,35633769,13559939,Rejected
2275,1,Not Graduate,No,2272894,36944631,2,678,26406150,12991309,11495318,3455759,Rejected
2276,2,Graduate,Yes,6554380,37848344,8,791,943850,14529949,25667609,2088536,Approved
2277,1,Not Graduate,Yes,2680732,35741579,6,436,14161690,9110526,34677643,9245034,Rejected
2278,0,Not Graduate,Yes,9766043,11664303,16,435,27627260,12421618,1112583,4710980,Rejected
2279,2,Not Graduate,No,4881718,23921795,9,534,17126739,11112176,30620844,6895908,Rejected
2280,4,Not Graduate,Yes,5597720,5822921,14,516,8904795,13464000,3455946,6716544,Rejected
2281,4,Not Graduate,No,9054277,35797904,3,751,185032,8741425,21621069,3881826,Approved
2282,2,Not Graduate,No,3192390,515145,15,862,11448523,12633887,32565148,14677280,Approved
2283,1,Not Graduate,No,4823683,18750242,15,394,15769235,12520237,18001078,5623215,Rejected
2284,4,Graduate,Yes,5413095,33890149,7,495,2355205,12440753,21942521,9854973,Rejected
2285,4,Graduate,Yes,2856527,28741996,18,858,15371795,16925804,24286067,2351078,Approved
2286,4,Graduate,No,735444,34137729,10,657,11758297,6783300,22652262,14569153,Rejected
2287,5,Not Graduate,No,2980714,19757742,14,423,9481653,17050828,28681196,14509567,Rejected
2288,4,Graduate,Yes,1301224,4036018,5,662,28291639,546414,33680052,1015985,Approved
2289,5,Graduate,No,6821665,606962,19,826,26006264,9431949,5290051,9454800,Approved
2290,2,Not Graduate,Yes,270276,6267859,6,524,20195973,8571421,16302585,8740765,Rejected
2291,2,Graduate,No,3301642,2555668,13,590,17194236,16840851,33423541,2551109,Rejected
2292,1,Not Graduate,No,8865259,17857767,3,668,13788302,881917,14950045,11310692,Approved
2293,1,Not Graduate,Yes,5772444,2281558,2,805,2047038,4204984,19184589,11239448,Approved
2294,4,Graduate,Yes,6778548,7579603,4,639,8947424,9096027,29093515,12408617,Approved
2295,4,Graduate,Yes,6751444,16740955,19,875,303541,15819726,36665484,8847613,Approved
2296,4,Graduate,Yes,3123631,29144189,5,753,10651879,9003132,9862824,10396058,Approved
2297,1,Graduate,Yes,6396731,26729975,18,553,13782817,12395615,37457261,10621502,Rejected
2298,2,Graduate,No,2367382,2575158,13,592,17786739,3467197,27822651,11280930,Approved
2299,1,Graduate,Yes,6427905,35708918,3,718,10329273,18299917,1204099,8591949,Approved
2300,5,Graduate,Yes,6894151,21848606,10,342,7404496,15214675,33773971,10946580,Rejected
2301,1,Graduate,Yes,8786188,13975815,11,436,20661311,833891,15071654,888868,Rejected
2302,0,Not Graduate,Yes,9211415,15305429,7,443,4421672,13661661,11062351,9079853,Rejected
2303,3,Not Graduate,No,435019,33557982,13,781,3649624,2510685,20627957,2987624,Approved
2304,5,Graduate,Yes,3131563,18525902,18,794,20260254,10855067,22587590,5983266,Approved
2305,5,Not Graduate,No,5561723,9936649,18,792,17048738,13743790,21152143,11300541,Approved
2306,0,Graduate,Yes,3351279,16950479,11,363,25301570,17962626,2165203,1672935,Rejected
2307,1,Graduate,No,6262066,2982541,18,477,21502964,1367800,32237819,11088949,Rejected
2308,0,Graduate,No,8571559,6303840,19,487,26234782,5571429,13396841,3815326,Rejected
2309,1,Graduate,Yes,2728729,12631533,3,314,19333668,13393307,5531276,11081967,Rejected
2310,3,Graduate,Yes,8955083,8935034,14,454,24485279,5083425,22179757,11269809,Rejected
2311,1,Graduate,No,8843772,13992447,16,559,4922640,13824417,24401321,223656,Rejected
2312,0,Graduate,No,9157559,2840461,2,832,15440450,3558654,4057688,3436126,Approved
2313,3,Graduate,Yes,920652,24214213,13,402,27485848,3173482,36949801,11835716,Rejected
2314,0,Not Graduate,No,3072911,4819194,19,817,22954981,10562131,23543852,5029142,Approved
2315,1,Not Graduate,No,1416257,8805120,7,791,11729446,13368553,39070294,6455184,Approved
2316,0,Not Graduate,No,1379063,38633478,18,395,26956951,3983929,26282285,230151,Rejected
2317,0,Not Graduate,Yes,720810,531597,19,456,9094082,16954709,395353,10196823,Rejected
2318,2,Not Graduate,No,4511976,11267643,14,575,679851,16856574,8168860,1371700,Rejected
2319,5,Graduate,No,1054790,19907457,13,867,23180274,1575360,38124637,3999571,Approved
2320,4,Graduate,No,3098495,12335401,12,771,11992058,5903609,21937245,7009838,Approved
2321,0,Graduate,Yes,9817365,12864768,9,884,998225,10788747,4790633,11312070,Approved
2322,0,Graduate,No,8861894,5282568,10,487,5940051,9524061,2911595,7324655,Rejected
2323,2,Not Graduate,Yes,9383471,16897443,11,846,2094284,4946833,21048461,14439541,Approved
2324,3,Graduate,Yes,559022,29902437,11,874,29005971,10272508,23289922,7677427,Approved
2325,4,Not Graduate,Yes,6676924,23346143,17,660,24668207,18677912,9657696,3727019,Rejected
2326,4,Not Graduate,Yes,6412029,36526399,16,392,27050370,5968343,7639523,2805719,Rejected
2327,2,Graduate,No,1501090,27728316,8,460,5296751,4249057,23770528,11527705,Rejected
2328,1,Not Graduate,No,9080578,31258221,11,377,23343611,14325340,17073682,6755872,Rejected
2329,0,Graduate,Yes,4162900,17221951,6,785,16404681,11071151,1451442,8892771,Approved
2330,0,Graduate,Yes,9771370,24314541,5,488,8610102,13426214,2260331,5441602,Rejected
2331,0,Graduate,Yes,1316967,22963602,9,721,19464307,12539743,9342641,4014508,Approved
2332,5,Graduate,No,6571280,32178731,3,460,27706175,14759733,22111852,8818019,Rejected
2333,1,Not Graduate,Yes,1481209,19942698,18,887,13401081,14147940,11782564,4327048,Approved
2334,4,Graduate,Yes,9509245,16145825,4,764,851187,11754857,586417,14698425,Approved
2335,3,Graduate,No,6154466,3046056,8,526,24514586,8817083,35891801,10755073,Rejected
2336,3,Graduate,No,941462,33992297,6,586,5471955,8927536,27183060,12047995,Rejected
2337,2,Graduate,Yes,2305259,17372902,5,335,5312805,5148415,22878278,4179885,Rejected
2338,4,Not Graduate,Yes,3720928,31601939,8,382,17951026,8708991,9574716,430520,Rejected
2339,0,Not Graduate,Yes,326027,26882485,15,900,23248661,11737125,27761821,702565,Approved
2340,0,Graduate,No,285404,367606,18,790,23076495,13900770,37093469,12626737,Approved
2341,2,Not Graduate,No,9269703,25832822,5,803,25257471,14994607,26499795,12847216,Approved
2342,2,Graduate,Yes,9815601,19421530,6,686,25713657,7314483,11592634,9988694,Rejected
2343,3,Graduate,Yes,5454873,9699084,10,433,3733593,14219381,15377702,8657554,Rejected
2344,4,Not Graduate,Yes,9046720,10672970,8,363,8744800,8482839,36421955,3075257,Rejected
2345,3,Graduate,Yes,6621210,25307848,17,736,20955697,6952081,549625,11149562,Approved
2346,1,Graduate,No,474915,3680330,6,499,11372413,3175219,8674611,7589319,Rejected
2347,1,Graduate,Yes,7202044,24067386,9,300,20835240,5158156,4195213,8867388,Rejected
2348,4,Graduate,No,377699,33470885,12,313,13235477,13184830,25135746,352172,Rejected
2349,1,Not Graduate,Yes,8201773,3704332,9,635,13135841,4198897,17985292,7591924,Rejected
2350,3,Graduate,No,3796301,611627,13,804,784938,1492340,5220797,10197141,Approved
2351,3,Graduate,Yes,1584322,2675584,17,518,17702318,5276025,36898755,11318741,Rejected
2352,4,Graduate,No,2733672,28922410,12,900,25141505,19215935,21627630,2138182,Approved
2353,4,Not Graduate,Yes,6896853,33533341,10,529,23823396,2905650,9751306,472698,Rejected
2354,2,Not Graduate,Yes,8499937,39037132,20,740,9834298,2788508,37077462,12577513,Approved
2355,1,Not Graduate,Yes,5793096,1430229,20,446,19693205,7821591,27374093,4584731,Rejected
2356,2,Not Graduate,No,1772747,19195175,20,664,5799002,7429780,5091107,6950950,Approved
2357,2,Not Graduate,Yes,9021512,2188290,2,465,18436210,17853820,32402557,9223790,Rejected
2358,1,Not Graduate,Yes,7948365,14852629,17,767,11907634,4612944,2313611,7223725,Approved
2359,3,Not Graduate,No,4216728,12371695,19,573,26966929,8094601,35545983,13876428,Approved
2360,1,Graduate,No,5633705,24048652,17,325,20677394,5638767,15423541,12381870,Rejected
2361,3,Graduate,No,9646521,35932676,16,449,2133294,4847910,11504667,5786665,Rejected
2362,4,Graduate,Yes,3898439,31844155,8,511,25343643,6255593,2097083,2808268,Rejected
2363,5,Graduate,Yes,452587,2793834,15,580,21072702,4988018,36506300,14336776,Rejected
2364,0,Graduate,Yes,1628053,9717878,13,462,6267455,13935730,21937573,10411341,Rejected
2365,4,Not Graduate,Yes,6083107,11076049,17,646,8222229,15328500,23832904,11102643,Approved
2366,0,Not Graduate,No,9977375,10127496,8,879,5023037,3428935,33334551,6820811,Approved
2367,2,Graduate,No,7451040,14146789,16,727,9026663,9620653,19929545,7127977,Approved
2368,1,Graduate,No,6256264,24101378,16,487,27464084,5118816,11362805,2672388,Rejected
2369,0,Graduate,No,3365418,29291545,17,706,26254739,16831080,30512991,6308628,Approved
2370,1,Not Graduate,Yes,4505946,37143289,5,881,16030986,1963398,20783294,7975875,Approved
2371,0,Graduate,No,576055,27854549,18,445,10540086,7937740,9357534,1902805,Rejected
2372,4,Graduate,No,3837050,11998847,6,439,10643965,6430323,33106298,9340604,Rejected
2373,0,Graduate,No,6309996,7516926,19,323,27847228,7051272,31853145,9043353,Rejected
2374,2,Not Graduate,No,9076137,15068783,2,806,5800196,18260089,9694129,12361398,Approved
2375,4,Graduate,Yes,9239753,31646396,6,800,22043760,10490821,25478537,769598,Approved
2376,5,Not Graduate,Yes,8247680,39238666,13,548,28961711,7374114,36099334,3317384,Rejected
2377,5,Not Graduate,Yes,410683,15677950,12,824,24888896,15674470,31335152,6307392,Approved
2378,0,Graduate,No,8149621,7207909,15,691,20928262,15080363,7791404,12934682,Approved
2379,5,Not Graduate,Yes,2342455,494153,9,888,26184364,2809434,33544310,3494318,Approved
2380,3,Not Graduate,Yes,6238745,3317152,2,854,6340462,8957056,2209533,14290612,Approved
2381,1,Not Graduate,Yes,9474607,25265340,13,876,28626781,7994739,24200019,14057405,Approved
2382,2,Graduate,Yes,8901975,23418405,11,535,2655649,8722233,20047012,1394519,Rejected
2383,5,Not Graduate,No,6711227,25518319,11,680,402717,6768920,1440016,5339980,Approved
2384,2,Not Graduate,No,3132928,1251265,9,400,5799116,15985036,28460227,3805249,Rejected
2385,1,Graduate,No,5304657,7372982,18,837,17719856,520297,11671708,7192029,Approved
2386,5,Graduate,Yes,7096320,13491395,17,491,7209309,16618938,33409115,13587838,Rejected
2387,5,Not Graduate,Yes,5239272,24690600,5,569,18435179,16778798,34418373,5519748,Rejected
2388,5,Not Graduate,Yes,4163588,11108343,2,657,3232592,7092600,23146083,9745439,Rejected
2389,5,Not Graduate,No,4147858,26152886,5,773,20284775,9413043,24576695,2016984,Approved
2390,5,Not Graduate,No,6079988,11635157,2,739,6682854,1980159,2042126,8382552,Approved
2391,2,Graduate,Yes,550685,20308670,15,874,15232923,6811867,34890209,5182956,Approved
2392,1,Graduate,Yes,9981900,18296628,13,728,3398289,4621919,26717168,13491704,Approved
2393,3,Not Graduate,Yes,1200238,15342923,10,778,28234001,17592598,15073517,11451282,Approved
2394,1,Graduate,No,9848343,5240676,13,644,10991992,2077632,3361191,3162519,Approved
2395,2,Graduate,Yes,546683,22886945,17,549,17597218,6593271,19785316,9131576,Approved
2396,3,Not Graduate,No,5223666,39111662,17,848,14148282,9329690,35313190,5028924,Approved
2397,5,Graduate,Yes,4292305,25520722,10,527,17323229,18967328,33813623,6430000,Approved
2398,1,Graduate,Yes,5823862,29535284,13,672,13248792,15856362,3866861,6800425,Approved
2399,1,Graduate,No,4448986,31796497,12,475,2128890,18165316,29871629,12062388,Rejected
2400,4,Graduate,No,8993754,1797806,20,589,24130012,6017386,3207428,4265682,Approved
2401,0,Graduate,No,363318,31375833,16,520,18695909,5197710,14798044,60986,Rejected
2402,3,Graduate,Yes,9859230,9804658,7,455,7391265,11084445,17529285,2835595,Rejected
2403,4,Graduate,Yes,6956470,26360190,18,793,2445304,6607692,887107,12151031,Approved
2404,3,Graduate,No,7830357,38867246,9,761,25814430,306737,5381005,4361207,Approved
2405,2,Not Graduate,No,1570097,35353918,16,721,9677163,15756050,34509310,875173,Approved
2406,4,Not Graduate,Yes,838807,16545676,20,349,26426374,1840471,24672567,5885568,Rejected
2407,2,Not Graduate,No,4090834,33150590,17,450,22286826,3794835,30825188,12792997,Rejected
2408,4,Not Graduate,No,3361869,24549147,4,431,27930171,18298804,22399135,12836137,Rejected
2409,2,Graduate,No,7872984,5523243,5,727,19203067,14199860,17607104,13929309,Approved
2410,0,Not Graduate,Yes,8986311,9704559,17,836,5266612,12464423,713765,10052797,Approved
2411,3,Not Graduate,No,4389133,37801835,4,528,1031114,2505532,21412627,12041791,Rejected
2412,0,Graduate,No,7729855,36176365,2,498,7151358,4865082,30205819,11362972,Rejected
2413,5,Graduate,Yes,783687,35256299,6,635,12782615,3988747,8009031,288028,Rejected
2414,3,Not Graduate,Yes,7473884,15360994,11,893,18153519,12441828,19247731,6144665,Approved
2415,2,Not Graduate,No,1173501,12880345,4,522,26070249,9709812,16154362,7735257,Rejected
2416,2,Graduate,Yes,6745648,31895533,4,467,4099946,6994534,34141227,6818408,Rejected
2417,3,Graduate,Yes,3945058,1091229,8,613,18477221,14470105,6397260,12183305,Approved
2418,1,Graduate,Yes,4269586,23975857,13,850,2491580,15092611,4127992,14437448,Approved
2419,1,Graduate,No,2908263,25101969,12,738,14010078,14344915,8254327,8011740,Approved
2420,2,Not Graduate,No,4151765,17485969,17,611,2144588,2052124,6123490,1415655,Rejected
2421,1,Not Graduate,No,8769283,38688706,20,739,10880103,11813092,33177684,5291069,Approved
2422,4,Graduate,No,8127539,29683013,2,309,17638954,4074560,10215310,2906538,Rejected
2423,0,Not Graduate,No,3535115,2410359,15,752,21503039,5278985,14208917,6919222,Approved
2424,4,Not Graduate,Yes,3079047,20864311,5,358,23416133,18979365,10081020,3441897,Rejected
2425,2,Not Graduate,Yes,5189339,33997190,8,535,15263064,8058330,31937154,1186200,Rejected
2426,3,Graduate,Yes,6911353,3298425,8,510,7533572,15279331,26030920,2521977,Rejected
2427,0,Not Graduate,Yes,1986966,29185331,15,714,26568794,4776556,18576874,7295810,Approved
2428,2,Not Graduate,Yes,7316844,9891747,6,444,27165836,18863671,31317159,2079629,Rejected
2429,4,Not Graduate,No,9497162,20155748,18,443,28156390,5374138,2774488,409348,Rejected
2430,1,Graduate,Yes,8476649,34894932,9,831,23045323,3530197,26595560,4121689,Approved
2431,0,Graduate,Yes,5573090,19599402,17,586,22636436,3364688,14171865,9468497,Rejected
2432,3,Not Graduate,No,3334879,1777436,20,745,2254097,11617645,14866584,9272163,Approved
2433,0,Graduate,Yes,3370259,1114375,11,650,16661624,2794033,6204319,5739648,Approved
2434,1,Not Graduate,No,7470515,29177451,3,672,11852521,4027340,3805447,9751013,Approved
2435,2,Graduate,No,4657529,36791991,15,712,7535820,13621595,27188195,2812741,Approved
2436,3,Not Graduate,No,1243601,11744185,10,701,1979232,825848,33324866,10621401,Approved
2437,3,Graduate,No,6840946,36967936,8,848,6207742,8545150,35726646,255528,Approved
2438,4,Graduate,Yes,1553005,18043480,10,771,26632149,13433620,9547687,1986493,Approved
2439,5,Graduate,No,9871639,2601580,7,483,26442568,8642171,29912562,13555149,Rejected
2440,0,Graduate,Yes,4289893,21115413,7,401,21615542,423044,4359585,6877166,Rejected
2441,2,Graduate,No,3551576,38469795,20,808,2955604,3065509,30514754,8177889,Approved
2442,0,Graduate,No,741212,10103189,7,523,19978463,18833225,22194408,5841362,Rejected
2443,0,Graduate,No,1843688,37956853,10,486,3689616,14979194,33785168,9510214,Rejected
2444,1,Not Graduate,Yes,9487444,25856850,15,366,19866623,6795538,2649346,10995910,Rejected
2445,3,Not Graduate,No,5463745,15826246,6,631,979995,16949575,30445254,11456558,Approved
2446,5,Not Graduate,No,9038579,27482935,13,607,8298810,127678,18310105,3662167,Rejected
2447,4,Graduate,No,9567997,16009636,19,797,3565097,918422,22288071,9210879,Approved
2448,3,Not Graduate,Yes,679550,3634331,17,749,27165989,17160955,21126464,11530591,Approved
2449,4,Not Graduate,No,3931691,34433913,2,734,16551077,13079826,27999630,6072629,Approved
2450,1,Graduate,Yes,8415455,14957941,9,623,26852800,11636207,23481479,5615710,Approved
2451,5,Not Graduate,Yes,5057561,22477937,2,818,590723,6683561,16305426,9225546,Approved
2452,5,Not Graduate,No,5186967,29479590,13,890,21519124,15857410,17065900,8434953,Approved
2453,0,Graduate,Yes,5786940,3549853,8,789,13963906,11798532,2774888,3711993,Approved
2454,2,Graduate,Yes,7079237,28588193,18,509,13645869,8439479,28390011,14080360,Rejected
2455,4,Graduate,No,9399786,14617536,5,466,25411935,7382515,27658727,8251869,Rejected
2456,2,Graduate,No,8891926,21648451,18,300,1371067,6871128,22226210,8297517,Rejected
2457,5,Not Graduate,Yes,6325884,18219109,8,896,27475452,11161112,28289109,3022133,Approved
2458,5,Not Graduate,Yes,5854350,30784852,19,740,823860,12710675,10544093,9927836,Approved
2459,2,Not Graduate,Yes,3737759,7651772,5,863,10557141,15612820,8769925,13486115,Approved
2460,0,Graduate,Yes,1340005,4519679,7,773,4019709,7876416,36251554,10673705,Approved
2461,2,Graduate,No,7148306,16409362,8,558,15223373,4925039,37394509,7490644,Approved
2462,1,Not Graduate,Yes,225270,4933881,20,387,17336752,10790446,33427031,9357659,Rejected
2463,2,Graduate,No,7042090,9814787,15,328,18684030,11318335,2058448,3437452,Rejected
2464,3,Not Graduate,Yes,5069831,26073581,17,776,23224691,5389763,21512765,890131,Approved
2465,2,Not Graduate,No,7907484,32395509,12,482,21853233,1421965,28849594,9402598,Rejected
2466,1,Graduate,No,9502475,27478688,17,527,27600353,6453320,1455957,2672238,Rejected
2467,1,Not Graduate,No,5619275,12754641,13,802,13083654,1369119,37964352,1327698,Approved
2468,4,Graduate,Yes,5811694,32229453,14,589,5103036,1594500,30853788,11390531,Rejected
2469,0,Graduate,Yes,4976253,16218667,17,871,4530482,18738964,12118671,6380079,Approved
2470,1,Graduate,No,3854803,7396645,20,628,8017861,15158616,19853228,12543825,Approved
2471,5,Graduate,Yes,1070988,29944869,12,799,17545114,687594,35768644,12729679,Approved
2472,0,Graduate,No,503035,20557449,10,375,1574318,6767706,33462678,1807091,Rejected
2473,2,Not Graduate,No,7285478,14826939,14,538,27785606,4939779,32396301,11287519,Rejected
2474,1,Not Graduate,Yes,9166799,26204587,16,410,28781272,18914983,38572792,4922429,Rejected
2475,0,Graduate,Yes,727776,28710487,20,333,4795931,8489964,29169091,10340561,Rejected
2476,2,Not Graduate,Yes,3406135,9069023,15,895,22724628,5039321,36665082,647817,Approved
2477,3,Not Graduate,Yes,6160416,4897147,20,611,17351956,12314296,37388629,6917869,Rejected
2478,1,Graduate,Yes,7106819,20563572,15,512,13988781,9216021,764870,9240355,Rejected
2479,0,Graduate,No,7405784,2320078,20,526,21377548,3633689,25639037,6569123,Rejected
2480,0,Graduate,No,7003525,25327045,16,444,16748951,5927324,13091570,8110044,Rejected
2481,3,Not Graduate,Yes,1021858,17540700,18,373,9419128,2470737,19399321,166251,Rejected
2482,5,Not Graduate,No,2688055,8706421,5,848,16359275,13462152,6575212,108257,Approved
2483,1,Graduate,Yes,4798591,23764669,20,363,3950624,18831021,26486696,8820557,Rejected
2484,1,Not Graduate,Yes,825019,15022086,8,531,7401897,15682298,32723433,6114988,Rejected
2485,2,Graduate,No,3563207,15526034,17,391,28313461,7281858,16143492,8482022,Rejected
2486,2,Not Graduate,No,3973004,8780481,9,858,5394869,9448008,27370328,5285935,Approved
2487,1,Not Graduate,Yes,9785355,26802549,10,423,17408215,1180361,12735577,77601,Rejected
2488,0,Not Graduate,Yes,3307884,35695362,16,536,8641993,7118394,29379982,10293101,Rejected
2489,3,Graduate,No,9719435,24552260,12,753,13524852,622375,3224028,2014540,Approved
2490,2,Graduate,Yes,7062513,9582516,15,642,7192168,14448175,34499971,11538819,Approved
2491,2,Not Graduate,Yes,6984257,32968887,3,529,16551487,17639015,14817936,182811,Rejected
2492,1,Graduate,Yes,8233869,5036717,17,638,16224067,3714227,19789238,13654464,Approved
2493,5,Graduate,Yes,8454662,11659154,9,562,17972846,13075253,31485246,3721730,Approved
2494,3,Graduate,No,2379965,1678088,16,473,8968701,11629646,1170212,13122122,Rejected
2495,2,Not Graduate,No,4324958,33556787,7,659,16844946,8106118,37061082,56640,Approved
2496,1,Graduate,Yes,5376665,2062176,13,519,21212293,14232314,24086297,6617147,Rejected
2497,4,Not Graduate,Yes,9772265,21713015,13,877,20950394,13187091,38225947,6135328,Approved
2498,5,Not Graduate,Yes,597961,7810180,4,578,16527046,5223830,21606272,2415364,Approved
2499,0,Not Graduate,Yes,4872500,8618507,11,754,8705239,15490790,8095814,7002978,Approved
2500,5,Not Graduate,Yes,2299707,24141774,14,440,15488875,12720567,22829194,3163376,Rejected
2501,4,Graduate,No,2226704,31808015,17,688,15625396,6062477,22400125,6425100,Approved
2502,0,Not Graduate,No,7665264,991875,18,636,27682648,14263387,36090854,5506698,Approved
2503,4,Not Graduate,No,2178554,6518379,9,747,10971711,12428436,22569327,2931021,Approved
2504,0,Not Graduate,Yes,7975304,11540362,14,577,9382117,2277882,15925986,11593197,Rejected
2505,0,Not Graduate,Yes,9940438,37287438,5,732,21821593,3227518,6901063,7696320,Approved
2506,0,Not Graduate,Yes,7808764,2580142,19,335,18486353,6283805,12779116,12324607,Rejected
2507,2,Not Graduate,Yes,1865232,7297256,18,714,12428613,860344,22799825,11967190,Approved
2508,3,Not Graduate,Yes,1595401,16123424,20,752,1473,7882337,14463563,3858541,Approved
2509,2,Graduate,Yes,4483828,13063709,11,598,20512909,8954037,14220303,4280864,Approved
2510,0,Graduate,No,5600140,2204208,8,320,21444478,15053573,570411,13987578,Rejected
2511,1,Graduate,Yes,7827773,21475603,16,640,27072743,3326958,36942332,4594858,Approved
2512,5,Not Graduate,Yes,4342542,24115638,15,769,14624028,11009599,32798473,1392810,Approved
2513,5,Graduate,No,1837222,7238063,6,577,14989756,12893505,10003926,7979539,Approved
2514,4,Graduate,No,9916566,27286231,12,356,6064002,8721492,5386976,14210539,Rejected
2515,0,Not Graduate,No,9064648,2524248,14,537,13376503,17602344,32730478,3436189,Rejected
2516,4,Graduate,Yes,6609885,28968432,10,897,43957,6184185,32797440,9372189,Approved
2517,4,Not Graduate,Yes,7015504,10458941,9,462,14571051,7913690,35156740,4965459,Rejected
2518,3,Not Graduate,Yes,9364981,9094261,6,618,20572069,78790,21458603,5659476,Approved
2519,0,Graduate,Yes,4853672,7998520,9,513,22869867,7968579,28846192,6650827,Rejected
2520,5,Graduate,No,1624433,34345207,6,728,19284590,392269,28598463,2105992,Approved
2521,2,Not Graduate,No,6138412,19982512,7,557,23437223,19086974,8415349,5678645,Rejected
2522,0,Not Graduate,No,4618558,27359296,5,530,19363347,4664656,20539669,4013119,Rejected
2523,1,Not Graduate,No,8037569,8295117,9,648,22693505,15755709,10206467,12028014,Approved
2524,2,Not Graduate,Yes,7761755,2520688,13,643,12729935,2263797,29551717,3350461,Approved
2525,0,Graduate,Yes,4820132,1796969,9,600,17523663,5319996,38067820,12480205,Approved
2526,1,Not Graduate,No,3805006,17578055,4,455,18603552,2319979,3000156,246965,Rejected
2527,2,Graduate,No,4336133,13096751,17,364,16661307,7153197,2972499,5922313,Rejected
2528,5,Graduate,No,6398583,30396055,10,714,16625842,11693148,10357125,3944295,Approved
2529,0,Not Graduate,No,6442868,31205583,13,504,22752132,8144998,4589767,6582462,Rejected
2530,3,Graduate,Yes,5214681,12487042,11,668,6951845,11745833,353460,11333591,Approved
2531,5,Not Graduate,Yes,5412407,17295569,11,526,9220994,15642638,38359933,14066343,Rejected
2532,4,Not Graduate,No,9920909,15257104,10,813,15096150,868578,22831926,10700049,Approved
2533,5,Graduate,Yes,2686610,26763285,16,724,18781128,8231432,30454275,7395386,Approved
2534,1,Not Graduate,No,1903951,24980470,18,542,14974650,11522343,22192711,7532511,Rejected
2535,4,Not Graduate,Yes,8031836,25822248,19,500,5802649,10154913,29258246,14597571,Rejected
2536,5,Graduate,Yes,9366418,2474850,10,750,23967426,2828880,26897570,14575422,Approved
2537,1,Not Graduate,Yes,6165131,13547259,8,304,15883180,4009255,6280144,11213200,Rejected
2538,2,Graduate,No,4135395,38203854,3,334,12614530,7318179,5896616,2415065,Rejected
2539,3,Not Graduate,Yes,3615374,13698974,10,350,25551802,12635601,19166402,3884213,Rejected
2540,2,Graduate,Yes,4786331,7139655,20,507,12690086,19199866,14544826,4004245,Rejected
2541,1,Not Graduate,No,714065,8124788,6,598,4699882,7147529,32957894,3367662,Approved
2542,5,Not Graduate,Yes,5380298,1345542,18,476,28646170,10126904,12003007,14224522,Rejected
2543,5,Not Graduate,Yes,2842012,30907381,16,413,11134241,5945778,12891731,2338247,Rejected
2544,2,Graduate,No,2800592,508660,14,488,26028898,663247,20736905,12537150,Rejected
2545,4,Not Graduate,No,5691462,23668090,12,597,15040412,7728418,7556393,11850342,Rejected
2546,2,Graduate,No,9643843,15962531,16,478,7050522,6744569,33651597,7769504,Rejected
2547,4,Graduate,Yes,2217434,4011573,3,645,10957830,2920163,429056,4510872,Approved
2548,3,Not Graduate,No,9132575,34962732,4,529,26489529,13015424,33223728,3907410,Rejected
2549,2,Not Graduate,Yes,5290176,29385093,5,860,27490249,5014754,24403665,9934149,Approved
2550,0,Not Graduate,No,9734470,32434674,16,896,4014829,4357198,34806460,9866059,Approved
2551,3,Graduate,Yes,3945679,37016858,10,694,28725105,7551259,11517364,7940001,Approved
2552,1,Not Graduate,No,9969812,36052196,5,633,24833679,18710315,35291111,8356032,Approved
2553,1,Not Graduate,No,6667634,27765483,2,318,18848424,12345899,33855959,12142160,Rejected
2554,1,Not Graduate,Yes,6764041,21224267,11,674,5334710,8250697,17903278,11090804,Approved
2555,5,Graduate,Yes,5719546,27622340,9,528,17068651,15920844,11113908,11037016,Rejected
2556,0,Not Graduate,No,4626518,17890852,5,474,12385057,409093,7725542,4121129,Rejected
2557,4,Not Graduate,No,5346124,7407735,2,776,3622640,6534129,5941771,937109,Approved
2558,5,Not Graduate,No,8537193,15425750,16,325,28632119,10486983,22858058,6741488,Rejected
2559,0,Graduate,No,7965026,18602799,16,456,17559191,9480236,37649542,4974885,Rejected
2560,3,Graduate,No,433287,2119588,6,765,2824124,13118078,22175831,4923632,Approved
2561,3,Graduate,Yes,7007264,33520772,11,855,9944019,13613963,37819258,7645451,Approved
2562,2,Not Graduate,Yes,8377160,35953234,6,609,24437825,8846228,29624879,13602617,Rejected
2563,4,Graduate,No,7492555,16763311,9,617,12868398,18034461,26852934,11813492,Approved
2564,2,Graduate,Yes,5073403,19750103,4,881,14396757,18006514,28418710,9923006,Approved
2565,2,Not Graduate,No,3488036,33266070,19,355,4145970,9218386,36392719,10496204,Rejected
2566,2,Graduate,Yes,6797556,18138643,15,589,3229848,17497484,33636772,6082532,Approved
2567,4,Not Graduate,Yes,6704069,27275034,19,445,28457623,12432738,6343876,8076238,Rejected
2568,3,Not Graduate,Yes,3865651,20494565,7,586,27717499,2695825,22929246,6375689,Rejected
2569,2,Graduate,No,4182233,10928320,18,844,2773569,2319801,18045361,11883117,Approved
2570,5,Graduate,Yes,3812507,31430857,11,658,15982632,1550994,34464809,14557895,Approved
2571,4,Not Graduate,Yes,640973,7854477,5,895,19818270,4108767,8003028,6393448,Approved
2572,5,Graduate,No,510828,9099266,8,603,25626653,6058794,32142996,10597153,Approved
2573,4,Not Graduate,Yes,1014181,27402477,17,818,16286221,1341057,18768303,818195,Approved
2574,2,Graduate,No,4353136,28128107,16,401,25291012,11797773,36544568,5906090,Rejected
2575,4,Graduate,No,5202075,37715096,15,492,3518099,7977745,31014177,12796875,Rejected
2576,1,Graduate,Yes,4201871,28162174,6,464,425866,11670949,13522620,10090152,Rejected
2577,1,Not Graduate,No,9560674,1268416,14,762,13528476,9759009,33121171,7740922,Approved
2578,2,Graduate,Yes,2402953,33602469,19,608,7706864,5269876,7346924,3142286,Approved
2579,5,Graduate,Yes,4051045,16525581,2,433,21974874,11929755,163244,11883525,Rejected
2580,3,Graduate,No,2623768,640397,8,403,9804417,18451350,19867466,14266660,Rejected
2581,2,Graduate,Yes,3137540,22998632,3,531,11844257,6145054,15268533,5763601,Rejected
2582,2,Graduate,Yes,5924568,6979505,3,392,15564543,5962235,4929001,11900246,Rejected
2583,1,Not Graduate,Yes,3237108,16606257,20,718,27978368,10012495,38967492,8651718,Approved
2584,3,Not Graduate,No,3314160,18765037,6,809,2091300,15601469,1531342,5842084,Approved
2585,2,Graduate,Yes,6774105,3209370,5,882,16079948,10310484,23101146,4867067,Approved
2586,3,Not Graduate,Yes,8336469,33641184,3,441,11318936,16140415,10231930,7393715,Rejected
2587,2,Not Graduate,No,2283148,20305689,20,563,1047768,1437099,11610880,6020752,Rejected
2588,1,Not Graduate,Yes,1291574,38132581,10,602,23705969,1909639,8274782,9070984,Rejected
2589,5,Not Graduate,Yes,2546904,18522302,17,597,26596968,7882591,15248574,2166753,Rejected
2590,2,Graduate,Yes,5860921,23618850,6,572,5039861,4511526,26160923,7013480,Rejected
2591,0,Not Graduate,No,9604946,32143713,14,432,22108419,450483,12644498,10901572,Rejected
2592,2,Not Graduate,No,1768438,8615652,18,367,20407145,4174715,28289093,12422037,Rejected
2593,3,Not Graduate,No,619114,35931275,14,542,20525292,5259353,17545858,4120179,Rejected
2594,0,Graduate,Yes,5376758,7535720,11,355,13395585,17841235,30780228,8823718,Rejected
2595,1,Not Graduate,No,9911138,39341139,6,337,9317650,15176516,17423876,4435447,Rejected
2596,0,Not Graduate,No,5614950,25366203,6,615,2057518,6811435,14330470,11612684,Rejected
2597,3,Not Graduate,No,9259776,20635292,13,816,1016123,18585913,19869041,5206577,Approved
2598,4,Graduate,Yes,6494517,8534710,10,624,5161585,16227543,26913519,9899998,Approved
2599,5,Graduate,No,509709,22608497,2,314,15360586,4862671,18208635,6352253,Rejected
2600,2,Not Graduate,Yes,4388764,21981027,5,805,4103994,9273549,35520946,3927560,Approved
2601,5,Graduate,No,7746447,38862185,10,710,19980035,17880910,20231656,8469609,Approved
2602,1,Graduate,No,5192852,33024628,5,482,18033789,8870049,11604361,9172008,Rejected
2603,4,Not Graduate,Yes,2109028,19229435,12,464,10027241,7195556,1097166,10037257,Rejected
2604,3,Not Graduate,Yes,1973335,15580930,7,840,2541140,17526374,15387480,11631536,Approved
2605,4,Graduate,No,6702673,15474031,7,586,15056744,12812601,2133534,9932635,Rejected
2606,4,Graduate,Yes,4737550,15136110,4,384,23950661,8553487,1401977,12514815,Rejected
2607,3,Graduate,No,5826504,832499,11,469,11458267,16872708,14548843,6228109,Rejected
2608,1,Graduate,No,3855698,1716701,5,458,23473780,14450127,11381176,7477643,Rejected
2609,3,Graduate,Yes,3522623,29755296,13,540,8328616,6747488,34689709,7083792,Rejected
2610,4,Not Graduate,No,6728085,10260115,19,507,2329804,8232923,28622031,8499210,Rejected
2611,5,Not Graduate,No,276074,16422510,19,628,18914521,919519,31000626,2062711,Approved
2612,5,Graduate,Yes,4461253,27669105,14,494,25846538,1976272,21382098,12556253,Rejected
2613,1,Graduate,Yes,3832786,24114125,17,685,25713661,18514987,4318022,7666139,Approved
2614,3,Not Graduate,Yes,7837548,14427337,19,596,27911580,1030039,33359414,8135265,Rejected
2615,0,Graduate,Yes,7338479,29795021,14,865,3135966,16233143,19397373,12892733,Approved
2616,4,Graduate,No,4374722,6505317,6,797,1264921,4039859,16819611,6832896,Approved
2617,5,Graduate,No,2774574,18827495,11,499,16572328,10506164,23699821,6768613,Rejected
2618,0,Not Graduate,No,2510557,4446095,18,325,27654590,14011999,6417533,8307781,Rejected
2619,3,Graduate,Yes,2270310,21139339,14,651,29039270,19228866,18862618,13788799,Approved
2620,5,Graduate,No,2882149,4026092,8,503,8132349,7248804,23746251,3725722,Rejected
2621,5,Not Graduate,No,7653662,37209291,5,841,10918070,17946552,27344612,2290018,Approved
2622,2,Graduate,No,643795,26138031,4,543,19344572,8809687,19606713,1585592,Approved
2623,0,Graduate,Yes,456046,9921605,9,474,26585973,16822376,39092715,10832569,Rejected
2624,5,Graduate,No,5491204,24314762,17,503,5087138,1976402,38816056,157160,Rejected
2625,5,Not Graduate,No,2389862,14019511,12,819,28391865,5200211,3781785,10407436,Approved
2626,3,Not Graduate,Yes,8342633,20626023,3,367,23787965,12086929,3248110,13000692,Rejected
2627,5,Not Graduate,No,7571601,6859865,19,875,1981679,13698548,20208934,10018475,Approved
2628,0,Graduate,Yes,7737295,19912797,9,440,24499678,15586895,32451397,2507684,Rejected
2629,3,Graduate,No,4678873,4485719,9,809,18671493,6943705,20084961,9744000,Approved
2630,0,Not Graduate,No,4490337,6302964,17,627,28469734,12118854,8509521,6510111,Rejected
2631,5,Not Graduate,No,4370738,23193139,9,642,6092950,12042707,22045248,327931,Approved
2632,4,Graduate,No,2121979,19923686,13,422,28882723,19101513,36970416,2905599,Rejected
2633,5,Not Graduate,Yes,5759797,11808575,19,733,1384161,2273600,6545124,10909197,Approved
2634,3,Not Graduate,No,8662148,2649560,11,689,2207459,317022,17463588,8246411,Approved
2635,0,Not Graduate,Yes,2714987,16901776,13,589,13028484,11154199,25023625,7345358,Rejected
2636,0,Not Graduate,No,756454,36593652,8,575,19146740,303994,15415879,11411750,Rejected
2637,2,Graduate,Yes,5734130,28056364,18,658,4857332,3799562,1738164,7705536,Approved
2638,4,Graduate,Yes,4112383,2574680,3,583,7945643,9700108,26250593,14233537,Approved
2639,0,Graduate,No,8015048,37065142,7,885,11345143,5195345,29052040,747827,Approved
2640,5,Graduate,Yes,8594829,16902384,20,324,3654313,5168316,25682084,4208529,Rejected
2641,1,Not Graduate,No,9516262,22871220,11,450,5120805,6717540,25995853,2769202,Rejected
2642,2,Not Graduate,No,4053131,322385,5,811,4329946,13318301,25744071,6083835,Approved
2643,1,Not Graduate,Yes,9037128,12455351,9,776,27762533,7097340,12952607,13391801,Approved
2644,2,Graduate,Yes,1355179,31117097,6,509,27250323,15388276,652569,6017684,Rejected
2645,2,Not Graduate,No,3852806,13262864,11,604,18291284,3085051,38768382,4638266,Rejected
2646,0,Graduate,No,2806305,6813871,6,316,19894192,1987256,8015762,1242571,Rejected
2647,3,Not Graduate,Yes,9246388,3853911,9,406,3989361,3230095,32488112,5790039,Rejected
2648,4,Graduate,No,6080289,36556708,19,867,1468413,17796361,21194327,3363852,Approved
2649,5,Graduate,No,3785396,32164070,3,686,10970476,5382462,21149796,2781291,Approved
2650,1,Graduate,Yes,1689952,2023927,16,323,28641095,580504,822567,1966349,Rejected
2651,5,Not Graduate,No,7873295,36568779,3,776,13906662,6116997,38828008,9293204,Approved
2652,5,Graduate,No,6618366,32474864,10,542,23507336,13355036,20719169,10420549,Rejected
2653,5,Graduate,Yes,8559037,14408919,14,641,10762703,7022748,32539553,10888302,Approved
2654,2,Graduate,No,4493987,26040202,20,814,8997117,7459314,30489399,787224,Approved
2655,5,Not Graduate,No,1669087,10411617,6,803,23633164,1676717,5408709,13542549,Approved
2656,3,Graduate,No,3477017,10089640,3,382,13702220,12948320,37145540,7454254,Rejected
2657,0,Graduate,Yes,6276727,28308594,16,519,21299681,4278449,23169575,8262335,Rejected
2658,1,Graduate,Yes,2561069,8234848,18,463,21143360,1894144,7256650,12897887,Rejected
2659,4,Graduate,Yes,892958,14222990,12,849,21158245,13867722,22769619,4051771,Approved
2660,0,Not Graduate,No,8268634,14320975,3,769,19672533,18179358,24161146,7399461,Approved
2661,2,Not Graduate,No,5399216,6190131,11,689,23554353,11844343,25595450,1043160,Approved
2662,4,Graduate,Yes,4087405,32773393,9,335,13475654,18185721,12602216,7237843,Rejected
2663,0,Not Graduate,No,5617886,26713935,10,782,8822536,7802162,36877658,3911808,Approved
2664,2,Graduate,No,7437097,34088697,3,637,14910546,10076375,9286580,2680882,Approved
2665,1,Not Graduate,Yes,213195,20837962,8,464,9445796,6929566,19287650,9089958,Rejected
2666,3,Graduate,Yes,4515481,7171187,20,566,1257343,9885939,32873060,1912231,Rejected
2667,1,Graduate,Yes,2691532,11256827,2,568,10528868,17321983,3033353,14319322,Rejected
2668,5,Graduate,No,1100298,14155163,19,477,14568427,12315278,15819618,3417622,Rejected
2669,0,Graduate,Yes,552524,37224898,11,846,15143346,518292,18789789,1164207,Approved
2670,5,Not Graduate,No,4516958,9609662,13,851,9901184,11253337,30298040,6565555,Approved
2671,4,Not Graduate,No,5530788,27468837,19,330,21111388,7318455,30881539,5708986,Rejected
2672,5,Not Graduate,No,5175340,5107599,6,862,8294989,10544803,31239551,9670327,Approved
2673,5,Graduate,Yes,7872986,37774275,20,542,18844565,10820352,14057463,9808364,Rejected
2674,1,Not Graduate,No,4686853,25640816,7,780,7846012,11430308,19270807,8705452,Approved
2675,5,Graduate,Yes,5980918,17182667,8,768,28710489,16804950,1062512,8446192,Approved
2676,3,Not Graduate,Yes,8199169,13858144,10,659,18884354,16657425,32249905,11423874,Approved
2677,5,Not Graduate,Yes,6641464,14198547,13,747,16203906,18847280,11887134,9579881,Approved
2678,5,Graduate,No,9126344,9135054,8,709,12491396,11854695,18323262,2050111,Approved
2679,3,Graduate,No,2371649,23812302,17,811,21998748,5534420,26740277,6809164,Approved
2680,2,Graduate,Yes,7910431,34247113,2,554,12390850,3799186,30439795,10109559,Approved
2681,0,Not Graduate,Yes,7028074,9755267,14,744,23374173,16477025,3371569,3925439,Approved
2682,0,Not Graduate,No,5911263,29634063,14,888,4632341,17729893,30075001,12695853,Approved
2683,2,Graduate,No,236707,22494419,12,869,23867800,722702,14737820,7096458,Approved
2684,4,Not Graduate,Yes,5506210,30631437,13,388,27990229,13180077,16376220,4723078,Rejected
2685,3,Not Graduate,Yes,8612973,30474726,16,599,7059469,3204136,5218728,5608581,Rejected
2686,2,Graduate,No,6517237,1836478,19,606,6516252,970832,28098323,9101613,Approved
2687,1,Not Graduate,No,249972,1131750,6,675,27786943,19342921,18656400,10426673,Approved
2688,3,Graduate,Yes,3020737,36173114,11,688,11817777,1865911,4072173,3759601,Approved
2689,3,Not Graduate,No,5779595,6392739,12,809,20235301,4140283,5547328,2522884,Approved
2690,5,Graduate,No,8156099,22829744,8,619,5534958,19185698,28281826,1347217,Approved
2691,4,Not Graduate,Yes,4560250,29820894,20,721,12441583,1941811,4274249,7293374,Approved
2692,3,Graduate,No,8597112,20049070,11,840,26039994,15516545,20432132,13629466,Approved
2693,5,Graduate,No,7999408,541623,13,361,12691346,10902939,27353712,14098219,Rejected
2694,2,Graduate,Yes,2818728,714945,5,686,2186589,10474108,35750652,8228749,Approved
2695,5,Not Graduate,Yes,2110555,26546343,9,520,12037213,16047558,6193662,7817371,Rejected
2696,2,Graduate,Yes,9047619,35488359,13,844,18708735,414008,11598234,7398797,Approved
2697,0,Not Graduate,Yes,5974222,13762297,10,632,25465261,1178563,6067995,3486979,Rejected
2698,2,Not Graduate,No,8517581,21620506,16,662,24265741,3793437,34489442,6113862,Rejected
2699,0,Not Graduate,No,9236953,36903677,4,753,22100863,9508020,23226751,13756999,Approved
2700,0,Not Graduate,No,4359970,32646016,4,445,4810298,18667190,38545608,9056764,Rejected
2701,5,Not Graduate,No,648186,21488070,8,626,15128364,1328945,1708877,3589113,Approved
2702,4,Graduate,Yes,9108202,25996030,8,764,16764808,8150932,27671133,1288376,Approved
2703,1,Not Graduate,No,5919026,37982788,17,767,13635980,8316607,1293311,11042348,Approved
2704,5,Graduate,Yes,1380302,31530390,18,436,26860493,3812001,4274496,13273695,Rejected
2705,0,Not Graduate,Yes,5391989,16601571,10,803,27933130,6672826,16912693,1610109,Approved
2706,1,Graduate,Yes,474268,27462925,11,397,6117651,3899148,14378518,5517034,Rejected
2707,4,Not Graduate,No,3040034,13193427,7,459,27833048,2660310,14311742,12525717,Rejected
2708,1,Not Graduate,No,3609095,36401785,12,814,24633255,10111801,2660695,3722256,Approved
2709,4,Graduate,Yes,4652653,3966617,15,670,20508832,18061807,21349080,2654446,Approved
2710,5,Not Graduate,No,5741270,9138980,15,625,11099956,7840057,13355167,5794478,Rejected
2711,0,Graduate,No,8426068,13863641,20,634,22120304,12316807,38944596,5794438,Approved
2712,0,Graduate,Yes,3644137,8222324,12,882,17057568,13000825,30949573,7076819,Approved
2713,5,Not Graduate,No,7406211,23626249,8,436,26163603,16355292,17040494,14194618,Rejected
2714,3,Not Graduate,No,9432264,28231629,3,479,20697844,15999233,30006068,14295060,Rejected
2715,3,Graduate,Yes,7535470,35205297,15,594,28061384,17575323,22581488,8517102,Rejected
2716,2,Not Graduate,No,2696160,19954676,17,808,12199602,15801096,19418458,1106729,Approved
2717,2,Not Graduate,No,6841774,24657023,12,629,2394195,18045595,36034350,3880740,Approved
2718,4,Not Graduate,No,2955891,23787118,19,736,14316377,18741718,23028337,2656641,Approved
2719,3,Not Graduate,Yes,4883539,433574,8,791,29022560,14513423,18940620,9219,Approved
2720,0,Graduate,Yes,6421311,28074865,3,836,19061933,9567622,22213201,5626383,Approved
2721,3,Graduate,No,3073641,1211655,14,577,20457946,5954797,30619924,99801,Approved
2722,4,Not Graduate,Yes,237866,21759185,4,575,18197082,11084708,29066743,8442764,Rejected
2723,0,Not Graduate,Yes,8404202,39492174,3,348,17248875,16081292,21507179,4036438,Rejected
2724,2,Graduate,Yes,7330059,31177583,15,348,1785551,14618932,6929101,10653718,Rejected
2725,4,Not Graduate,No,1406725,20153937,10,592,12023163,10091548,24978524,7744765,Rejected
2726,3,Not Graduate,Yes,3899201,12799600,13,750,2515634,1476726,16881134,13976333,Approved
2727,0,Not Graduate,No,2764593,33118652,16,803,9788945,5270086,36554095,7127901,Approved
2728,0,Graduate,Yes,9781930,33972426,9,545,20946853,11197748,35610510,2301428,Rejected
2729,3,Graduate,Yes,9429720,14725967,13,643,23402517,7484011,27587,13551659,Approved
2730,2,Graduate,Yes,6975893,4520913,12,788,6507103,8849332,39164598,4540926,Approved
2731,5,Not Graduate,No,4519571,23123620,13,491,19044060,5843736,35316843,11232183,Rejected
2732,3,Not Graduate,Yes,711706,25152956,15,395,6590456,1475929,35561095,11506367,Rejected
2733,5,Graduate,Yes,2619817,36915547,9,853,5840520,9044358,19509527,13593613,Approved
2734,1,Not Graduate,No,1107752,35193195,11,628,27935919,8632236,10605297,9410322,Rejected
2735,2,Not Graduate,No,7937026,9279257,13,393,17748411,15157901,23785163,7523139,Rejected
2736,0,Graduate,Yes,1064047,10205610,4,451,5747352,2175398,34616414,5657543,Rejected
2737,3,Graduate,Yes,6839607,39382303,6,496,4107933,9406426,17642272,6565996,Rejected
2738,1,Not Graduate,No,9535699,13111919,3,420,1440351,16564256,38626723,11471067,Rejected
2739,2,Not Graduate,Yes,3217767,18268892,5,562,14459057,5196456,10228010,8321497,Rejected
2740,2,Not Graduate,Yes,6903705,12273318,10,788,2945716,6135893,33439141,721985,Approved
2741,1,Not Graduate,Yes,8815344,15718951,19,743,16978617,1695619,2587481,5470547,Approved
2742,0,Graduate,No,4390539,22419138,19,851,12622690,11146341,32906063,13437472,Approved
2743,3,Not Graduate,Yes,4598667,11764300,16,802,18498406,16601668,37048927,3098928,Approved
2744,5,Not Graduate,Yes,2164730,16484575,12,487,6038303,9340805,27539624,6941566,Rejected
2745,1,Graduate,Yes,4389574,14123863,5,335,4227129,8096950,24455947,12298910,Rejected
2746,2,Graduate,No,8761670,4532004,8,391,2932633,14531750,16129957,4268453,Rejected
2747,1,Not Graduate,No,6700820,31138467,16,776,2781917,8573297,34240052,10003814,Approved
2748,4,Not Graduate,No,2175248,35238459,19,504,2103993,7734065,4963506,11540948,Rejected
2749,2,Not Graduate,Yes,5360097,19587396,20,733,7528407,14816198,11399684,4787173,Approved
2750,5,Graduate,Yes,7125457,8323324,9,575,23292634,5510311,5141409,13166994,Approved
2751,1,Graduate,Yes,957943,25507789,11,837,17664568,16484694,10897558,6560334,Approved
2752,0,Not Graduate,No,7680579,21235936,11,605,7285631,5201911,20514492,4351753,Approved
2753,3,Not Graduate,No,2172238,21907879,3,841,27111969,9916211,13162750,3314083,Approved
2754,3,Not Graduate,Yes,3087629,23616352,4,450,22146972,4854749,16484283,3919964,Rejected
2755,5,Not Graduate,No,4280177,28441566,2,767,22672494,12267935,9056698,8273734,Approved
2756,5,Graduate,No,5148164,1897472,16,614,26148115,8423481,13829075,3312266,Approved
2757,5,Not Graduate,No,9176930,4197077,6,414,21700176,4639639,19520451,5267864,Rejected
2758,3,Graduate,Yes,2385295,4051923,15,440,27842689,14433437,8381005,10449210,Rejected
2759,2,Not Graduate,No,2707304,6361683,9,488,9609761,18140318,36700668,12870957,Rejected
2760,2,Graduate,Yes,3913511,38390237,17,393,24914192,543806,35168638,9979921,Rejected
2761,0,Not Graduate,Yes,8601310,28916992,4,862,3250684,11017672,34341656,7766935,Approved
2762,2,Not Graduate,Yes,9658318,26348884,8,427,8734216,13939189,58783,10233633,Rejected
2763,2,Not Graduate,No,4654029,27695070,5,659,25955436,13960334,19407937,6052440,Approved
2764,0,Not Graduate,No,6992753,1615754,10,643,3881729,4278911,31167714,3981721,Approved
2765,1,Not Graduate,Yes,9189179,8662044,12,623,14574836,2215733,13671488,11019410,Approved
2766,3,Not Graduate,Yes,8496820,31432610,5,677,9909951,9963193,9077999,1985055,Rejected
2767,2,Graduate,No,6876421,18440432,14,850,2924865,12356266,23978161,13304988,Approved
2768,5,Graduate,No,5497876,20234878,20,881,6865709,5616130,97570,6300135,Approved
2769,2,Not Graduate,Yes,9846607,29709718,2,825,15567590,7157625,24000518,12016060,Approved
2770,5,Not Graduate,Yes,2542589,3247823,3,576,18353360,10322250,17697918,1452666,Approved
2771,3,Not Graduate,Yes,3755090,31607047,20,737,19654438,8731221,26803552,7275281,Approved
2772,0,Not Graduate,Yes,7186223,26985482,14,411,3825936,9380178,26767866,6202664,Rejected
2773,1,Not Graduate,No,404753,16121648,19,830,9309090,13233943,20995521,5239717,Approved
2774,4,Not Graduate,Yes,5105566,19874591,15,417,3030890,19095373,22883305,7525709,Rejected
2775,3,Not Graduate,No,8573459,3210207,15,368,269143,15448754,1048806,9733301,Rejected
2776,1,Not Graduate,No,1933119,8332856,4,798,11364964,159220,38467826,13846929,Approved
2777,3,Graduate,No,8070411,9957850,11,755,18088762,6777685,2981023,12007960,Approved
2778,5,Not Graduate,No,4241813,34705929,8,383,10790379,188645,38284969,3403699,Rejected
2779,2,Graduate,Yes,8633013,4718069,17,880,1166779,16940794,38171979,14386001,Approved
2780,0,Not Graduate,Yes,6421434,11722090,2,367,6400969,12501796,28143555,7325773,Rejected
2781,1,Not Graduate,No,1740290,5464646,2,329,12594284,4248411,29252423,6721593,Rejected
2782,5,Not Graduate,No,7406252,11454620,12,874,10352270,16279017,1174962,162425,Approved
2783,4,Graduate,No,750292,716249,20,434,24000959,10920225,37171278,9823130,Rejected
2784,5,Not Graduate,Yes,2583564,10992724,20,441,17401349,997859,20711596,13036383,Rejected
2785,5,Graduate,No,8906235,28670667,13,777,29066466,2934550,13309403,4308617,Approved
2786,0,Not Graduate,Yes,8784774,30384267,10,664,5107065,15701115,26257015,12749791,Approved
2787,1,Graduate,Yes,654099,15172063,7,612,10775814,5611445,20970017,1285710,Rejected
2788,0,Graduate,No,3919601,27979852,20,893,2541671,10175955,14174614,14212627,Approved
2789,0,Not Graduate,Yes,1122502,24552573,5,352,585693,17370982,12620515,3719948,Rejected
2790,5,Not Graduate,Yes,2857140,35703311,4,856,26887824,5609037,4631713,7074876,Approved
2791,5,Graduate,Yes,9681057,31842063,11,461,14343480,224201,35630253,213004,Rejected
2792,0,Graduate,Yes,2112176,9290097,9,674,19200448,1627297,26099674,13204835,Approved
2793,4,Graduate,No,6486227,23374273,11,494,8039614,17762857,11279148,7488585,Rejected
2794,3,Not Graduate,No,8080879,31125492,19,476,1499739,11638302,28347531,14269329,Rejected
2795,0,Graduate,No,8833595,12280988,7,492,25979752,6370999,27197403,5485394,Rejected
2796,5,Graduate,Yes,3670813,22763387,18,635,19159948,1526085,5483844,879565,Rejected
2797,5,Graduate,No,7029339,15989969,6,827,20704741,13498431,6862178,9970639,Approved
2798,3,Graduate,No,4937310,8114241,8,367,15521450,769203,9049452,2397451,Rejected
2799,4,Graduate,Yes,1251894,1689802,2,697,11765807,1779334,4125856,9045116,Approved
2800,2,Not Graduate,No,2383634,29694034,14,817,12288187,11523053,32259443,513006,Approved
2801,4,Not Graduate,No,7532064,32402744,18,741,22175021,12440666,6100874,2467636,Approved
2802,2,Graduate,No,6923693,25847883,18,889,6613202,11053957,31804633,9376421,Approved
2803,5,Not Graduate,No,5306717,9749997,5,308,9929090,17643548,20754646,9905177,Rejected
2804,0,Not Graduate,No,7854128,1037866,16,517,8946507,5221682,4578990,2239953,Rejected
2805,1,Graduate,No,6974354,25064327,4,556,15183320,10770917,33106008,2754783,Rejected
2806,5,Not Graduate,No,3526367,8136633,13,621,28158504,5937348,6801158,12620546,Approved
2807,1,Not Graduate,No,3080737,21815623,15,491,26853051,7025157,39171765,87511,Rejected
2808,1,Not Graduate,Yes,9461778,38332821,4,452,15853873,2922900,550836,3381783,Rejected
2809,4,Graduate,No,9724024,474421,4,812,5824576,15395405,24409175,14261832,Approved
2810,1,Graduate,No,499984,22926491,3,439,27365889,13652024,12296023,8048793,Rejected
2811,3,Graduate,Yes,7949389,39278271,15,873,9109987,13826873,20917258,396680,Approved
2812,1,Graduate,No,1502842,13404612,13,322,10369138,2758776,32915380,13120480,Rejected
2813,1,Not Graduate,No,8640038,32221711,4,554,25770768,2283235,30845797,5023711,Rejected
2814,5,Not Graduate,No,5970113,32762098,11,666,7662700,15172584,11032056,10514128,Approved
2815,1,Not Graduate,No,6940189,19369674,17,884,13440660,12914609,2498772,9371415,Approved
2816,0,Not Graduate,Yes,7073787,12329038,6,759,26677956,577494,11118191,5395270,Approved
2817,4,Not Graduate,No,6128211,26969382,13,308,9250564,12894323,31728371,5444505,Rejected
2818,5,Graduate,No,2656693,24582643,7,749,18167570,19012888,20203254,8087591,Approved
2819,0,Graduate,Yes,8110452,18982494,6,495,1085391,14587270,19392648,5603774,Rejected
2820,4,Graduate,No,5629897,7855139,9,816,28971933,5387076,20758027,2557947,Approved
2821,3,Graduate,Yes,5541565,29487782,8,765,12191533,6136353,2537562,10624094,Approved
2822,4,Not Graduate,Yes,3320185,8586413,11,415,19505413,14590886,901089,9912128,Rejected
2823,0,Graduate,No,298404,5565679,5,516,14567492,7784792,27572571,8851662,Rejected
2824,5,Graduate,No,5630075,2934716,9,793,12628738,14292199,7926121,10901941,Approved
2825,3,Graduate,No,3581891,17796959,13,853,11824286,18624738,14138145,7620148,Approved
2826,5,Not Graduate,Yes,6661411,5007723,9,662,517080,7866373,14492733,13646660,Approved
2827,2,Not Graduate,No,3772276,13453057,14,431,8074063,11125064,24819295,13028855,Rejected
2828,5,Graduate,Yes,9733519,9778434,4,534,11077187,9501347,36895911,14422613,Rejected
2829,3,Graduate,No,6872568,30782921,4,778,10741688,9864996,29703762,1589270,Approved
2830,0,Graduate,No,4665829,17958528,18,659,7959851,1468109,25028761,1498850,Approved
2831,5,Not Graduate,No,7140348,22138561,10,421,18695143,19144884,32727584,6905582,Rejected
2832,4,Graduate,Yes,6552517,5909282,13,471,24127807,10490862,19995630,10180454,Rejected
2833,1,Not Graduate,No,6281329,4732095,16,418,25936239,4453418,5696604,3514281,Rejected
2834,3,Not Graduate,Yes,5864785,38578352,4,581,28293034,11134130,19146315,1692882,Approved
2835,2,Not Graduate,No,9332390,24602926,20,567,18905566,7719976,38334488,541075,Approved
2836,3,Graduate,Yes,3312038,907292,10,625,11960669,15945154,30575048,8154917,Approved
2837,5,Graduate,No,4436993,22453520,18,867,18803326,14741741,13706590,14391795,Approved
2838,5,Graduate,Yes,2680028,694859,9,691,3852373,7413727,12686305,6829666,Approved
2839,1,Not Graduate,No,5781145,3325418,9,651,23771058,13834151,35985905,10790194,Approved
2840,5,Graduate,No,9881134,14938900,13,520,15567802,641809,3705372,760968,Rejected
2841,2,Graduate,Yes,6162039,26032937,5,681,4805654,18753992,36562880,3177927,Approved
2842,4,Graduate,No,2227153,24618753,13,874,12391681,9911482,26540097,10001056,Approved
2843,4,Not Graduate,Yes,9230826,31306694,20,305,8761941,12693426,31664797,5915783,Rejected
2844,2,Not Graduate,No,7944698,7342406,14,510,10172313,12514967,12897427,389165,Rejected
2845,2,Graduate,Yes,4513301,7813405,3,334,1472197,6074042,25421361,3322556,Rejected
2846,2,Not Graduate,Yes,1636556,21201205,15,422,467337,13384024,12763239,11659364,Rejected
2847,5,Not Graduate,Yes,4146059,34353108,2,340,10174459,7714448,674474,10067372,Rejected
2848,2,Not Graduate,No,8082643,28632661,3,655,8778514,13204522,17824837,11898314,Approved
2849,1,Not Graduate,No,5855672,26536220,7,792,29065772,1740430,38411132,5151571,Approved
2850,2,Graduate,No,2020138,3987175,7,865,7640804,2832482,9515173,13654354,Approved
2851,1,Not Graduate,Yes,1753806,34717686,2,442,9582990,17920173,6353380,13521979,Rejected
2852,2,Not Graduate,No,9678136,38889359,2,720,26632588,14276085,36130739,5402421,Approved
2853,0,Not Graduate,Yes,4582870,23125592,16,497,25019394,2496159,35679490,3051061,Rejected
2854,0,Not Graduate,Yes,6922679,13498665,10,489,1654368,4146764,33201240,14138520,Rejected
2855,4,Not Graduate,Yes,3734312,26271642,5,666,2496131,10586652,38279686,5142444,Approved
2856,0,Graduate,Yes,1083158,25482684,10,708,2764123,113872,38850662,7293112,Approved
2857,3,Not Graduate,No,4236982,36720749,15,650,13377629,7787065,36000249,13697672,Approved
2858,4,Not Graduate,No,6993136,4640218,15,359,16662082,6335397,37810312,3955055,Rejected
2859,4,Graduate,No,3466729,20497421,7,546,10227569,2603938,29187980,13004807,Rejected
2860,2,Graduate,No,6115484,28111867,5,471,377462,5817005,12326649,2363280,Rejected
2861,1,Not Graduate,No,4493380,13980920,20,302,5866061,5684049,17966612,4309601,Rejected
2862,5,Graduate,Yes,3507953,33245889,13,324,17884875,1302151,14919439,5708851,Rejected
2863,5,Not Graduate,Yes,2699188,2837359,20,570,10839932,12291238,19972332,7101109,Rejected
2864,3,Not Graduate,No,2755213,4427177,7,360,3595222,5284625,27371713,3574901,Rejected
2865,0,Not Graduate,Yes,2705936,31300703,4,744,18952193,606278,9475959,12990463,Approved
2866,0,Graduate,Yes,7243856,5233835,9,333,17849152,428813,621159,9771456,Rejected
2867,1,Graduate,No,3505863,16705321,8,441,14267964,18740196,23626915,9858328,Rejected
2868,0,Not Graduate,Yes,7465342,11317058,15,892,27359434,2294578,38960444,10756965,Approved
2869,5,Not Graduate,No,3248393,27274837,15,725,24570120,17636454,33783144,9368011,Approved
2870,1,Graduate,No,3406617,767883,3,634,1157562,3232621,425048,9461408,Approved
2871,1,Graduate,No,9257509,14289401,13,309,26333946,1641268,23470318,9710210,Rejected
2872,5,Graduate,No,8787026,38953211,8,326,1443803,10582942,20834248,10592215,Rejected
2873,4,Not Graduate,Yes,4126898,14758649,13,845,14023081,16846058,16657374,13538422,Approved
2874,1,Not Graduate,Yes,2834507,23756656,9,780,26238918,1388826,26213052,2889508,Approved
2875,2,Graduate,No,7213140,39031808,12,870,28568235,6374281,16717036,7602455,Approved
2876,3,Graduate,No,884671,24117507,15,785,657010,14602688,35834535,2709438,Approved
2877,3,Graduate,Yes,4673238,29895242,7,301,2095804,1309586,35583712,2672163,Rejected
2878,5,Not Graduate,No,6078705,24494481,5,784,7021575,3289451,25250143,13962150,Approved
2879,5,Graduate,No,6822620,32915547,15,575,8041471,5938588,17972522,6949039,Rejected
2880,5,Graduate,Yes,1249291,20223273,20,716,8131890,15648594,23401176,10351940,Approved
2881,0,Graduate,No,229366,32218323,10,548,12126297,15692417,35281973,10714658,Rejected
2882,1,Not Graduate,No,2911308,25465499,20,733,9277693,13762650,11774084,466625,Approved
2883,3,Graduate,No,1368579,13608493,5,805,16956613,12917130,34050899,7234374,Approved
2884,0,Graduate,No,5170427,22182713,17,885,24850806,507109,23164118,2650447,Approved
2885,2,Not Graduate,No,9211137,13426645,20,624,15886555,4628056,2490682,4604962,Rejected
2886,0,Graduate,No,3006324,15865568,7,467,9658994,17880965,29388299,2766871,Rejected
2887,5,Graduate,Yes,4646344,11736128,4,667,16528123,13952023,7926703,9795049,Approved
2888,0,Not Graduate,No,2306964,19551161,14,600,18054767,4676107,20211193,1940584,Approved
2889,0,Not Graduate,No,630972,13890474,18,421,26080896,13731729,37255865,6618377,Rejected
2890,1,Graduate,No,7091217,24840258,3,735,27569678,14051266,30561703,4494731,Approved
2891,0,Graduate,No,2712704,14784743,14,346,8077147,14411510,27421920,14153457,Rejected
2892,3,Graduate,Yes,5560594,19547365,18,542,26721493,19013996,2728831,11583612,Rejected
2893,2,Not Graduate,Yes,6894305,5788144,2,716,23770443,10488739,33676762,5176466,Approved
2894,5,Not Graduate,Yes,8429661,15454338,11,853,3729881,1160365,13146796,4312910,Approved
2895,1,Not Graduate,No,2018613,14253156,3,673,16237816,15887545,1965905,10547057,Rejected
2896,3,Not Graduate,No,5896148,37973728,5,888,4429192,290367,37624706,9283985,Approved
2897,3,Graduate,Yes,9125492,17812484,11,800,14273273,12442427,7478844,8159558,Approved
2898,3,Not Graduate,No,4937783,1144065,8,441,1301310,15450358,12679020,1060995,Rejected
2899,4,Not Graduate,Yes,598000,12426415,3,807,8712930,2432744,5572308,1140202,Approved
2900,1,Graduate,Yes,2760312,28893321,17,502,17113321,15468408,24376727,9354213,Rejected
2901,3,Not Graduate,No,7988487,6781601,5,679,8848402,15718966,34020243,6905441,Approved
2902,4,Not Graduate,Yes,7962246,6689034,18,420,293159,12685202,20379482,12194473,Rejected
2903,5,Not Graduate,No,3282036,14937687,5,623,11304764,6281101,34077662,428707,Rejected
2904,3,Not Graduate,No,2129336,14285652,11,708,15748109,3917875,36715661,2735421,Approved
2905,3,Graduate,Yes,3059357,19151585,15,849,22218155,13677673,34203888,11610526,Approved
2906,5,Graduate,Yes,2573838,1639039,11,866,3970648,3045600,6380657,14393568,Approved
2907,3,Graduate,Yes,7461483,28552553,9,781,13872927,13097555,8075573,10797592,Approved
2908,5,Not Graduate,Yes,8447569,8687160,16,635,5783665,3289886,11736013,187502,Rejected
2909,0,Not Graduate,No,656685,28180520,2,830,4476560,6516702,25015545,742524,Approved
2910,2,Graduate,No,7463687,22431578,17,363,3549439,9826540,33805190,12910688,Rejected
2911,0,Graduate,No,7574080,8245645,15,898,22112018,3136662,12264244,7345512,Approved
2912,0,Graduate,No,6206160,18705775,16,422,26758333,15413847,26115139,7303256,Rejected
2913,2,Not Graduate,No,8738684,1736891,9,542,19304357,13482186,7341287,14134630,Rejected
2914,1,Graduate,No,581421,27810612,9,845,11009431,316742,21287534,3645033,Approved
2915,2,Graduate,No,7057572,12208941,12,730,27622848,16471053,30565621,4184190,Approved
2916,2,Graduate,No,1447124,15332412,14,810,14467331,13906688,15480095,10086354,Approved
2917,3,Not Graduate,No,8990660,6459743,19,713,15405950,16261687,6396256,13293258,Approved
2918,5,Graduate,Yes,5099583,14607291,18,661,18464599,11672860,16123564,5377986,Approved
2919,5,Graduate,Yes,1090462,15814908,3,404,19043684,12154193,36648969,2221062,Rejected
2920,2,Graduate,No,7514122,9118224,4,898,14321944,7440894,24153134,826344,Approved
2921,1,Graduate,Yes,7542343,38690368,19,682,13948510,4411701,26306163,97056,Rejected
2922,4,Graduate,Yes,4748188,11268565,9,701,9251639,4566853,16439799,5502546,Approved
2923,0,Not Graduate,Yes,3242145,7397997,13,557,19810704,6134473,36420656,7798664,Rejected
2924,3,Not Graduate,Yes,369471,21789688,3,872,19565475,5644339,34101224,7193435,Approved
2925,2,Not Graduate,No,9098039,12799858,3,570,12691006,14639777,38109695,3516876,Rejected
2926,1,Not Graduate,No,2005846,18095337,9,414,20721687,10172157,33844922,9945794,Rejected
2927,3,Not Graduate,Yes,8458386,28724481,15,408,4011623,7970566,21442713,12924595,Rejected
2928,1,Graduate,No,5969914,3366349,16,719,12111634,14070084,37648566,3423141,Approved
2929,1,Not Graduate,No,6914990,20259965,18,747,28712482,14210449,23907646,9906653,Approved
2930,3,Graduate,No,7003327,1149905,5,423,21349592,18137395,23582340,8011142,Rejected
2931,1,Graduate,No,8609287,2021983,5,719,20962583,6003329,25729505,10097288,Approved
2932,4,Not Graduate,Yes,527597,3926891,12,899,25119813,4720587,7287095,215066,Approved
2933,0,Graduate,Yes,9913602,6638248,12,619,17711011,122573,32895424,9897221,Approved
2934,2,Graduate,No,624651,13997947,2,883,19281434,3100866,14220765,10986106,Approved
2935,4,Graduate,No,9990822,36961783,10,394,14009343,11707707,25835611,9980677,Rejected
2936,1,Graduate,No,2760839,35823231,19,542,24043288,15698837,33094312,12354921,Approved
2937,4,Not Graduate,No,8489337,4344067,5,634,20702583,11657777,4494178,10982588,Approved
2938,4,Not Graduate,No,1018316,39154004,17,515,3689150,19239757,11793016,14478094,Rejected
2939,5,Graduate,Yes,4717053,25195637,10,360,23454710,12174560,36943260,9847348,Rejected
2940,1,Graduate,No,5511073,22004852,11,575,9489899,17122395,14155019,6559980,Approved
2941,4,Not Graduate,Yes,9552384,31359166,14,503,10447701,5202801,25908626,12263846,Rejected
2942,5,Not Graduate,Yes,1412279,19290085,15,422,3628751,6283967,22015738,10213116,Rejected
2943,4,Graduate,Yes,557513,10705211,14,523,6315979,15734776,34100757,8204395,Rejected
2944,1,Not Graduate,No,6552550,21062649,3,551,3667330,12821889,20004362,8505825,Approved
2945,4,Graduate,Yes,682586,28723058,7,830,2836381,9456856,16649719,5155116,Approved
2946,0,Graduate,No,7816808,27061418,18,595,621213,18541415,644195,9020722,Approved
2947,3,Graduate,No,575603,6959891,2,549,8576089,14790325,18608881,6862653,Rejected
2948,2,Not Graduate,No,9711064,37075147,15,533,21996498,5730722,22936814,1927824,Rejected
2949,3,Graduate,Yes,5420556,11462211,11,659,25139063,11855213,27003169,6471454,Approved
2950,3,Graduate,No,9494389,32442947,4,465,6614680,7683177,30583025,13962960,Rejected
2951,0,Graduate,Yes,1441139,12523423,4,825,12334373,8071773,30435036,4887842,Approved
2952,3,Graduate,No,2878978,2785635,20,551,24211424,15617705,18002702,9957734,Approved
2953,5,Not Graduate,No,4657855,39360252,2,555,20570182,13184760,3075581,6107381,Rejected
2954,2,Graduate,Yes,488214,23380341,2,338,26319044,239156,9969837,4199284,Rejected
2955,1,Graduate,Yes,1208693,8711234,2,831,12235508,11154560,15967839,5659305,Approved
2956,5,Not Graduate,Yes,3428240,312714,13,583,4905272,12552178,38375921,14099736,Rejected
2957,0,Not Graduate,No,7423026,5364932,19,382,4167884,9907795,30178370,1633762,Rejected
2958,2,Graduate,No,7143105,6959542,5,403,20627943,5819687,35066201,9817902,Rejected
2959,3,Not Graduate,Yes,1050724,36587105,17,519,764378,12582074,38895648,12209118,Rejected
2960,2,Not Graduate,No,786051,7238581,15,769,13394896,18384967,5220820,2723242,Approved
2961,5,Not Graduate,Yes,6629094,6647683,6,356,10280941,1667216,456384,11120046,Rejected
2962,2,Not Graduate,No,3725184,33141934,3,372,26741769,11696272,22500067,9359426,Rejected
2963,5,Not Graduate,Yes,7962804,34767773,11,637,29047372,17659065,10380482,4961819,Rejected
2964,0,Graduate,Yes,3120738,8492147,3,599,14096540,7769752,34058082,2597246,Rejected
2965,4,Graduate,No,3755746,25797900,4,875,16882224,6500591,18222064,13893440,Approved
2966,3,Graduate,Yes,2349587,21250269,10,751,11025230,4803641,366324,2896797,Approved
2967,1,Graduate,Yes,2811717,22912971,17,694,22607346,4359043,8739314,13955629,Approved
2968,1,Not Graduate,No,7120082,12503955,20,501,8571844,7587407,13388322,9528116,Rejected
2969,4,Graduate,Yes,4818099,29752478,13,676,21660732,14972849,1055350,12593779,Approved
2970,3,Graduate,No,6659151,34834453,7,651,26295383,3526345,12441362,4355880,Rejected
2971,3,Not Graduate,Yes,970807,28759159,8,467,4996191,4485704,21150086,431780,Rejected
2972,0,Not Graduate,Yes,5447842,35703825,13,522,6581817,19376633,35015387,9634716,Rejected
2973,3,Not Graduate,Yes,4694727,4632626,5,859,11005632,19317930,25456425,5456904,Approved
2974,5,Graduate,No,9125592,26056556,11,623,24086500,4402026,3655528,8088648,Approved
2975,0,Graduate,Yes,4350114,39479072,16,583,18651844,8157555,16309632,6722847,Rejected
2976,2,Not Graduate,Yes,1210760,21298491,18,778,5650854,7828677,30133024,4726319,Approved
2977,2,Graduate,No,7032313,37222078,3,460,10709504,5754513,14499220,10565129,Rejected
2978,5,Graduate,Yes,1666954,13956384,7,431,18722848,2965303,22074632,7362621,Rejected
2979,1,Not Graduate,Yes,9108890,35446405,6,893,28073980,1204062,38635933,9331741,Approved
2980,2,Graduate,Yes,3957807,37101010,12,782,13126010,11907545,5401935,9881210,Approved
2981,4,Not Graduate,Yes,7888438,24693734,5,554,2168834,811001,18719118,9972165,Rejected
2982,0,Graduate,Yes,6627644,27919912,20,868,3044112,12046803,23898434,4855423,Approved
2983,4,Not Graduate,No,4755744,20793420,19,523,837118,1845726,31284322,11278037,Rejected
2984,4,Not Graduate,Yes,5923977,12724768,8,705,3664650,2995112,32804232,3227525,Approved
2985,4,Not Graduate,Yes,1990629,21322121,9,321,12005570,97636,11257227,13942000,Rejected
2986,3,Graduate,No,925618,38027431,10,719,8191916,7717852,18302107,11897167,Approved
2987,4,Not Graduate,Yes,7709704,885528,2,407,8759885,6345545,32543379,8107172,Rejected
2988,4,Not Graduate,No,9592564,8339370,18,445,22309564,6445860,32885728,2650551,Rejected
2989,5,Not Graduate,Yes,8646807,19879204,16,786,13884796,6022815,32289027,13289424,Approved
2990,2,Graduate,No,3189635,13605076,8,423,21212154,18202977,26170146,8150892,Rejected
2991,2,Graduate,No,3708667,24751767,12,590,15770487,8343779,10493923,11977837,Approved
2992,3,Graduate,Yes,3717931,14433650,9,853,5968999,15699156,14436181,403579,Approved
2993,1,Graduate,No,7085052,26121284,6,873,27594477,4518704,25709514,4967486,Approved
2994,5,Not Graduate,Yes,6311572,4467912,7,566,13857483,9373415,9971472,4405137,Rejected
2995,4,Not Graduate,No,8005481,13319867,4,350,24329564,1217178,26734987,11960955,Rejected
2996,3,Not Graduate,Yes,9462623,27458201,17,472,2822320,5016856,20188356,6828078,Rejected
2997,1,Not Graduate,No,4045341,18774268,14,670,24720819,1380553,17350528,1724975,Approved
2998,2,Not Graduate,No,6694345,28276137,19,502,20834036,401637,13932566,9042745,Rejected
2999,2,Graduate,No,5104114,25243376,2,732,7274526,3533639,30332178,2333766,Approved
3000,3,Graduate,Yes,9556779,13177109,13,896,23085089,3083841,18247083,6565811,Approved
3001,4,Not Graduate,No,3669274,17089576,12,673,21609136,6141836,12029902,14587963,Approved
3002,4,Graduate,No,2038393,38115978,13,675,26001199,14426141,15050182,6387501,Approved
3003,5,Graduate,No,3912618,38015700,20,618,6102607,2871045,18983456,6301722,Approved
3004,5,Not Graduate,No,6264337,1694770,9,412,25775207,11847017,24208443,591662,Rejected
3005,4,Not Graduate,Yes,9542965,27953331,4,647,22176615,7083285,38813946,6771084,Rejected
3006,2,Graduate,No,8323013,19546322,2,860,9832666,7813272,13346287,14080852,Approved
3007,3,Graduate,No,379917,349930,11,714,10196904,17891070,7004086,13980153,Approved
3008,2,Graduate,Yes,5188440,25157292,5,752,7406934,9018687,38335433,14162024,Approved
3009,3,Not Graduate,No,1759409,1212555,4,818,13873205,5075098,5793082,5319044,Approved
3010,4,Not Graduate,No,3749302,12797510,4,532,26090750,4618268,35428955,961137,Rejected
3011,2,Not Graduate,Yes,9450676,27359768,7,502,24376795,3266946,5574188,3483408,Rejected
3012,3,Not Graduate,Yes,9850634,32156443,4,882,4248802,15558940,14263311,3106265,Approved
3013,0,Graduate,Yes,1706033,16475688,11,576,3821148,12896659,39125883,1143979,Rejected
3014,4,Not Graduate,Yes,1581676,32003421,14,740,1726912,5194064,6495198,10427943,Approved
3015,2,Graduate,No,7023859,33207262,7,682,17868959,9523092,6268600,7682511,Approved
3016,2,Graduate,No,4227109,17843719,4,374,9144470,9805281,23880004,10608328,Rejected
3017,3,Not Graduate,No,4441756,7082204,12,488,22140463,916727,7457378,2935430,Rejected
3018,1,Not Graduate,No,8759063,26140503,3,496,22124731,17628426,956102,10231742,Rejected
3019,3,Graduate,Yes,9221850,842015,16,407,5753453,15283462,27235634,952648,Rejected
3020,4,Graduate,No,9024712,35314090,9,768,20201213,10387089,37608116,10605496,Approved
3021,2,Graduate,No,7873211,15512828,9,880,22247045,13877653,29772267,11952121,Approved
3022,0,Not Graduate,Yes,9807745,30093026,6,880,28723308,2117387,37798072,3728058,Approved
3023,2,Not Graduate,Yes,7254641,29153713,7,417,21029818,18959588,20660803,4830374,Rejected
3024,1,Graduate,No,8871507,18836302,4,570,10462426,12423259,24070671,6401353,Approved
3025,2,Graduate,No,5495714,38391728,12,439,29091626,18203148,38520629,8517035,Rejected
3026,3,Graduate,No,699378,31515471,4,337,8027156,16766033,19745828,7773515,Rejected
3027,0,Graduate,Yes,8201292,34939232,14,671,23434442,11334416,1525228,1538290,Rejected
3028,4,Graduate,Yes,9311712,3980989,6,816,11005841,5593909,9361767,5567543,Approved
3029,1,Graduate,Yes,3260689,19275725,12,346,27209285,13308813,24336178,7432064,Rejected
3030,5,Graduate,No,4396038,37617025,12,685,22763657,9937675,33607101,9022736,Approved
3031,4,Not Graduate,No,5806710,32162438,14,320,17450884,7944432,23773597,9288049,Rejected
3032,1,Not Graduate,Yes,6585868,18101050,16,806,6236128,13800910,15899574,9787011,Approved
3033,3,Graduate,Yes,6812565,3056954,12,338,5483550,17236263,12592795,6612995,Rejected
3034,0,Not Graduate,No,4063903,11362969,18,561,27579466,3324776,26782315,7386187,Rejected
3035,0,Graduate,No,8573261,22733076,6,374,23328584,10724491,35258066,4960982,Rejected
3036,5,Not Graduate,No,8173947,25460523,16,547,14915185,15101816,10898864,3993754,Rejected
3037,4,Graduate,No,9434224,36532498,8,557,25532512,6315695,21672962,4571039,Rejected
3038,0,Not Graduate,No,5844009,3940291,13,624,22789519,6632970,16754186,6444669,Approved
3039,1,Graduate,No,959093,15838298,11,798,11282476,184134,9656538,1607941,Approved
3040,1,Not Graduate,No,8486338,10965901,19,898,24073319,6268150,15886756,3214752,Approved
3041,2,Graduate,No,979011,37935945,7,505,23164749,11377125,3463653,1700660,Rejected
3042,1,Not Graduate,Yes,2098960,6811288,11,854,13933519,18847425,20782751,6007453,Approved
3043,1,Graduate,No,2994713,8950856,5,556,567043,10193417,4199060,7286733,Rejected
3044,3,Not Graduate,No,2012834,11974480,14,371,21573907,5641586,18583317,2398310,Rejected
3045,1,Graduate,Yes,7292666,4440845,2,660,9883365,15750417,35175306,2040790,Approved
3046,5,Not Graduate,No,4515693,25523923,9,734,10612604,3641469,5712774,7728061,Approved
3047,4,Graduate,Yes,2349409,20870684,2,481,20766748,3627889,9812103,3284727,Rejected
3048,4,Not Graduate,Yes,246565,22160169,8,654,23598005,10112582,28265230,12760291,Approved
3049,1,Not Graduate,Yes,2320638,35864078,11,559,2557024,15818784,35554607,2422819,Rejected
3050,4,Not Graduate,Yes,6989959,17277777,8,387,23975577,4121650,37458761,7081970,Rejected
3051,5,Graduate,No,7984075,12502145,9,532,8523112,296502,4708622,11796520,Rejected
3052,1,Graduate,No,3101326,15016278,4,556,16476589,14038737,9373062,1526423,Rejected
3053,4,Graduate,Yes,917791,31666285,15,505,25274089,11393879,38570262,6610840,Rejected
3054,2,Not Graduate,No,5661534,21014210,17,849,6348101,13305184,19819730,6936154,Approved
3055,4,Not Graduate,No,7872386,6932532,10,533,6429511,7698936,32667283,8123066,Rejected
3056,2,Graduate,No,886034,27340352,3,676,28233494,2297793,564954,13021278,Approved
3057,4,Not Graduate,No,7996309,29526360,3,306,10854738,6431498,4556166,8569484,Rejected
3058,0,Graduate,No,1872314,10097075,14,488,27557114,9113242,8009162,5543747,Rejected
3059,2,Not Graduate,No,2727473,22135456,19,832,10393410,8405941,3373414,5826857,Approved
3060,1,Graduate,No,6304020,22395692,18,836,18036777,17247622,34919365,9172964,Approved
3061,1,Graduate,No,703456,7160665,9,887,14847879,4337674,31494737,4386936,Approved
3062,1,Graduate,Yes,3195494,657644,11,334,28630937,6049594,15301961,10065178,Rejected
3063,2,Graduate,No,1561091,28449020,5,818,16012656,3558457,3060197,5621948,Approved
3064,0,Graduate,Yes,2304275,24424498,3,460,14631372,11071419,4160599,886451,Rejected
3065,4,Graduate,No,7779332,28279240,16,303,13569682,15619073,10277494,7861901,Rejected
3066,3,Graduate,No,2442695,15091819,10,355,10926595,17133691,28499107,3696529,Rejected
3067,4,Graduate,No,626294,20505061,11,751,12806155,4418511,31408992,5271085,Approved
3068,4,Not Graduate,No,2305229,38781324,8,655,13400637,8337806,21141717,4759175,Approved
3069,0,Graduate,No,1050194,9138331,7,644,22222010,14297256,35577136,2008254,Rejected
3070,0,Graduate,No,6303939,25890098,20,830,1335894,889696,36383407,4250113,Approved
3071,2,Not Graduate,No,9733840,5485920,17,356,14578412,13800394,30091960,13431198,Rejected
3072,2,Not Graduate,No,1843374,2875054,15,349,15979445,2606985,3087684,4706642,Rejected
3073,1,Graduate,Yes,7342815,37824398,9,860,21918030,647968,34883798,10766371,Approved
3074,4,Not Graduate,No,3754522,5388970,15,664,19387364,2193687,35607702,6007671,Approved
3075,3,Not Graduate,No,903888,26007852,8,766,12568786,17092804,21947621,974166,Approved
3076,4,Not Graduate,No,6941291,20456857,11,615,3187031,13209345,23488423,12314371,Rejected
3077,0,Graduate,No,2257023,32022266,4,387,10827076,15313489,30560757,13313789,Rejected
3078,4,Graduate,No,5233976,21726944,15,614,7437889,13388145,23221665,3463654,Approved
3079,1,Graduate,Yes,5169636,27621245,3,879,5939834,15443704,13492104,2505838,Approved
3080,2,Not Graduate,Yes,6053353,35350074,15,370,20986457,9633052,27321365,13680805,Rejected
3081,2,Not Graduate,Yes,1522449,32815368,13,375,13913676,15698306,30780391,1436633,Rejected
3082,4,Not Graduate,No,2658888,28596814,3,508,23093474,1097949,5548205,13066923,Rejected
3083,1,Not Graduate,No,7425994,6669640,11,573,4027749,11301532,26645843,2546288,Rejected
3084,1,Graduate,No,9340606,6940964,6,677,28688731,14648317,6791847,12740312,Approved
3085,2,Graduate,No,314900,19780449,11,395,13774564,19271588,22533338,13715598,Rejected
3086,2,Not Graduate,Yes,4256017,26127134,2,861,7368809,6965909,4228590,3528978,Approved
3087,1,Not Graduate,No,8837665,26451291,15,390,10560228,3475551,38898211,3253025,Rejected
3088,1,Graduate,No,3012246,31137676,11,420,24485888,13972032,26180186,1560726,Rejected
3089,1,Graduate,No,4586630,4352884,8,881,20660255,1403317,18415357,11568781,Approved
3090,2,Not Graduate,No,9062397,7098974,18,526,5008196,15066061,19751380,5136417,Rejected
3091,2,Graduate,Yes,9695854,6178312,14,643,28812680,13660848,24274491,9452661,Approved
3092,2,Graduate,No,6621838,21509277,13,561,3808561,13406579,4885920,9029042,Rejected
3093,4,Not Graduate,No,7002544,25152118,4,455,8013320,5702382,19988302,7617879,Rejected
3094,1,Graduate,No,6216670,4828972,11,604,21219824,2332296,28062915,3565741,Approved
3095,5,Graduate,Yes,2979550,34353268,15,766,15414886,11799724,10212044,5374226,Approved
3096,4,Not Graduate,Yes,8890000,12195080,19,306,12974886,7037925,18792350,7361382,Rejected
3097,1,Graduate,Yes,533924,26188314,13,826,26954739,7599011,12950326,1366131,Approved
3098,1,Not Graduate,Yes,773694,29763732,5,410,23103173,3641970,6311643,5935979,Rejected
3099,1,Graduate,Yes,6097611,1719228,14,851,27998967,6470368,38368402,10446625,Approved
3100,1,Graduate,Yes,8409260,34200828,3,878,8222635,16139995,23235693,6200429,Approved
3101,2,Graduate,Yes,8179537,38340971,7,860,24753886,17329023,15370729,5803287,Approved
3102,0,Not Graduate,Yes,6843071,37878515,19,691,6203941,6770156,13259405,12352940,Approved
3103,0,Graduate,No,3887692,5768670,17,844,23451180,2755643,26632725,7864296,Approved
3104,2,Not Graduate,No,3727929,15692179,19,816,15970043,657310,4242097,10837594,Approved
3105,4,Graduate,Yes,4371411,9416439,8,683,17398443,3666321,22230212,760898,Approved
3106,1,Graduate,No,2712243,17971504,14,836,3355534,189039,9025874,13644515,Approved
3107,5,Not Graduate,Yes,4307578,38518718,15,505,25584210,12956112,34880366,11406286,Rejected
3108,2,Not Graduate,No,1227097,30214421,6,801,8111602,12468597,30744286,12154727,Approved
3109,5,Not Graduate,Yes,3334727,30524494,19,856,17405494,15182459,29701451,10176391,Approved
3110,1,Graduate,Yes,9422527,16839691,20,681,4837497,6450346,5715554,7913590,Approved
3111,3,Graduate,Yes,7127922,37013806,4,373,26944881,16144961,3161535,7780715,Rejected
3112,4,Not Graduate,Yes,1590738,36366124,16,428,9313376,3291189,17970917,9180160,Rejected
3113,0,Graduate,Yes,3005503,31919492,10,401,22195251,4484304,13933321,7295719,Rejected
3114,5,Graduate,Yes,2742497,32227381,14,620,22276012,17769871,28392046,10724084,Rejected
3115,2,Not Graduate,Yes,2960391,25847992,12,560,16013843,17113000,27907010,4954352,Rejected
3116,2,Not Graduate,No,6972851,4037176,6,797,3513602,11616674,15570448,11310402,Approved
3117,3,Graduate,No,8971098,11454477,3,470,8145233,11825282,6325186,5033337,Rejected
3118,3,Not Graduate,Yes,7159494,30436669,11,399,17805385,13592492,12709328,6994731,Rejected
3119,0,Not Graduate,Yes,4986576,13113752,17,670,15594351,15970437,19734815,1006449,Approved
3120,5,Graduate,No,1775533,7057894,17,383,17016692,4487144,9938393,13235190,Rejected
3121,3,Not Graduate,No,1600314,37433027,7,844,7257475,1329325,12456546,10094689,Approved
3122,5,Not Graduate,No,8178486,19443045,18,348,15659601,3589423,9437962,3669797,Rejected
3123,2,Graduate,Yes,6840732,34036525,8,595,2482901,6923750,2538365,661102,Rejected
3124,3,Graduate,No,5200815,11439328,12,870,14091605,4572080,23568370,12524271,Approved
3125,2,Graduate,No,5856481,14392025,8,632,2659861,10182361,39088126,20856,Approved
3126,5,Not Graduate,Yes,8514876,13757247,11,785,19318343,2679622,37315324,7084563,Approved
3127,4,Graduate,No,8175380,14932083,12,554,16493772,11192966,36431092,455423,Rejected
3128,5,Graduate,Yes,1055396,17453364,15,753,24787690,13782998,25829257,10193558,Approved
3129,3,Graduate,Yes,4072051,11969620,10,725,13445707,1921988,29303025,2990677,Approved
3130,4,Graduate,No,619734,32216939,12,608,4715266,5569983,2516830,6278333,Approved
3131,2,Graduate,No,3970999,13084301,14,360,6845047,10449969,7880212,8381877,Rejected
3132,2,Not Graduate,No,6442506,17607468,9,883,23691221,1284915,27680659,5447180,Approved
3133,4,Not Graduate,Yes,2242348,34038165,11,329,27884519,12910436,38750226,10013040,Rejected
3134,0,Graduate,Yes,1670233,17436455,3,514,1788941,14619543,35602995,7469643,Rejected
3135,4,Graduate,No,5011129,711868,18,685,19683657,7014944,24727057,6184854,Approved
3136,0,Graduate,No,5344501,319129,4,762,14029821,175846,4269213,4737095,Approved
3137,3,Not Graduate,No,7198196,17393263,18,621,7503335,9714341,37870157,6006988,Approved
3138,2,Not Graduate,No,338265,25721902,16,541,14883646,16858289,12465422,4720580,Rejected
3139,2,Not Graduate,No,2630234,37259316,20,544,27231520,5675788,1669093,8478752,Rejected
3140,2,Not Graduate,Yes,7843307,5427534,2,886,5749747,16476155,30114207,11238585,Approved
3141,2,Graduate,Yes,6883395,21571345,6,500,24359360,16887705,6800052,8773365,Rejected
3142,2,Graduate,Yes,9015396,11626642,2,813,2609487,5447487,11822731,472507,Approved
3143,2,Graduate,Yes,8184746,17957475,9,331,20970434,11624608,26548077,12421464,Rejected
3144,3,Not Graduate,Yes,8421051,17651414,19,696,2179909,818156,37843468,11554957,Approved
3145,4,Graduate,No,5204329,12544896,16,709,1765660,10694713,35561444,12040596,Approved
3146,3,Graduate,Yes,9591858,1014630,15,706,1083508,17062479,6414411,733054,Approved
3147,3,Not Graduate,No,4276226,3197375,18,553,23418784,18320534,6890662,12105835,Approved
3148,5,Not Graduate,Yes,9050339,20777706,2,715,16691556,3872620,31716022,6866665,Approved
3149,5,Graduate,No,4040117,9099870,16,567,20089728,12899671,12430250,12409340,Rejected
3150,0,Not Graduate,No,4551377,13119324,7,656,4524311,1280628,3055433,11488320,Approved
3151,4,Not Graduate,Yes,6919406,3845969,15,836,26814849,5428574,23056551,12933508,Approved
3152,1,Not Graduate,Yes,4103812,2244918,16,704,23533308,16203752,25754821,1792667,Approved
3153,1,Not Graduate,Yes,1641582,5266617,15,743,14219157,12450009,39186711,8163156,Approved
3154,4,Graduate,No,8982600,15088979,9,882,26159524,7605965,19064165,10708362,Approved
3155,0,Not Graduate,No,4638682,6709848,13,431,4162130,18655495,31346871,8748957,Rejected
3156,5,Not Graduate,No,9284001,9372038,10,653,8509077,14715785,20948240,11931428,Approved
3157,4,Not Graduate,No,4111332,12139554,13,694,1409251,457030,36203660,10690222,Approved
3158,5,Not Graduate,Yes,9733793,11719832,10,717,4785973,1550585,19105032,525404,Approved
3159,4,Not Graduate,No,6108457,731853,9,379,24486938,12155865,26460491,2925411,Rejected
3160,5,Not Graduate,Yes,7729509,4900694,5,756,11919705,17008741,37758835,9326792,Approved
3161,0,Not Graduate,No,7604236,37545641,9,416,18778803,3042598,34392953,5298777,Rejected
3162,5,Not Graduate,No,2179490,26485564,15,545,25653692,10442864,15720057,5243529,Rejected
3163,0,Not Graduate,No,8191762,5153708,18,729,22233001,15839314,19876165,13415998,Approved
3164,1,Graduate,No,9460551,11421244,3,458,11634738,16729426,23234564,1316325,Rejected
3165,0,Not Graduate,No,6679098,15319436,5,375,10135124,12429279,4867018,7684607,Rejected
3166,2,Graduate,No,9481987,35802260,11,705,3152586,19398252,9150738,4579698,Approved
3167,4,Not Graduate,Yes,8491655,34777481,15,468,24143031,18177596,27814650,761277,Rejected
3168,1,Not Graduate,Yes,6728088,30500740,5,796,28653841,16180755,2810258,5512185,Approved
3169,4,Not Graduate,No,4876623,4477464,8,839,14554686,12989810,23577816,5961728,Approved
3170,3,Not Graduate,Yes,8601347,19527592,2,510,14540556,19116803,19005010,6684644,Rejected
3171,3,Graduate,Yes,2017873,19257287,2,743,24687630,334046,19025722,2363601,Approved
3172,5,Graduate,Yes,5699529,25290833,4,434,9963009,1735455,33160642,10703975,Rejected
3173,2,Not Graduate,No,8194119,33415517,15,858,11830583,9900864,10779643,5237416,Approved
3174,2,Not Graduate,No,9452445,12882236,18,447,26004364,13018071,31001914,8429013,Rejected
3175,5,Not Graduate,No,2817754,22132935,11,829,11039165,17531160,30740758,8011146,Approved
3176,3,Not Graduate,No,1120576,10641350,5,772,26987441,13161161,38906455,8297691,Approved
3177,3,Not Graduate,No,3466930,8545469,19,487,4696894,4506678,32160075,7425505,Rejected
3178,1,Graduate,No,8666845,12582216,7,795,14457009,17626910,19873938,4427224,Approved
3179,1,Graduate,Yes,5333531,29131974,4,680,14251569,1608190,14276076,7209894,Approved
3180,1,Not Graduate,No,743935,17462797,4,702,8925447,1841755,30617823,7796539,Rejected
3181,1,Not Graduate,No,1369753,27008570,8,527,28024119,13965824,36368449,269582,Rejected
3182,1,Not Graduate,Yes,3523249,27393174,15,440,14044644,18688931,11007677,10640536,Rejected
3183,4,Not Graduate,Yes,3558794,14497687,9,718,25579565,9748666,14493874,6543041,Approved
3184,0,Not Graduate,No,1526191,37737649,10,331,6381104,2615410,19485172,4303289,Rejected
3185,3,Not Graduate,No,5042613,2114770,8,509,10154606,923348,4216449,425767,Approved
3186,5,Not Graduate,Yes,4895524,35458686,19,385,13916728,19003558,12316894,4480051,Rejected
3187,4,Graduate,Yes,2153217,608295,14,300,16412092,5430355,30276320,5951453,Rejected
3188,2,Not Graduate,No,2476012,15288228,14,304,6676445,12402847,19385006,12298906,Rejected
3189,0,Not Graduate,No,6711359,32655401,10,356,9111393,6338923,23668913,9510898,Rejected
3190,5,Graduate,No,9530310,27122497,12,864,18106100,4162174,3130629,6149399,Approved
3191,0,Not Graduate,No,9965684,12905048,18,763,8104289,12956512,22479542,1850795,Approved
3192,4,Not Graduate,No,5681349,35015388,14,894,22112775,14338976,28161771,4039303,Approved
3193,4,Not Graduate,No,577281,5700580,17,350,13884217,9149044,27023748,13476559,Rejected
3194,1,Graduate,Yes,8997762,26591751,2,899,28210348,9843974,31167757,1879252,Approved
3195,4,Not Graduate,Yes,9515111,20627208,18,660,6917079,9451492,4469222,9268518,Approved
3196,1,Graduate,No,2924973,8420619,20,777,24518800,11471581,21539158,7601375,Approved
3197,1,Not Graduate,Yes,4123511,36396666,14,815,14264342,15648111,18901932,3198699,Approved
3198,4,Not Graduate,No,454580,30307806,20,457,2506523,13793299,35019259,12840427,Rejected
3199,5,Not Graduate,Yes,8051794,632449,12,745,20520133,5401291,27069305,5793088,Approved
3200,1,Not Graduate,Yes,7801419,3704368,7,689,6155315,4792027,37408029,9719543,Approved
3201,5,Graduate,Yes,402150,2500826,13,548,4030950,13047911,995060,1424536,Rejected
3202,5,Not Graduate,Yes,7083301,16584098,13,595,15472233,12518371,17545178,14195610,Rejected
3203,4,Not Graduate,No,4236440,16648161,4,425,22869021,7130611,27569867,324330,Rejected
3204,0,Graduate,No,5545818,28680145,5,411,7495897,16269441,3493784,4562437,Rejected
3205,1,Graduate,No,2339684,26797864,7,854,18130571,8116378,25529565,13463163,Approved
3206,4,Graduate,Yes,8190359,891026,12,739,418027,6516414,9065553,9376676,Approved
3207,5,Not Graduate,No,4163180,18963138,4,640,5372070,10784506,2914519,9925205,Approved
3208,4,Not Graduate,Yes,8432827,31063439,16,717,21964416,3739166,25778548,4622639,Approved
3209,2,Not Graduate,Yes,1653060,35483899,4,543,374830,13495548,16716334,11460797,Rejected
3210,1,Not Graduate,Yes,5961453,11752849,19,450,10411165,17401822,15906747,13694483,Rejected
3211,5,Graduate,Yes,3239515,2028114,14,866,14778339,18336788,12759461,9145940,Approved
3212,1,Not Graduate,Yes,9666093,6292817,8,894,1923510,8666412,26852368,3210205,Approved
3213,2,Graduate,Yes,5657483,13633522,9,429,28476018,5218816,24253064,13329453,Rejected
3214,5,Graduate,Yes,7253177,17672703,15,781,14807139,9293582,26136019,63478,Approved
3215,3,Graduate,No,1044646,14072837,3,565,9852743,2012657,30880624,13170006,Rejected
3216,1,Graduate,No,6833379,3849144,15,725,28436773,12955200,23730430,140641,Approved
3217,0,Not Graduate,Yes,1190565,13632987,12,365,16252928,8318563,2934849,854930,Rejected
3218,2,Not Graduate,Yes,3741933,11663795,6,588,19745474,2364465,6187036,618091,Rejected
3219,5,Not Graduate,Yes,2380288,19417288,19,375,2628817,10606290,38866804,2785208,Rejected
3220,2,Graduate,No,222134,3403320,13,789,4620093,13940780,11207879,10692586,Approved
3221,4,Graduate,No,5945621,31290620,5,539,1315539,4423269,16763075,5818111,Rejected
3222,1,Graduate,Yes,2561238,16646936,14,458,14966001,7853473,14812175,1163739,Rejected
3223,4,Not Graduate,Yes,5223289,12760998,9,720,24337955,17275618,38817147,5014016,Approved
3224,4,Graduate,Yes,7686421,35835613,16,873,26240123,13771867,32317185,14665770,Approved
3225,3,Graduate,Yes,1945947,29483742,11,503,16713166,15497632,18950625,7725916,Rejected
3226,4,Not Graduate,Yes,7156739,5664089,20,731,1578490,8722194,26743135,10718339,Approved
3227,3,Not Graduate,Yes,3110897,6041446,19,714,18221403,9577079,21621630,3918017,Approved
3228,2,Not Graduate,No,3444017,383812,2,594,18562692,9641559,25281423,7656250,Approved
3229,4,Graduate,No,5854558,22280414,9,783,17375536,8731240,37393144,11722649,Approved
3230,5,Not Graduate,No,6330713,14205225,5,376,20989043,2798484,26347783,9914224,Rejected
3231,5,Graduate,Yes,6622880,15003450,10,827,16214591,790380,4424713,110159,Approved
3232,1,Not Graduate,Yes,2113817,20268382,4,542,20486740,16146359,19725521,8923927,Rejected
3233,4,Graduate,Yes,5880214,21437063,12,326,14153110,10415660,32132624,11635242,Rejected
3234,0,Not Graduate,Yes,2783551,338228,4,894,4369959,10332189,1553563,1987278,Approved
3235,3,Not Graduate,Yes,2913818,4523790,13,765,2326444,11557493,13997408,5782543,Approved
3236,3,Not Graduate,Yes,9484600,31235143,10,790,26401805,8002339,7883930,9480920,Approved
3237,2,Graduate,Yes,1189031,37675744,20,388,12832580,17297656,28263994,75484,Rejected
3238,5,Graduate,Yes,4249170,33116694,18,751,9378095,9117978,5499844,10447842,Approved
3239,5,Not Graduate,No,4505106,35823594,13,719,8533108,9721302,24463751,12451844,Approved
3240,0,Not Graduate,No,2600878,18469823,10,842,1505692,10307879,2508669,7735953,Approved
3241,1,Graduate,No,7896565,32694735,15,523,27502561,3053121,36219681,6567291,Rejected
3242,1,Graduate,Yes,4973661,34883293,14,857,2421729,3363698,12523484,1350196,Approved
3243,5,Graduate,Yes,7250174,35297087,4,725,6373228,3493103,15978993,10653481,Approved
3244,3,Graduate,No,3992756,6155559,9,452,13315501,4929160,30879023,13865139,Rejected
3245,4,Graduate,No,8988364,6050164,20,428,10421042,3101427,14881631,12913196,Rejected
3246,4,Graduate,No,7349385,16081935,8,842,1163476,4347818,4513166,8080014,Approved
3247,4,Graduate,Yes,3465240,37859090,2,687,9578293,18207576,35470357,504397,Approved
3248,0,Graduate,No,9628738,12762039,17,371,22684978,6997125,4367762,4202984,Rejected
3249,0,Not Graduate,No,8677563,32896246,19,375,7291780,15391751,19485694,3853782,Rejected
3250,2,Graduate,No,5999027,35085529,14,797,25195464,7628770,4871149,109926,Approved
3251,2,Graduate,No,361199,38137422,14,402,10481487,16000462,27354718,1747706,Rejected
3252,4,Graduate,Yes,5993243,7725957,8,431,389159,14610162,10577010,8449827,Rejected
3253,0,Not Graduate,No,6970275,9781563,8,669,3168964,16304410,36546202,1440749,Approved
3254,2,Graduate,No,3775372,8921858,19,818,23571392,5594531,7926519,568165,Approved
3255,1,Graduate,Yes,1610166,29119491,18,502,11801459,1855312,26253525,13900924,Rejected
3256,1,Graduate,Yes,5733383,27219207,11,700,28553108,5977516,547275,8889526,Approved
3257,1,Graduate,Yes,8054823,16257710,7,722,22955629,13622231,4435086,11841869,Approved
3258,1,Graduate,No,3329423,3784866,5,660,883713,12692480,10838890,3653590,Approved
3259,3,Graduate,Yes,4671843,20715924,2,711,9093311,13664132,34646968,5361459,Approved
3260,2,Not Graduate,No,210702,29008794,11,436,21096546,19272222,39054743,8973518,Rejected
3261,2,Graduate,No,7097789,18893292,12,673,1836152,4361541,24052638,10103207,Approved
3262,2,Graduate,Yes,8687743,10810589,14,302,29073637,8616993,13190268,5412488,Rejected
3263,4,Not Graduate,Yes,7808243,23514730,17,739,4838977,9518915,12237726,13515845,Approved
3264,5,Not Graduate,No,4408552,26208666,8,776,23196150,2895605,8281354,10340329,Approved
3265,3,Not Graduate,No,641988,23477843,5,777,24458235,12851159,13348705,3245958,Approved
3266,3,Graduate,Yes,5022467,34523082,18,317,14705888,948964,19431986,1443516,Rejected
3267,4,Graduate,No,9416152,12606242,16,847,23384527,17408326,26861747,208015,Approved
3268,4,Graduate,Yes,1018309,24196766,12,561,25748348,1714380,8991243,12415974,Rejected
3269,0,Not Graduate,No,2296497,33816979,2,348,21370097,2142254,1403317,12114392,Rejected
3270,5,Graduate,No,8403683,8637202,10,621,20600833,3367624,21938091,7038961,Approved
3271,0,Not Graduate,No,5768373,11338265,13,643,11309018,17308547,9516358,10623665,Approved
3272,2,Not Graduate,Yes,1869303,2227288,18,541,8510343,16712559,15705709,12987576,Rejected
3273,3,Not Graduate,Yes,437752,14999138,11,750,25250680,17894850,27901065,2355781,Approved
3274,2,Graduate,No,4224087,2048867,10,626,6527705,16164960,35156179,14417527,Approved
3275,1,Not Graduate,No,6030212,29557891,9,430,12062709,17918030,20946900,7197793,Rejected
3276,5,Graduate,No,8434603,3781425,9,672,14915041,9145730,36374435,6441833,Approved
3277,0,Not Graduate,Yes,8861138,27442893,2,458,11369931,93796,10547339,2358378,Rejected
3278,1,Not Graduate,No,4686273,23028862,3,371,10854024,8498809,27952001,9885178,Rejected
3279,5,Not Graduate,No,4340330,39025621,16,460,17436607,4287376,38401778,8858423,Rejected
3280,4,Graduate,Yes,9325293,13950140,8,844,9587518,4748550,8455214,440375,Approved
3281,0,Not Graduate,No,7813455,13815935,18,643,28773052,13410157,28943359,9519278,Rejected
3282,4,Graduate,Yes,2251280,9829793,9,490,5177612,3236992,18576823,2078320,Rejected
3283,5,Graduate,No,6876467,21361003,20,520,11319749,6241751,34525628,4067235,Rejected
3284,0,Graduate,No,7209282,8896817,5,816,24597822,7617704,11972588,8991515,Approved
3285,2,Not Graduate,No,2492272,4744938,5,700,13837526,1185015,37653757,11478305,Approved
3286,2,Not Graduate,Yes,9784386,37484396,13,765,20515921,13605530,31292476,1972692,Approved
3287,0,Graduate,No,3109067,26923149,17,666,18826525,14801076,27639520,6961866,Approved
3288,1,Not Graduate,No,5586214,4957609,4,896,9641454,10834618,1143625,4190710,Approved
3289,1,Not Graduate,No,5038538,24528035,11,694,21654510,554688,3240544,10383461,Approved
3290,1,Graduate,Yes,6983402,12248725,6,540,6916112,15268763,25969674,12173522,Rejected
3291,2,Not Graduate,No,9036229,7358268,16,451,21818717,8652813,18773113,9405224,Rejected
3292,2,Not Graduate,Yes,4053621,18781909,12,327,3728813,5167263,12670491,11686105,Rejected
3293,1,Graduate,No,3968403,31174952,14,761,20197916,18382976,33003860,6626156,Approved
3294,1,Graduate,No,7563106,317621,7,860,3274126,16672181,18855379,8789599,Approved
3295,1,Not Graduate,No,9532267,14223606,7,699,25283000,8540516,17992696,4302943,Approved
3296,4,Graduate,No,9106966,36401365,14,592,18201415,8599481,12661402,14530667,Approved
3297,1,Not Graduate,No,7577029,15757887,8,378,1177187,17690613,38479595,3003274,Rejected
3298,5,Graduate,No,7089945,4184664,15,687,3166579,3708183,14299769,13540702,Approved
3299,3,Graduate,No,7733543,17100578,4,420,5453926,7934682,10173948,10965377,Rejected
3300,4,Graduate,No,9372102,27052848,7,673,27942187,11065841,26435015,14506872,Approved
3301,3,Not Graduate,Yes,304266,39355838,3,480,17153403,6725710,1336611,9436569,Rejected
3302,1,Not Graduate,Yes,5968796,24951527,3,820,8122831,6123218,23343377,5176136,Approved
3303,3,Not Graduate,No,533528,2280748,6,862,8055071,2083226,22133555,4129846,Approved
3304,1,Graduate,Yes,5855947,32015303,11,440,750921,5174599,9568298,2640615,Rejected
3305,0,Not Graduate,No,4068272,30880104,4,496,5912851,6946963,30147476,14216357,Rejected
3306,1,Not Graduate,Yes,3185348,25834399,3,854,24890094,16247298,1710595,1566115,Approved
3307,1,Graduate,Yes,8931698,35444341,18,311,17426404,6537537,38481400,11911982,Rejected
3308,0,Not Graduate,No,7154350,30459987,11,610,10696793,3126594,33556054,10267468,Approved
3309,0,Graduate,No,5760675,9403183,15,385,617360,16423093,6873598,1863993,Rejected
3310,5,Not Graduate,Yes,8843135,16812945,15,560,9980307,6824983,19298421,13460845,Rejected
3311,3,Not Graduate,Yes,1159428,20191334,3,319,11141735,17846354,7721958,2389682,Rejected
3312,2,Graduate,No,6533899,19457216,13,384,3451859,2115133,24254224,2363777,Rejected
3313,5,Graduate,Yes,1731186,25340659,18,542,17670085,425443,13817695,7997502,Rejected
3314,1,Not Graduate,Yes,2483784,27805155,10,336,19218281,17881326,19149171,1516404,Rejected
3315,2,Graduate,No,2014530,4375207,18,779,29047405,1906174,37513034,1504979,Approved
3316,5,Graduate,No,5532269,22582328,19,647,10440887,165856,24262456,9176294,Approved
3317,3,Graduate,No,6364629,1821529,12,570,8031008,12478632,33992406,14175768,Rejected
3318,2,Not Graduate,No,7608187,20352311,3,583,23949140,6154872,24577320,783776,Rejected
3319,1,Graduate,No,4518113,16849379,13,804,10196738,9404012,18598507,9378944,Approved
3320,0,Graduate,No,9405761,8357889,18,808,18350992,7922898,589589,8844872,Approved
3321,0,Not Graduate,Yes,3861043,39140183,13,328,21461435,5759445,3495428,972758,Rejected
3322,0,Graduate,Yes,1734641,10417844,17,711,25605449,9334275,20903757,2198608,Approved
3323,4,Not Graduate,Yes,557845,2507885,12,582,9273511,5042196,19754862,6519240,Rejected
3324,3,Not Graduate,No,1449471,14353092,9,770,18116529,4359119,19682632,10191643,Approved
3325,2,Not Graduate,No,4562164,29990300,19,773,3814900,4358687,33141433,3262936,Approved
3326,4,Graduate,Yes,4246847,663947,4,725,22676996,2298335,3756046,6382612,Approved
3327,0,Not Graduate,No,8571435,19620231,10,705,1310112,10193746,25823046,7209625,Approved
3328,1,Not Graduate,Yes,1430989,16660647,4,427,20269293,10641093,29238568,10463775,Rejected
3329,2,Graduate,No,2770825,34238350,14,812,6082079,339110,25311023,3631274,Approved
3330,5,Graduate,Yes,9808204,408524,19,721,13461439,8914818,9245687,10129987,Approved
3331,3,Graduate,Yes,479928,979141,20,464,2221345,14334356,15930537,12227403,Rejected
3332,5,Graduate,Yes,4358183,22448605,6,439,20040413,24836,2137393,8565595,Rejected
3333,1,Graduate,Yes,2142714,7331623,15,601,14030354,5827527,6944462,10600158,Rejected
3334,5,Graduate,No,5429383,27897928,18,506,19311255,18643293,31483831,2462057,Rejected
3335,0,Graduate,Yes,9741806,11202293,17,706,10112797,8280530,24203173,13326698,Approved
3336,1,Graduate,Yes,2425460,22336226,11,544,195075,321337,33913164,4428417,Rejected
3337,3,Graduate,No,3829597,1779360,5,401,16906368,10224812,27115727,2909976,Rejected
3338,0,Not Graduate,Yes,4601436,27485983,10,537,20330364,7969617,9435234,8062093,Rejected
3339,5,Graduate,No,8025236,20615285,16,790,19344970,4100376,31877459,5665265,Approved
3340,5,Graduate,No,9850001,300516,13,799,7628841,1424332,26951784,6780955,Approved
3341,3,Graduate,No,1146053,10719974,9,487,20851954,17143831,7509918,11840358,Rejected
3342,1,Graduate,No,4989134,2630125,6,778,15767044,15769108,194066,7877989,Approved
3343,0,Graduate,Yes,7575471,2057882,14,356,3239772,13232609,29939412,5495545,Rejected
3344,3,Graduate,No,286474,27679728,10,891,9466503,342337,28269078,11763142,Approved
3345,3,Not Graduate,No,8099871,17073329,10,760,669954,16883749,3519468,5572599,Approved
3346,4,Not Graduate,No,2576770,31773686,19,324,20839046,9181896,18220961,14087345,Rejected
3347,3,Not Graduate,No,5280313,10404787,2,723,439983,9223741,35822236,14494765,Approved
3348,0,Not Graduate,Yes,9788858,28433902,6,596,1409241,17027319,31065337,6898251,Approved
3349,0,Not Graduate,Yes,6424351,24412862,19,831,4603460,8389732,32030857,11331688,Approved
3350,4,Graduate,No,9892862,26290080,19,444,9488503,4582337,15406931,10409870,Rejected
3351,0,Not Graduate,No,6113987,32758110,7,836,578871,4600565,4749658,12654017,Approved
3352,5,Not Graduate,Yes,2262832,28029401,20,823,18329309,17981178,13762168,6780318,Approved
3353,0,Not Graduate,Yes,6987695,29527482,6,467,3852764,10569903,26925731,5982500,Rejected
3354,4,Not Graduate,Yes,6229588,29291925,2,559,23373274,11230799,32958767,4066290,Rejected
3355,5,Graduate,Yes,3245004,17822546,7,685,16271951,11507373,25245958,8613002,Approved
3356,2,Not Graduate,Yes,953701,28695598,12,444,2425030,4279031,1514950,9050856,Rejected
3357,0,Not Graduate,No,6552439,33312880,2,900,11647939,8146513,23146824,6623137,Approved
3358,5,Graduate,No,5858928,29229933,5,414,4081430,18459724,7336867,4562423,Rejected
3359,1,Graduate,No,7781551,24121471,17,446,28539770,2820421,23898381,6619315,Rejected
3360,3,Not Graduate,Yes,1434022,3201572,13,600,17242541,18454847,16155451,7381592,Approved
3361,5,Graduate,No,5479715,17414465,13,584,23533005,5298226,20893850,1877177,Approved
3362,4,Graduate,No,8222883,2780244,20,330,10894843,5737034,23376455,9704036,Rejected
3363,0,Graduate,No,8934207,4369627,6,847,4271174,276479,25011935,12379352,Approved
3364,4,Not Graduate,Yes,9407835,14455902,19,444,6835878,12875370,200410,4731560,Rejected
3365,0,Graduate,Yes,2277186,18493704,8,361,12128571,6191292,37873770,5740973,Rejected
3366,4,Graduate,Yes,1895270,20981791,19,612,22422479,8912298,22545789,1365666,Approved
3367,3,Graduate,No,5844876,35591019,16,857,12541250,11266724,19880554,8552818,Approved
3368,1,Graduate,Yes,4734579,30194667,6,301,27023232,12303356,14836907,6285745,Rejected
3369,2,Not Graduate,No,2496450,16877413,5,593,10537598,18540795,4096618,12598956,Approved
3370,0,Not Graduate,Yes,1200021,13420546,12,847,6787313,10781879,24696080,13333962,Approved
3371,5,Not Graduate,No,1607636,28233427,11,836,14421662,3451197,14240983,11370115,Approved
3372,1,Not Graduate,Yes,3523572,11084589,6,402,3234142,13648268,35553374,3088148,Rejected
3373,1,Not Graduate,Yes,7446998,34937728,6,673,19493349,1076011,25792785,2914098,Approved
3374,3,Graduate,No,837958,30932774,19,802,2937589,16365283,17282182,7139900,Approved
3375,4,Not Graduate,No,1230934,27054741,16,703,18649890,5748438,1243004,9092117,Approved
3376,3,Graduate,No,2792556,10074004,5,694,11132145,14011257,21739482,466804,Approved
3377,3,Not Graduate,Yes,8762669,24671931,15,764,10391585,3041875,33136842,7287247,Approved
3378,3,Not Graduate,Yes,9904192,32476982,4,572,17775598,7889925,18141364,1274268,Rejected
3379,5,Graduate,Yes,4513635,3120664,10,340,20516827,13493068,25490121,3824236,Rejected
3380,2,Not Graduate,No,637112,7243635,2,684,27032892,12054240,4646062,5277126,Approved
3381,4,Not Graduate,Yes,316999,20495690,14,677,8424025,111533,15943851,600611,Approved
3382,4,Graduate,Yes,8617890,14391362,5,811,23627031,671857,31090029,3857128,Approved
3383,5,Not Graduate,No,4558821,28116939,6,855,24312114,19028821,16604651,9257932,Approved
3384,5,Graduate,Yes,959035,16022164,5,502,28974507,10259673,34699672,14668743,Rejected
3385,4,Graduate,Yes,8367582,39368971,5,874,28063226,16599933,16051260,11463867,Approved
3386,1,Graduate,Yes,5384170,12040809,3,305,23002330,1410538,31809489,4504007,Rejected
3387,4,Graduate,No,3627630,14420143,12,881,8576836,9519009,25236750,13843260,Approved
3388,4,Not Graduate,Yes,4630774,431591,18,382,20212068,11180398,37145785,6469222,Rejected
3389,1,Not Graduate,Yes,2405673,10001690,7,688,22834436,17866279,20892518,5218261,Approved
3390,4,Not Graduate,Yes,9329236,9531963,16,710,8481172,13785444,18346717,12454278,Approved
3391,1,Not Graduate,No,7920086,30200712,12,680,23670690,12184351,13860016,5868492,Approved
3392,3,Not Graduate,No,2150688,13536019,6,895,20425423,5693043,25571012,10860133,Approved
3393,4,Graduate,Yes,7402042,8275883,3,632,14281214,19279038,38418896,2396182,Approved
3394,1,Graduate,Yes,1960883,12594096,16,379,25076767,6356441,6598990,4885579,Rejected
3395,2,Not Graduate,Yes,4642215,22355797,2,665,2553446,5399140,36707889,14473855,Approved
3396,4,Not Graduate,No,7537398,31093776,10,474,19901245,14040416,38290878,3585365,Rejected
3397,2,Graduate,Yes,556447,38670764,2,667,22877892,19339979,30146822,12488928,Approved
3398,5,Not Graduate,Yes,7312051,2156816,16,528,1174764,16623064,22757718,6856618,Rejected
3399,0,Graduate,Yes,2414297,33266637,20,325,11857616,3496797,33829238,14076774,Rejected
3400,4,Graduate,No,7051982,15546789,8,683,15045608,15818435,10257193,6115002,Approved
3401,4,Graduate,No,5091846,31983049,7,353,6054874,6856316,24850884,7281602,Rejected
3402,5,Graduate,No,456045,1770605,12,497,25588867,4306469,31570671,5800684,Rejected
3403,0,Graduate,Yes,7666505,24842839,11,672,18235521,18145287,31567345,3083786,Approved
3404,5,Not Graduate,Yes,2747605,36781385,9,829,8004656,18426587,22990451,12403766,Approved
3405,2,Not Graduate,Yes,8430973,1833918,8,488,12714898,7188520,15111219,8425812,Rejected
3406,2,Not Graduate,Yes,2089779,31276210,5,479,3259798,508309,37227259,7425103,Rejected
3407,2,Graduate,No,6088410,4781605,6,481,2548358,4070825,26410056,5469751,Rejected
3408,3,Not Graduate,No,3747920,38800735,13,645,21721343,10499708,30183113,11353363,Rejected
3409,3,Not Graduate,Yes,6101510,29479355,15,416,28624931,1154049,24433865,5113607,Rejected
3410,2,Graduate,No,5658631,35978293,16,616,8054874,4406883,34388781,3493552,Approved
3411,0,Graduate,Yes,3099983,35489190,11,781,7119660,2889789,18724817,1210754,Approved
3412,5,Graduate,No,6583749,12679860,16,348,19901590,18470761,21428680,12836401,Rejected
3413,1,Not Graduate,No,2749696,16604293,13,879,14869083,6891334,31514949,1075293,Approved
3414,0,Not Graduate,Yes,9091994,27410070,8,619,4057574,7373184,20278490,12419880,Rejected
3415,3,Not Graduate,No,9476238,7155589,8,677,19418088,8171901,9600868,5568338,Approved
3416,2,Not Graduate,No,1825888,12316920,11,671,6105392,252766,29687197,37421,Approved
3417,3,Not Graduate,Yes,7332002,4182574,7,868,3349100,10523552,14719451,13615118,Approved
3418,5,Graduate,Yes,9307885,35117879,16,699,13509673,17701885,4116547,10890290,Approved
3419,0,Not Graduate,No,1443288,10016588,5,831,21516833,15783607,14611163,10628448,Approved
3420,1,Graduate,Yes,7448376,16401512,3,471,15165558,4863806,2118038,8054463,Rejected
3421,3,Not Graduate,Yes,9389528,18038269,11,430,18865204,260248,34426361,11180211,Rejected
3422,4,Not Graduate,No,2405987,15034792,3,686,6924640,15003414,38561128,1957102,Approved
3423,3,Not Graduate,No,5907228,30795861,5,392,14368209,16317652,35918784,3444072,Rejected
3424,2,Graduate,No,8018878,36131495,9,366,20746484,17881754,27888932,7994428,Rejected
3425,3,Not Graduate,Yes,3466951,22757997,2,427,15374402,11198637,37461908,10797585,Rejected
3426,5,Not Graduate,No,2530641,33100220,6,462,6973200,9186253,6377346,8649619,Rejected
3427,2,Not Graduate,Yes,4091966,4644396,12,357,27784535,14675674,2444671,5972891,Rejected
3428,5,Not Graduate,No,3486811,38183412,9,737,1959320,13393433,36075173,9876685,Approved
3429,4,Graduate,No,7308964,4843237,19,650,26507127,14685396,10556615,873041,Approved
3430,1,Graduate,Yes,3835101,2906333,3,420,21084558,5516736,23376466,7470677,Rejected
3431,1,Graduate,No,3887472,1171649,15,469,3258714,17522131,35340461,5803759,Rejected
3432,4,Not Graduate,No,9456166,9838884,13,858,7426157,721215,13441987,7322961,Approved
3433,1,Graduate,No,5871699,33117269,14,848,10730684,1811576,3507599,1929430,Approved
3434,2,Not Graduate,Yes,9307737,12093624,14,374,27866375,12702510,31018370,13279034,Rejected
3435,1,Graduate,No,7162895,31303356,2,668,15038048,11087396,17696232,12549382,Approved
3436,3,Not Graduate,Yes,8875018,16934601,17,494,7510338,10748728,888339,13856863,Rejected
3437,1,Graduate,Yes,2114675,4374434,8,516,26771297,17635172,13378621,12352322,Rejected
3438,3,Not Graduate,Yes,9394200,18846698,14,660,3433821,16894632,20777610,9765928,Approved
3439,5,Graduate,No,9453567,9408210,7,891,23761992,13952602,34490138,4225793,Approved
3440,4,Graduate,No,599530,11725719,9,650,24173086,3194890,8867695,1677980,Rejected
3441,5,Not Graduate,No,3690493,20576550,15,872,11246646,1873747,20308584,8995257,Approved
3442,0,Graduate,Yes,4250259,31285657,19,793,1254805,2710821,7110768,13915099,Approved
3443,2,Graduate,No,4309873,23303206,18,767,25788722,11910907,11382667,5347267,Approved
3444,1,Graduate,Yes,7828350,9051170,15,774,28151975,13828375,10342692,14597407,Approved
3445,5,Not Graduate,Yes,7045441,28425086,12,775,11004391,15517689,20552606,2267124,Approved
3446,4,Graduate,No,2286258,27603479,12,453,5404950,2000476,26011313,4164642,Rejected
3447,1,Graduate,No,6166094,9592978,20,887,7891714,5332318,4407891,9546287,Approved
3448,3,Not Graduate,No,9751351,33689318,5,851,3970147,6557742,2973242,7243412,Approved
3449,3,Not Graduate,Yes,4513174,33353839,20,660,17747875,12270368,28663147,11173567,Approved
3450,2,Graduate,No,9296491,23964971,14,727,15090998,903279,11522194,5069821,Approved
3451,2,Graduate,No,6567472,11909203,13,828,10356741,16303997,24238832,11388424,Approved
3452,0,Graduate,No,9264617,14183030,13,391,18934370,1563602,3008240,4426263,Rejected
3453,2,Graduate,Yes,9047718,17525767,17,338,18112059,10163018,23547784,2193542,Rejected
3454,2,Not Graduate,Yes,363407,7665336,14,898,327338,18098001,35648384,8360627,Approved
3455,4,Graduate,No,8042780,12292569,3,632,11921806,3767231,17163498,7534904,Approved
3456,5,Not Graduate,No,2053097,5566370,16,733,25128321,13333513,22653986,8335807,Approved
3457,4,Not Graduate,No,8277739,6358392,15,602,23156881,10663833,11534370,351320,Approved
3458,0,Graduate,No,8118554,29471650,19,610,24877132,15905559,11207385,6043868,Rejected
3459,5,Graduate,Yes,2732402,5331420,19,322,27770449,11407276,2562921,1325491,Rejected
3460,2,Graduate,No,848936,18689974,20,473,1786784,16455541,18775855,11831003,Rejected
3461,2,Not Graduate,Yes,4310153,17126316,2,352,7865997,7815343,37123674,1191451,Rejected
3462,5,Not Graduate,No,3169165,2115726,13,559,13368373,3180471,4548424,13695846,Rejected
3463,5,Graduate,No,5627428,32887702,19,313,14841293,13184562,16328913,840704,Rejected
3464,0,Graduate,Yes,1003790,38866509,20,782,22879991,18772720,32812724,8975940,Approved
3465,2,Not Graduate,Yes,633070,25325907,12,476,21080983,8406658,19440130,4906409,Rejected
3466,4,Graduate,Yes,4483994,26615085,19,745,20550960,15907602,29808542,1627330,Approved
3467,3,Graduate,No,7743964,9422054,18,332,4612905,17021658,14730056,5257890,Rejected
3468,1,Graduate,No,3286754,33391956,2,320,19719050,12523316,23620729,587470,Rejected
3469,3,Not Graduate,No,3369941,31042902,18,554,23160868,15357534,38724792,10258694,Approved
3470,5,Not Graduate,Yes,1807400,17476996,14,773,21885433,10922185,23436860,12802368,Approved
3471,1,Graduate,No,2969441,27967834,12,788,16964484,15612574,31209942,4849231,Approved
3472,4,Graduate,Yes,3127992,37753194,5,627,2569415,6522118,27188700,6454022,Approved
3473,4,Graduate,Yes,2741061,23931427,19,668,4357449,10205888,3753800,2063818,Approved
3474,5,Not Graduate,Yes,3568070,8121381,7,713,21625640,1509431,6286814,7087481,Approved
3475,1,Graduate,No,2977117,13253675,9,704,25265480,3809147,23840462,13919071,Approved
3476,1,Graduate,No,6872024,7557336,7,745,24017976,11234775,13646359,7912448,Approved
3477,3,Graduate,No,3512545,13295800,20,318,12417006,14053783,18997675,12869503,Rejected
3478,3,Not Graduate,No,7596618,35201122,11,557,17089778,577672,18949172,11467688,Rejected
3479,2,Graduate,Yes,6127281,7737860,4,804,5139622,1337074,31099399,1826118,Approved
3480,4,Not Graduate,No,6476745,35255309,2,564,17221503,123544,38840276,777484,Rejected
3481,4,Not Graduate,Yes,5918940,11477207,20,387,5686034,10040953,39094787,5332846,Rejected
3482,1,Not Graduate,No,9244078,19861564,6,699,23136475,6503598,3124822,13818400,Approved
3483,4,Graduate,Yes,2705975,21012216,16,481,22858236,1027794,29176824,2470844,Rejected
3484,1,Graduate,No,9827376,5230825,2,607,1488943,15396113,28431416,653766,Approved
3485,2,Graduate,No,2222958,7512966,19,610,27229340,10251322,33905209,14098937,Approved
3486,0,Graduate,No,1554648,12264485,14,718,23166925,194559,16728877,2909404,Approved
3487,2,Not Graduate,No,8298311,2651044,6,858,11007072,13306890,19703311,5232870,Approved
3488,5,Graduate,Yes,8980401,29862772,18,716,13129629,17681865,17705135,11468915,Approved
3489,2,Graduate,Yes,1108688,21712577,7,899,2293896,8132445,14645041,1442326,Approved
3490,4,Not Graduate,No,6077896,33462883,20,311,27247118,18423171,9675975,2514317,Rejected
3491,0,Graduate,No,5225664,34134283,13,770,2933951,8087921,25216563,10684606,Approved
3492,3,Graduate,Yes,2357094,13928066,10,550,26842584,1502324,656030,97398,Rejected
3493,2,Not Graduate,No,5301497,32331008,3,738,19045324,2382200,29377201,10462247,Approved
3494,4,Not Graduate,Yes,6920694,2700360,6,351,26734567,1299083,32989134,7973512,Rejected
3495,5,Not Graduate,No,5826541,17144185,3,617,10788874,5855882,8919330,3543206,Rejected
3496,3,Graduate,Yes,5293625,26396486,18,317,26064715,7466005,8373953,9019326,Rejected
3497,0,Not Graduate,Yes,8879372,18576124,3,700,12400426,8618910,19732789,4725489,Approved
3498,2,Not Graduate,No,2410197,29288284,4,430,10187622,9324391,33176306,13949434,Rejected
3499,0,Graduate,No,6314357,33957127,4,386,9808078,16753105,4460606,6100777,Rejected
3500,2,Graduate,No,3302379,16921375,20,347,27702507,225179,16930730,11001020,Rejected
3501,0,Not Graduate,No,9741611,11058772,20,461,13547172,17420810,8481030,3935190,Rejected
3502,3,Graduate,No,2665159,23157426,15,876,13926415,4635110,34568868,12250776,Approved
3503,1,Graduate,Yes,8739261,34344532,3,891,18727289,18499453,3301018,4246649,Approved
3504,1,Not Graduate,No,6394852,39004963,11,348,16174921,2621748,5673493,7466877,Rejected
3505,0,Not Graduate,No,2304454,32269312,20,888,15747149,1945115,6165136,11783378,Approved
3506,5,Graduate,No,7635172,9903945,3,653,11030680,2357113,31804851,13613859,Approved
3507,5,Not Graduate,No,2563596,8347170,17,494,4779425,5746489,35304363,11052203,Rejected
3508,4,Not Graduate,Yes,2770707,22760726,2,866,28941847,18265772,14605753,9812120,Approved
3509,0,Not Graduate,No,3578786,16065635,17,444,14296499,8980510,6176034,10181649,Rejected
3510,2,Graduate,No,6880987,24249648,12,409,28292539,3205693,26010037,5971470,Rejected
3511,5,Graduate,Yes,4036841,36494555,18,437,13403840,12449830,34906516,10095571,Rejected
3512,3,Not Graduate,No,5777549,21825002,9,387,17443346,9855603,35684793,8447757,Rejected
3513,0,Graduate,Yes,5619352,14237177,16,591,15880953,13634290,17444511,7671664,Approved
3514,0,Not Graduate,No,2126966,34369879,18,384,28103440,14385945,30611228,4605128,Rejected
3515,1,Not Graduate,No,2478624,17515327,8,434,3220497,15248715,37474820,5158542,Rejected
3516,5,Graduate,Yes,3206842,24016295,14,523,15059706,2934772,32376891,1816210,Approved
3517,1,Not Graduate,No,2378982,5603707,10,689,4467639,9619951,18607059,10592010,Approved
3518,5,Not Graduate,Yes,9203616,20209289,10,815,25259715,12234765,10237043,326391,Approved
3519,4,Not Graduate,No,3937621,17011240,17,344,15430105,10797734,14580155,1710605,Rejected
3520,5,Not Graduate,No,4167780,5122189,6,679,26860581,18867861,14177644,4306223,Approved
3521,4,Not Graduate,Yes,6785827,8595069,4,362,8015159,18635071,38713728,2073736,Rejected
3522,1,Not Graduate,Yes,7923168,27865801,11,895,4740037,15750503,28725447,11020248,Approved
3523,4,Not Graduate,Yes,6943631,7379047,17,466,18304822,4656548,33653264,1856098,Rejected
3524,1,Not Graduate,Yes,5601540,5478608,5,814,4242021,10260640,30467595,6710188,Approved
3525,1,Graduate,Yes,9765945,2555889,8,767,10847065,15592939,18675408,10770955,Approved
3526,1,Graduate,Yes,9018440,1341539,14,494,9133297,5204457,30970048,8659190,Rejected
3527,0,Graduate,Yes,2183671,17329015,11,494,6423381,13809269,25087780,8695650,Rejected
3528,0,Not Graduate,Yes,1768293,19450422,13,490,3803890,4834396,29012232,5059057,Rejected
3529,1,Graduate,Yes,4050020,24773747,12,582,19101088,2717742,11793420,6617357,Rejected
3530,0,Not Graduate,Yes,8386649,22739855,17,565,22062799,4654842,9079606,11273628,Rejected
3531,2,Graduate,No,9653840,21342238,18,694,11462713,17973938,7065063,7000600,Approved
3532,0,Graduate,No,6962086,39462920,10,579,8178030,19310105,11332196,10287663,Rejected
3533,0,Graduate,Yes,2490226,10098810,10,773,4586522,16593909,38357514,12165122,Approved
3534,5,Not Graduate,No,6004330,28223211,7,580,19701801,5262659,36928007,3600692,Approved
3535,0,Not Graduate,Yes,2006337,3420797,10,484,23536341,15122390,5733261,1788692,Rejected
3536,0,Not Graduate,No,5488531,33564741,17,496,15947491,4234138,21711326,6810866,Rejected
3537,0,Not Graduate,Yes,2098750,14516508,11,739,12564178,2459407,36863469,5633690,Approved
3538,0,Graduate,Yes,940001,13878411,15,384,18867390,5019635,29574455,2202126,Rejected
3539,3,Not Graduate,No,9679456,5599113,9,471,26628546,2709608,23998690,11174443,Rejected
3540,4,Graduate,Yes,8955064,20249456,15,487,28799909,12425708,23488470,9172390,Rejected
3541,4,Graduate,No,6916159,15964292,15,687,5627967,13254050,12782408,9670238,Approved
3542,3,Not Graduate,Yes,6329951,38491345,12,377,13872843,691663,36240473,10424044,Rejected
3543,0,Not Graduate,Yes,2551976,7278181,19,570,25501791,2081038,3257605,6396656,Rejected
3544,4,Graduate,Yes,5802341,16661631,18,705,18415077,9294068,34056247,7501111,Approved
3545,0,Not Graduate,No,7531243,35587308,5,856,23742980,2198322,34152155,3297815,Approved
3546,3,Graduate,Yes,5487103,31945785,6,563,28978971,16067304,10245891,10750962,Rejected
3547,2,Not Graduate,No,2962999,30268555,20,890,3023950,7765421,20069296,13912685,Approved
3548,5,Not Graduate,No,4040759,20918773,9,665,17819864,8008734,34680611,12845798,Rejected
3549,1,Not Graduate,No,8441493,34530735,7,765,15471926,104331,18590809,5996414,Approved
3550,3,Not Graduate,No,2695714,9079304,17,445,8285670,13608943,11761542,733859,Rejected
3551,2,Not Graduate,No,9621737,32037530,13,850,19022171,13996778,2744333,12904174,Approved
3552,3,Graduate,No,7602156,23052411,4,455,3022446,14673686,17286433,8451032,Rejected
3553,5,Not Graduate,Yes,8924332,14018250,3,382,14418531,10480015,10887800,11434108,Rejected
3554,4,Graduate,Yes,5193762,8848031,17,347,12067438,5229266,33368356,4425252,Rejected
3555,2,Graduate,No,2392629,20747949,16,693,11356655,1516578,33758881,12664491,Approved
3556,2,Not Graduate,Yes,532607,28317005,8,677,17872463,6121785,12701547,12321843,Rejected
3557,4,Not Graduate,No,5442224,9547124,18,419,27465805,10545505,8251534,248753,Rejected
3558,2,Graduate,Yes,4111126,15557428,4,828,27570392,2262258,11398259,8302712,Approved
3559,1,Graduate,Yes,1314077,7871238,18,466,20393887,1049304,15753457,7017653,Rejected
3560,2,Not Graduate,Yes,9300316,18543243,3,666,9632471,4208985,26211348,9670941,Approved
3561,0,Graduate,Yes,9708604,14840110,14,614,28106813,1371504,5969000,3813677,Rejected
3562,1,Graduate,No,3864167,7659821,18,655,29052619,275718,39187313,1440286,Approved
3563,2,Graduate,No,6746870,35132999,13,745,24625302,9418044,27450214,4028113,Approved
3564,4,Graduate,Yes,4249683,30068244,16,857,25408438,14455159,5137433,7723371,Approved
3565,4,Not Graduate,Yes,5068734,15503840,8,733,23778523,9696571,12337839,3966652,Approved
3566,1,Not Graduate,No,6314819,2559386,7,845,22119476,1770360,27481577,6822248,Approved
3567,2,Not Graduate,Yes,4281022,33431355,7,822,21115899,6576498,19753149,5722910,Approved
3568,0,Graduate,No,8056413,27619720,4,515,18577035,689569,20656651,10203146,Rejected
3569,4,Not Graduate,No,2055589,22080030,7,636,18800905,12062366,1625958,6037357,Approved
3570,1,Not Graduate,Yes,6750919,24001824,6,419,11342209,4522669,16096205,2123355,Rejected
3571,4,Graduate,Yes,9834664,598496,16,856,25807686,7514753,24089176,9320391,Approved
3572,5,Graduate,Yes,8530537,18874936,6,881,18468367,17498900,29394462,3126193,Approved
3573,4,Graduate,Yes,648062,7698479,5,833,17850224,11387035,17520622,4415358,Approved
3574,1,Not Graduate,Yes,1316911,25831980,15,746,21587379,14837829,21749584,10388460,Approved
3575,5,Not Graduate,No,6361589,36806100,12,810,2190892,6785827,8702806,4009824,Approved
3576,4,Graduate,Yes,9261007,21108025,6,777,26740132,18055349,27357807,908825,Approved
3577,3,Graduate,No,8471449,23983599,15,437,16952598,13870359,29159074,5300940,Rejected
3578,5,Graduate,No,9058435,26464191,6,458,27482037,10003760,26184719,5703499,Rejected
3579,5,Not Graduate,Yes,1667298,36738237,16,619,2992502,11238150,38616664,10091763,Rejected
3580,0,Graduate,No,5287656,1796902,2,552,6798492,12090306,34489651,10423437,Approved
3581,5,Graduate,Yes,7313664,12456705,13,742,27624661,3104844,31785941,2516,Approved
3582,4,Graduate,No,6322474,10819758,13,742,20161363,4882344,13141752,11126370,Approved
3583,1,Not Graduate,No,7814863,28389245,9,886,18818067,13313615,2618552,10979840,Approved
3584,1,Graduate,No,2285568,17857751,15,773,11765555,8551396,28905,2549920,Approved
3585,4,Not Graduate,No,4679129,30563387,9,307,16169306,15208356,30559508,4982840,Rejected
3586,1,Not Graduate,Yes,4589885,18818456,14,504,15896956,10201620,35242190,11272528,Rejected
3587,2,Not Graduate,Yes,9410810,38547425,6,496,5756594,1277956,25468366,8470724,Rejected
3588,4,Graduate,Yes,2186493,30365648,12,680,16487569,12897306,28267736,4991664,Approved
3589,3,Graduate,No,3398436,1012518,16,505,15008821,11833235,3519781,11194377,Rejected
3590,5,Graduate,Yes,415371,39047602,20,888,9110502,7074714,22166945,9284703,Approved
3591,0,Not Graduate,No,1687159,37627699,8,473,9967652,15334335,23735177,7509276,Rejected
3592,1,Not Graduate,Yes,9812851,2001782,10,562,22345150,6804225,6139868,89700,Approved
3593,5,Not Graduate,No,8507276,15650336,11,791,19653737,2224266,29431501,9513123,Approved
3594,3,Not Graduate,No,2739636,38346212,18,520,13674768,2351740,13143334,2645605,Rejected
3595,1,Not Graduate,Yes,7080274,33149303,20,327,17588325,17492056,7730024,13523128,Rejected
3596,1,Graduate,Yes,6012462,18656507,14,499,7020250,7295981,27282301,2777800,Rejected
3597,2,Not Graduate,No,9084471,21652746,17,516,14529836,8047096,17048536,439034,Rejected
3598,3,Not Graduate,Yes,3142454,1462256,3,667,16347684,5926419,21011745,5530587,Approved
3599,1,Graduate,Yes,9944636,22434262,16,727,7354763,14314092,21265462,5138073,Approved
3600,3,Not Graduate,Yes,3832092,26420857,17,629,4931887,11746948,24406807,5178343,Rejected
3601,2,Graduate,No,7225213,14387613,15,544,15299125,17441567,16195586,13624756,Rejected
3602,3,Graduate,Yes,4098063,12325115,13,602,27376956,17352997,31934180,4035497,Approved
3603,0,Graduate,Yes,6781027,32776126,19,386,13435379,19198960,34339388,12310218,Rejected
3604,3,Graduate,No,3483458,17888018,14,408,26231677,6384453,18963874,2391915,Rejected
3605,5,Graduate,Yes,8464291,10649332,18,667,24771837,11328146,6621005,9067371,Approved
3606,0,Graduate,Yes,6446518,14993002,5,820,21672222,6721901,10932923,1923205,Approved
3607,1,Not Graduate,Yes,3029979,19595862,14,614,26025216,13662914,30244977,3370753,Rejected
3608,4,Graduate,Yes,9617176,10472381,10,336,11968309,14514625,10060009,2176595,Rejected
3609,3,Graduate,Yes,7149937,22258840,18,890,22094150,4882973,30501174,4858835,Approved
3610,4,Not Graduate,Yes,4400619,34059963,18,494,4211771,16677796,25955523,6759474,Rejected
3611,3,Graduate,Yes,1531675,29406827,18,749,9301522,5626899,17562774,12611958,Approved
3612,4,Graduate,No,9738602,9368488,6,839,16488688,19076165,4957253,11117880,Approved
3613,3,Graduate,Yes,7598936,18788105,11,892,1108404,16504926,21147537,10264590,Approved
3614,0,Not Graduate,No,6744413,21613136,2,369,22268707,352564,27157317,7186763,Rejected
3615,4,Graduate,No,8364498,26967090,20,411,26927276,7725931,6019648,4199058,Rejected
3616,2,Not Graduate,No,6149935,29951961,6,687,3064420,7534510,32338842,4360417,Approved
3617,0,Graduate,No,2473650,19323529,13,757,28867556,15955218,7650176,1944008,Approved
3618,2,Graduate,Yes,2523617,12650092,11,801,2565497,14053989,16173171,9770451,Approved
3619,2,Not Graduate,No,974935,26145369,19,631,3696304,981578,20841260,11477323,Rejected
3620,0,Not Graduate,Yes,816622,5229425,17,395,22186215,16308658,28969636,8053275,Rejected
3621,5,Graduate,Yes,7341040,26726424,16,728,19951426,4234116,8807486,8470502,Approved
3622,1,Graduate,No,8548961,35435220,14,701,27239126,7172591,13165449,5474288,Approved
3623,1,Not Graduate,Yes,1806416,28110109,4,580,12371764,3299825,31613443,14162541,Rejected
3624,2,Graduate,Yes,1414330,17298774,19,683,16660531,3055992,12920153,13047536,Approved
3625,4,Graduate,Yes,4261256,32573352,3,427,4321943,10225108,24155748,5975420,Rejected
3626,4,Not Graduate,Yes,7949202,21162686,10,787,20132449,1643122,15594304,11099206,Approved
3627,4,Graduate,Yes,8157280,21496324,9,327,29044748,1562292,2217884,5130696,Rejected
3628,1,Not Graduate,No,9497777,33703137,9,804,17368744,15243216,20167344,1819608,Approved
3629,5,Not Graduate,No,3243688,7876504,20,803,27156959,6671086,14028765,4274115,Approved
3630,4,Not Graduate,Yes,9497593,30866547,6,713,11452746,12575836,10386062,12267442,Approved
3631,2,Graduate,No,7879449,26941921,13,789,28593918,19133155,33650296,7083638,Approved
3632,3,Graduate,Yes,3518527,21038087,6,848,15617103,986682,30350740,12720971,Approved
3633,0,Graduate,No,3414045,3323028,19,397,4187380,15407812,10875806,4744125,Rejected
3634,4,Graduate,No,1254113,30316668,15,627,10551243,2127518,20535472,6761529,Rejected
3635,5,Not Graduate,No,9224636,8883037,9,687,14315003,14755473,28212941,1075901,Approved
3636,2,Not Graduate,Yes,2192389,35403420,3,866,1950331,5936418,2087967,11479713,Approved
3637,3,Not Graduate,Yes,2826075,31352575,4,743,26067028,2621225,3676965,4588297,Approved
3638,2,Not Graduate,Yes,4246636,14554430,6,657,6959830,4437275,21165874,1339036,Rejected
3639,0,Not Graduate,No,1548030,17354750,9,635,19647110,7072446,36476919,3217623,Approved
3640,3,Graduate,Yes,8098548,1300336,18,386,26771343,14157010,36357283,9782729,Rejected
3641,4,Graduate,Yes,7041348,19823331,4,490,12646912,13203406,17614350,11986159,Rejected
3642,5,Graduate,No,1734938,2571244,12,560,17731579,14135388,27597473,14035898,Rejected
3643,5,Not Graduate,No,1795903,39005960,8,829,15035802,419529,19269372,3463210,Approved
3644,2,Graduate,Yes,415565,25392920,2,817,22236963,18920953,35463133,8679987,Approved
3645,5,Not Graduate,Yes,9503758,9518761,13,686,1123306,8419143,22337341,6745412,Approved
3646,3,Graduate,Yes,4470684,31805761,15,363,10465372,2160175,34939074,10515947,Rejected
3647,3,Not Graduate,Yes,6624440,1066467,20,732,17795149,18014641,14246547,9889252,Approved
3648,3,Not Graduate,No,1669731,21833297,11,575,2658787,15379756,36498162,1032092,Approved
3649,5,Graduate,Yes,2462434,4665806,8,691,25017721,1597392,28431183,2193635,Approved
3650,4,Graduate,No,5506602,2434243,18,560,18392475,8475065,30092770,8673953,Rejected
3651,0,Graduate,Yes,2246425,9884473,6,733,81294,17581431,571675,7809852,Approved
3652,0,Graduate,No,6206727,11838824,14,430,353777,13243252,31610118,13020030,Rejected
3653,2,Graduate,No,9253976,28756065,19,387,4654972,3773719,6358407,12453648,Rejected
3654,3,Not Graduate,Yes,3189976,35220091,2,432,19319672,13587985,36699279,859305,Rejected
3655,4,Graduate,Yes,6157008,30712224,19,854,15073512,3668680,7401779,8585987,Approved
3656,2,Graduate,Yes,9173545,29302794,5,345,14034942,6825359,32378667,5977134,Rejected
3657,3,Not Graduate,Yes,8958613,22467167,11,471,16324061,3791457,24905335,7091080,Rejected
3658,5,Not Graduate,No,275659,14850266,6,505,14395879,13451535,15388691,952605,Rejected
3659,2,Graduate,Yes,1280207,10297819,4,802,9991553,18066367,34911551,12331519,Approved
3660,2,Not Graduate,No,9864739,37374938,15,515,212990,863010,15218259,2428806,Rejected
3661,3,Graduate,Yes,9268844,20752282,11,836,812893,11712652,2494677,13924603,Approved
3662,2,Graduate,Yes,3354719,22422069,11,893,20050871,4819014,2964585,13690371,Approved
3663,5,Graduate,No,5296483,886336,11,691,21638762,14565305,33416377,12068485,Approved
3664,5,Graduate,No,5813429,18252959,16,506,6978824,2702707,15071661,1729220,Rejected
3665,3,Graduate,No,6750535,27026597,20,659,7069120,7108307,32124932,6003618,Approved
3666,2,Not Graduate,Yes,7553719,19708860,11,702,11868741,3994558,785909,350499,Approved
3667,3,Graduate,No,3854179,24380464,4,365,18757199,16941068,3003725,8991888,Rejected
3668,1,Graduate,No,8921344,32040480,8,800,17270129,1601730,38732948,12704035,Approved
3669,2,Graduate,Yes,779575,1154424,11,562,16271170,11289580,5614554,7741632,Approved
3670,1,Graduate,No,517858,35752132,3,808,1068865,2336516,26956004,339414,Approved
3671,0,Graduate,No,9588130,32326856,6,667,12537388,11636797,13721776,4458636,Approved
3672,0,Not Graduate,Yes,1936317,16760363,5,817,21902483,14897509,19602595,2502383,Approved
3673,3,Not Graduate,No,9947064,30226320,20,349,17177424,14595028,4495048,6399205,Rejected
3674,0,Not Graduate,No,3002416,2907969,9,325,23481094,646918,10459136,5465735,Rejected
3675,3,Graduate,Yes,3772559,12382371,18,366,20225627,15008666,29724816,12190221,Rejected
3676,2,Not Graduate,No,474185,4524666,12,825,26182224,5759283,20997016,3250341,Approved
3677,2,Not Graduate,Yes,9449906,25206765,11,897,16652309,13228153,19759517,4417053,Approved
3678,4,Not Graduate,Yes,3721128,33862369,19,900,16566307,18698037,37038325,3492172,Approved
3679,3,Graduate,Yes,1843717,23878524,15,499,16223990,2306852,16101972,13076488,Rejected
3680,4,Not Graduate,Yes,4936738,28193004,6,458,7698523,7036620,31503770,4329579,Rejected
3681,4,Graduate,No,1715907,5912667,7,510,12689862,16814495,28417946,14574010,Rejected
3682,0,Not Graduate,No,7939804,36913498,14,791,4909524,2745395,18061151,9794447,Approved
3683,1,Graduate,No,916496,7875764,2,451,12514004,5061442,11481498,4509479,Rejected
3684,3,Not Graduate,Yes,5092375,20932424,4,628,4357957,10652258,13879449,8732798,Approved
3685,5,Graduate,No,4034440,27081681,3,688,14287110,19326166,34164031,1804249,Approved
3686,0,Not Graduate,Yes,564353,33880575,15,517,27765825,5717329,11989324,13285983,Rejected
3687,0,Graduate,Yes,712562,36895225,10,584,13155467,7478853,25635496,14070462,Approved
3688,5,Not Graduate,Yes,5282894,23769860,2,699,21493875,15438006,4881075,4317313,Approved
3689,5,Graduate,Yes,4067640,22890345,16,775,12775615,2327947,13583008,2514657,Approved
3690,1,Not Graduate,No,1471515,16651613,14,413,26362192,6355739,36632668,6298571,Rejected
3691,2,Not Graduate,No,1556226,22558275,15,608,6121769,6132078,21163009,11340517,Rejected
3692,3,Graduate,Yes,8087292,26753845,5,392,24278109,7781189,32240053,9214269,Rejected
3693,1,Graduate,Yes,7359173,25649923,18,309,21092783,11126564,10170380,574968,Rejected
3694,1,Not Graduate,No,6156328,23519515,5,687,25863447,4299418,29839777,122481,Approved
3695,2,Graduate,Yes,8366954,17570669,12,590,3868916,7594057,38611245,3462806,Approved
3696,3,Graduate,Yes,879205,7973822,12,455,26038235,17786861,36264594,11089769,Rejected
3697,1,Not Graduate,No,6940591,2423544,6,333,26443473,16076424,17075689,3824283,Rejected
3698,2,Graduate,Yes,7574778,16794243,9,868,8611981,18551454,26726556,13147894,Approved
3699,1,Graduate,No,2164842,15842951,2,796,18183024,13234802,35153546,4369354,Approved
3700,4,Graduate,No,5456417,24135824,10,862,17071675,11295507,31896526,13120938,Approved
3701,0,Graduate,Yes,7715113,35589887,14,368,1423009,4140940,38338401,13513765,Rejected
3702,1,Graduate,Yes,6114030,27800421,7,308,15285500,3082052,1226486,10699273,Rejected
3703,1,Graduate,Yes,2645102,31853915,12,430,19176862,10453754,21003064,2577052,Rejected
3704,5,Graduate,Yes,6714553,22961901,20,360,5967737,7854721,31029015,1056852,Rejected
3705,5,Graduate,No,7642989,36655004,6,576,10520065,15278120,28615826,2552492,Rejected
3706,3,Graduate,Yes,295156,37130110,7,687,17035173,187286,6019938,9302916,Rejected
3707,0,Graduate,Yes,5760496,6290998,4,417,27056156,17289934,22432074,10167621,Rejected
3708,4,Graduate,No,5145210,25360035,12,538,1763047,3307891,6481242,14486291,Rejected
3709,2,Not Graduate,Yes,3793783,20133544,5,624,27239796,7661920,3589451,13999061,Approved
3710,5,Graduate,Yes,633526,38403120,18,490,23750714,6910724,4372506,4525648,Rejected
3711,2,Not Graduate,No,1018225,23221344,7,576,24616515,17934615,37334787,5722480,Rejected
3712,5,Not Graduate,Yes,7551639,925103,14,654,1386164,13976193,10665051,11352701,Approved
3713,4,Not Graduate,Yes,8309594,8529080,5,872,16524403,697807,17900148,11364991,Approved
3714,1,Not Graduate,Yes,4308713,5377242,8,486,10728194,16548762,10049955,4611136,Rejected
3715,4,Graduate,No,9408599,8178033,5,353,26748070,13127809,35047274,456227,Rejected
3716,1,Not Graduate,Yes,9291081,4055622,12,821,21560568,1321472,34844468,1418553,Approved
3717,2,Graduate,No,6725994,30955691,2,646,18909418,15170504,25699729,12113736,Approved
3718,1,Not Graduate,Yes,5893045,19669990,3,583,808676,657970,32482722,5123475,Rejected
3719,4,Graduate,No,9652508,26636595,11,732,25466255,8247742,4123482,10633934,Approved
3720,1,Graduate,No,6176025,39496444,12,889,14251082,3144682,39198148,11773715,Approved
3721,3,Graduate,Yes,9354292,25669752,8,376,4657548,212904,16348476,13180250,Rejected
3722,3,Graduate,Yes,9794027,19085560,10,817,25434858,10854747,15699389,7234177,Approved
3723,4,Graduate,Yes,2107162,10765908,9,682,26311647,13328482,7677247,9370577,Approved
3724,5,Not Graduate,Yes,6674651,29876509,16,651,14451274,9305865,34380821,2875163,Approved
3725,0,Graduate,Yes,7365881,20165361,10,819,19252289,6645746,6658506,13837648,Approved
3726,5,Not Graduate,No,8236815,29970660,18,482,17763605,9961463,33629868,12983099,Rejected
3727,0,Graduate,Yes,3623187,1204342,6,773,8825271,2945171,28031478,5730903,Approved
3728,3,Not Graduate,No,8643718,6694846,5,642,21777672,969582,30262888,5398597,Approved
3729,2,Graduate,Yes,4977670,5393885,9,862,29036373,3047910,1176783,10768212,Approved
3730,3,Graduate,Yes,3990959,27010212,3,581,27185043,1052300,28948263,6087633,Rejected
3731,4,Graduate,Yes,1738261,20615434,14,733,19988323,14921782,37872710,10665793,Approved
3732,5,Not Graduate,Yes,3347785,12439153,9,598,10483818,11808854,15458341,1327709,Approved
3733,2,Not Graduate,No,9752839,24086931,8,536,26434907,3635354,17636996,3948535,Rejected
3734,5,Graduate,Yes,7218749,38154255,12,525,26987690,11055348,4392444,11471502,Rejected
3735,1,Graduate,Yes,7316147,39320511,3,853,162538,9391506,19198501,13532519,Approved
3736,1,Not Graduate,No,8977370,18782201,9,803,9847651,2159241,26401028,382433,Approved
3737,2,Not Graduate,No,2815701,26583770,20,435,16073047,18825553,11737612,11453898,Rejected
3738,3,Graduate,Yes,6683179,3575715,13,820,16815094,18193955,29060275,1018293,Approved
3739,4,Graduate,No,3840422,37361347,12,650,20734699,14721082,3356150,12735371,Approved
3740,4,Graduate,Yes,8510307,999420,11,362,14947044,15688638,26425112,3723896,Rejected
3741,1,Not Graduate,Yes,4340333,13715903,10,760,399743,10615556,23059112,5330087,Approved
3742,1,Not Graduate,Yes,8577819,28730109,19,397,4823071,15593830,9004002,10540682,Rejected
3743,5,Graduate,No,7525831,38313694,19,824,22190473,10248541,13514376,12366445,Approved
3744,2,Graduate,Yes,7765142,7023064,9,573,20176027,3221800,9405484,6093735,Approved
3745,1,Graduate,No,9271834,26211710,19,850,18957142,3246152,24463646,4630153,Approved
3746,5,Not Graduate,Yes,7948137,7662245,3,590,12830775,16567677,24962171,14405822,Rejected
3747,2,Graduate,No,3350113,2270702,8,351,7995505,8660617,21786176,14176695,Rejected
3748,5,Graduate,Yes,5310850,16913243,7,760,8964410,14150934,7605436,7703111,Approved
3749,5,Graduate,Yes,4830501,22903632,15,736,20048297,2811053,8502905,352022,Approved
3750,5,Graduate,No,832882,10651175,13,481,14674967,8688013,31786731,14244400,Rejected
3751,3,Not Graduate,Yes,6013434,38444262,10,422,3809220,1621493,18096833,9102056,Rejected
3752,4,Graduate,No,4486796,24469822,6,819,11624743,4282505,17075905,8127025,Approved
3753,5,Graduate,No,4054771,17481734,11,768,23979482,2117262,12076069,1649920,Approved
3754,1,Not Graduate,No,1274264,19339146,7,479,17432067,4037531,36456967,14601452,Rejected
3755,0,Graduate,Yes,5140977,18497924,11,721,25207150,11768256,9397183,10565377,Approved
3756,1,Graduate,No,5874582,4668863,8,444,14800788,105237,30138085,3200343,Rejected
3757,3,Not Graduate,No,1235934,24070543,18,408,14127378,3754927,30172410,5346218,Rejected
3758,3,Not Graduate,Yes,6422386,31061842,16,699,27626982,13405072,9541876,5052529,Approved
3759,0,Graduate,No,1843209,16811870,5,800,14766567,2897302,466738,12798416,Approved
3760,3,Graduate,No,1621063,16993667,19,852,3933222,10778174,9796213,6991348,Approved
3761,1,Not Graduate,No,4130792,35989961,14,577,11699781,16822340,10540208,12828726,Approved
3762,3,Graduate,No,4013006,24244705,8,386,18847151,15132496,29203563,10112413,Rejected
3763,3,Not Graduate,No,9166403,11974743,12,626,10049218,2367051,20818558,5410921,Rejected
3764,3,Not Graduate,No,863197,454539,5,709,11938156,2862020,16872122,5964211,Approved
3765,2,Graduate,Yes,3623709,32570742,2,883,25401339,13689321,18664922,11906732,Approved
3766,2,Not Graduate,No,7398308,24854881,9,367,12662631,6721996,37344521,7342646,Rejected
3767,4,Graduate,Yes,2647969,24844673,16,694,8871809,8089805,36854480,10012712,Approved
3768,4,Not Graduate,Yes,9819383,11387714,8,607,3137711,9249081,1003384,1806043,Rejected
3769,4,Graduate,No,7480050,7596543,9,653,11722935,11234146,33071373,6270533,Approved
3770,2,Graduate,Yes,9471640,19679333,20,355,22308690,8713997,14160900,8480698,Rejected
3771,2,Not Graduate,No,9501476,30006234,20,310,8727564,453095,29462822,5045575,Rejected
3772,1,Not Graduate,Yes,1269808,11970647,10,664,13695378,1833244,38608994,12463027,Approved
3773,3,Graduate,Yes,4699411,20959978,2,419,19110341,373,20151862,3091482,Rejected
3774,0,Not Graduate,Yes,7496932,39353422,14,668,27003255,5139002,24463652,12487130,Rejected
3775,2,Graduate,No,284328,8899028,15,315,23693753,15854621,16813143,929164,Rejected
3776,1,Graduate,Yes,4630020,9349018,19,781,8328490,18852897,2930444,6280145,Approved
3777,3,Graduate,No,6943864,9549249,20,500,4782172,9223558,1433527,7605182,Rejected
3778,5,Graduate,Yes,7970287,36084097,13,571,19519719,528325,14123419,3727807,Approved
3779,5,Not Graduate,Yes,4267596,21027630,4,507,7413007,1383354,32209395,7938595,Rejected
3780,2,Not Graduate,Yes,8657547,36284292,6,551,11420493,15811129,13384980,13244131,Rejected
3781,0,Not Graduate,Yes,6801726,37452030,15,618,3029534,6663048,16883945,6527074,Rejected
3782,1,Graduate,No,645857,16803226,13,687,22534210,17103840,20824180,7924060,Approved
3783,0,Not Graduate,Yes,2921622,2453075,10,714,4661353,9823276,12581921,13973778,Approved
3784,4,Graduate,No,9391600,12216922,9,895,11076936,17056429,19205177,13578514,Approved
3785,5,Not Graduate,Yes,223599,21616267,15,407,11840255,2628573,23780067,201244,Rejected
3786,3,Not Graduate,No,1258700,15236593,10,823,1238875,16649369,33365704,10672734,Approved
3787,1,Not Graduate,No,3576063,388537,4,661,22578000,10598956,29562202,12499482,Approved
3788,0,Not Graduate,Yes,9939350,39082093,20,486,17999634,8487665,32054396,13854200,Rejected
3789,5,Graduate,Yes,7106965,12185429,8,851,15761081,10257763,20503611,11772075,Approved
3790,1,Not Graduate,No,1647073,24556812,7,724,5179075,6347105,27386565,1215840,Approved
3791,0,Not Graduate,Yes,4052510,37412413,3,411,1550339,11695002,5863660,11153660,Rejected
3792,1,Graduate,No,9407517,21655385,10,405,1618692,14938578,5789643,12413993,Rejected
3793,1,Not Graduate,No,2347906,27522408,20,696,18190024,15719079,36128541,7716255,Approved
3794,3,Graduate,No,5839722,1707980,5,738,21760844,18978223,23680027,307257,Approved
3795,5,Graduate,No,4747267,27612966,6,327,23143351,8007908,4423699,2798224,Rejected
3796,1,Not Graduate,No,7652504,33535447,5,677,23290352,14915406,15988816,4043093,Approved
3797,4,Not Graduate,No,7573016,36297093,3,619,11449913,17238064,38007207,12684326,Rejected
3798,0,Graduate,Yes,8366186,3585173,13,882,38994,344721,825609,1849228,Approved
3799,0,Not Graduate,No,1370444,9252363,7,745,7129866,9208670,17345102,10945541,Approved
3800,0,Not Graduate,Yes,4647674,2141316,16,846,22902544,13594503,32806707,2634104,Approved
3801,5,Graduate,Yes,6979170,36282752,9,320,22230587,8868689,37107629,12242471,Rejected
3802,3,Graduate,No,4306196,11074437,14,759,14769298,1940215,14451063,166471,Approved
3803,4,Graduate,No,6739972,21134848,3,500,695671,12720302,35854270,3466077,Rejected
3804,0,Not Graduate,No,6430493,18950913,8,632,22602372,7878731,28068443,1493984,Approved
3805,0,Graduate,Yes,3833231,27299088,9,827,23733698,11979911,15925676,8149312,Approved
3806,5,Not Graduate,Yes,1181237,35395328,3,822,6605230,26203,30556172,11481166,Approved
3807,0,Not Graduate,No,9709295,12990886,9,435,23403953,221837,31360991,6114600,Rejected
3808,0,Not Graduate,Yes,8294757,31271089,10,444,18616559,11696153,10783043,7843483,Rejected
3809,3,Graduate,No,8968112,11704933,9,734,25840390,19059153,3519083,9403170,Approved
3810,3,Graduate,Yes,3138258,8047180,11,827,18230851,12405300,30608901,6688225,Approved
3811,1,Not Graduate,No,3298382,4465201,17,667,2603866,18288255,3243183,11063333,Approved
3812,2,Not Graduate,Yes,3369693,14885517,16,332,18826888,16436537,30515508,4172011,Rejected
3813,4,Graduate,Yes,504692,22271113,2,398,3135771,5456947,13953498,2553615,Rejected
3814,2,Not Graduate,No,1863104,30885419,14,750,7528976,1985556,27557350,2754387,Approved
3815,2,Not Graduate,No,3221387,33556146,19,745,25397107,10836516,23903575,2558362,Approved
3816,0,Not Graduate,No,9876248,20962024,18,838,28171916,12036302,1506101,555077,Approved
3817,2,Graduate,No,2206275,16330783,8,619,13830146,14947412,365385,641021,Approved
3818,4,Not Graduate,Yes,5176578,7140084,16,556,8471554,10107623,24680079,775000,Rejected
3819,3,Not Graduate,No,5563069,36132470,17,367,11417050,17857075,20194864,2310620,Rejected
3820,5,Not Graduate,Yes,3726079,15825364,8,769,7047066,16372951,1710665,9321650,Approved
3821,0,Graduate,No,9203696,30273917,18,870,16682842,11366588,38245358,3530546,Approved
3822,0,Not Graduate,Yes,1113619,24836684,14,327,12256448,10696888,9350929,8592972,Rejected
3823,3,Graduate,Yes,8729308,36813883,16,595,1704767,367438,33651060,1066023,Rejected
3824,1,Not Graduate,Yes,7488495,38450447,16,513,17752373,15148929,4577062,11767372,Rejected
3825,3,Graduate,No,3197126,28007939,16,747,18732140,13205152,9112848,5228657,Approved
3826,5,Graduate,No,7723693,26243033,20,758,19409975,17386420,20732169,6485362,Approved
3827,2,Graduate,Yes,4400256,5680764,18,430,27501919,1805714,20700295,9924944,Rejected
3828,3,Graduate,No,9712462,934850,10,872,20488402,2834068,23666881,14664080,Approved
3829,4,Graduate,No,558113,21704366,12,382,19663448,13020848,6719223,11658174,Rejected
3830,0,Graduate,No,491479,27936325,14,769,6158447,9491942,10357469,5899690,Approved
3831,5,Not Graduate,No,5532802,29548773,18,745,13517971,11396095,10319797,5083499,Approved
3832,1,Graduate,Yes,9328318,10133900,9,397,12643727,8431174,17266546,4977298,Rejected
3833,4,Not Graduate,Yes,821006,20025623,7,704,27961636,12428990,36181632,1232225,Approved
3834,3,Graduate,No,7823643,34096630,16,462,13803901,12775072,18127474,4965794,Rejected
3835,0,Not Graduate,Yes,9398341,4051709,20,464,20035827,3671599,39112902,11162773,Rejected
3836,4,Graduate,No,4966473,15348484,19,352,15732811,14751739,9862588,4060457,Rejected
3837,1,Not Graduate,Yes,8695952,37325374,4,748,1657548,9576031,9508390,5750400,Approved
3838,3,Graduate,Yes,7618019,8124909,19,785,27226649,11166518,3962060,1016860,Approved
3839,5,Graduate,No,2299038,12713448,16,603,19498354,11988361,8313060,3695985,Rejected
3840,5,Not Graduate,No,8570956,18643530,4,766,6704434,14442418,12219332,1009849,Approved
3841,5,Not Graduate,No,7053813,27285141,2,509,1737149,5825682,15047285,6919157,Rejected
3842,2,Graduate,No,323272,10303760,5,639,27261634,131555,27973001,4365535,Approved
3843,3,Not Graduate,Yes,5766600,31358490,19,772,8940389,3523491,17477571,14257004,Approved
3844,1,Graduate,No,6612887,9544202,16,558,498425,18735945,26900547,8669166,Approved
3845,5,Graduate,Yes,8053306,14734227,12,670,17916389,4320006,3498547,5477805,Approved
3846,2,Graduate,Yes,7758537,22771863,13,387,476806,4837507,37120913,7902228,Rejected
3847,4,Not Graduate,No,4861391,773755,9,604,6274426,16645523,5790179,14103960,Approved
3848,2,Graduate,Yes,3130085,30379974,19,811,25998578,4573361,1311475,2653535,Approved
3849,4,Graduate,No,2079365,26517495,4,764,1111305,9012144,16653228,3721586,Approved
3850,1,Graduate,Yes,1072246,33030212,7,480,21888338,7189202,25530458,8016567,Rejected
3851,4,Not Graduate,No,6470465,11075527,5,627,17982452,12824823,9228486,1551507,Approved
3852,0,Graduate,Yes,9605748,15888659,18,672,8903240,11533709,6390221,7639621,Approved
3853,0,Not Graduate,Yes,986747,35523939,12,864,8318446,9988843,33121442,2310528,Approved
3854,2,Not Graduate,Yes,7086558,2918707,14,798,13818537,9729818,32324771,12702522,Approved
3855,2,Not Graduate,Yes,5928962,19555124,19,791,15509258,16182068,29460625,11374591,Approved
3856,4,Not Graduate,No,1884497,19271820,5,752,25908759,11280311,8650593,714957,Approved
3857,2,Graduate,No,2284507,17841724,20,515,7599336,9864800,21024466,7902912,Rejected
3858,0,Graduate,Yes,2987627,17304234,4,526,17175945,17214984,27029721,3086534,Rejected
3859,1,Not Graduate,No,6912377,29593408,16,579,19975079,1810511,16959069,8554257,Rejected
3860,2,Graduate,Yes,3126922,8021574,15,556,367605,16169421,7015865,8007625,Rejected
3861,3,Graduate,No,8314823,35233044,17,875,26064910,3840903,32574721,14225313,Approved
3862,3,Graduate,No,3823600,35428881,5,826,28866373,6434850,36786295,2610549,Approved
3863,1,Not Graduate,Yes,1273342,7332166,20,838,2519035,257349,6507017,7421109,Approved
3864,3,Not Graduate,No,1135656,38486612,17,665,7621267,11084712,27560988,14192874,Rejected
3865,3,Graduate,Yes,4122632,10572259,4,414,22881873,16131571,34785604,1720207,Rejected
3866,4,Not Graduate,Yes,4197417,2328489,12,386,23548201,7406227,21216581,3732937,Rejected
3867,3,Not Graduate,Yes,7388512,15904186,17,464,4542366,12867492,1923833,10562173,Rejected
3868,4,Not Graduate,No,4890019,31493258,11,691,26698127,7624652,27069298,1589166,Approved
3869,1,Not Graduate,Yes,1804290,33408244,9,519,9585824,14728517,36197062,3055415,Rejected
3870,4,Not Graduate,Yes,2290176,25612089,7,693,8542444,19373648,10251701,14070133,Approved
3871,0,Graduate,Yes,5751932,32098569,11,828,10399330,13871392,5441354,8548608,Approved
3872,0,Not Graduate,Yes,3474843,10548301,20,500,19542112,6603258,9898169,825007,Rejected
3873,5,Graduate,No,6784022,34756381,13,857,6003620,15994905,31834282,12559367,Approved
3874,2,Graduate,No,9245556,25198120,15,607,15797308,736646,21841872,7695712,Rejected
3875,3,Not Graduate,Yes,3676977,5536432,16,782,2189319,19147208,707367,7013091,Approved
3876,3,Not Graduate,Yes,5608389,5342813,16,335,4275687,16287020,23037547,14588429,Rejected
3877,4,Graduate,Yes,8353427,10778297,9,465,22362956,12677343,31951064,4619990,Rejected
3878,1,Not Graduate,Yes,2261450,3020735,16,859,11164917,12043613,7261492,5566352,Approved
3879,1,Graduate,No,5204450,11383739,8,833,23094561,4893952,22895574,8460534,Approved
3880,0,Graduate,Yes,3191405,39244772,13,643,21466586,8368007,8971491,3552254,Approved
3881,5,Graduate,Yes,6344550,9711701,7,319,29007848,1966966,746142,1866183,Rejected
3882,1,Not Graduate,No,7482199,25245699,19,335,4003314,6572383,15706039,2029742,Rejected
3883,3,Graduate,No,1580553,38618994,15,554,27196983,11441109,30349022,4521191,Rejected
3884,2,Graduate,Yes,2037167,10226327,13,839,25957141,7025876,26223864,1170365,Approved
3885,0,Not Graduate,Yes,426969,27590297,10,526,12648094,14952686,3981046,7410898,Rejected
3886,2,Graduate,No,318150,17941331,11,831,3936906,16551204,7287234,14605434,Approved
3887,0,Not Graduate,Yes,697336,11484182,16,621,3881591,10894491,21164292,3736022,Approved
3888,1,Graduate,Yes,7126746,37543457,7,381,14864246,6612953,12572698,599742,Rejected
3889,0,Graduate,No,9058418,26043079,17,636,311370,5888962,13014554,577094,Approved
3890,4,Not Graduate,No,4215103,17498023,7,518,2784326,10605401,17092915,2444486,Rejected
3891,3,Graduate,No,8849896,32134083,4,435,15467160,13962856,29759395,8601572,Rejected
3892,5,Graduate,Yes,7350937,35597426,16,705,16388598,2457948,22569538,6918381,Approved
3893,2,Graduate,Yes,8114396,30934105,15,422,25042482,8690666,33446285,5898336,Rejected
3894,1,Graduate,Yes,7450975,34357321,8,844,28356087,8546948,4005326,11093637,Approved
3895,3,Graduate,No,2156198,12922818,14,782,7795998,5559828,18199646,5741970,Approved
3896,5,Graduate,No,5328961,13790927,15,770,9610526,4612336,21575380,9057047,Approved
3897,3,Not Graduate,Yes,5349495,9421298,16,345,5789193,16317039,29711256,14653148,Rejected
3898,0,Graduate,No,6487756,27583553,20,877,6536193,8390140,20201251,2491861,Approved
3899,1,Graduate,Yes,8001948,31784147,18,596,12773543,11184464,35931697,1643225,Approved
3900,5,Graduate,Yes,1303920,23788816,10,740,28899910,742880,32841945,3198906,Approved
3901,3,Not Graduate,No,6811758,30531506,6,415,26001804,5498891,27016661,2266381,Rejected
3902,5,Not Graduate,Yes,8363737,7413314,3,761,26570205,4337971,15582986,12190160,Approved
3903,3,Not Graduate,Yes,1332107,14644423,12,492,13143708,6374924,12622027,12881048,Rejected
3904,0,Graduate,Yes,4266623,28015716,14,724,19127599,16327350,20912682,8229615,Approved
3905,5,Not Graduate,No,8976304,2347670,15,466,21030945,11090303,18161833,1914846,Rejected
3906,4,Graduate,Yes,438870,36007027,2,860,7075101,17503013,1148310,12514090,Approved
3907,4,Not Graduate,Yes,1774687,7004738,15,725,13459512,8204717,9015911,13489055,Approved
3908,5,Graduate,No,8078403,31150182,16,571,16010432,14938262,32740414,5992747,Rejected
3909,1,Graduate,Yes,1883597,24468905,15,574,10853103,3114070,17969606,9877824,Rejected
3910,5,Not Graduate,Yes,7079442,33526758,11,300,13767264,15817099,37229297,8942729,Rejected
3911,1,Graduate,No,9029885,30683928,2,479,12830540,11843116,9638906,7763994,Rejected
3912,5,Graduate,No,5085994,20520970,11,774,1779296,752596,37937148,5191901,Approved
3913,1,Graduate,No,4949246,29937107,14,799,22360455,13368735,31644189,4092490,Approved
3914,3,Not Graduate,Yes,4401745,13882693,12,900,26201657,9297991,14053838,4051936,Approved
3915,4,Not Graduate,No,3854340,23180318,12,351,21953216,2110,23908763,5284260,Rejected
3916,0,Not Graduate,Yes,3924518,36170593,11,450,27169835,16431124,38744971,11170939,Rejected
3917,0,Not Graduate,Yes,5625836,3622519,12,760,12564162,10415264,24823242,12141532,Approved
3918,5,Graduate,Yes,8976349,14247407,8,517,1624869,11767778,36522782,1665460,Rejected
3919,0,Graduate,Yes,9817694,977714,13,449,7787667,11196932,4322320,845316,Rejected
3920,3,Graduate,Yes,8685539,21243416,7,469,24851389,1757421,6411637,7029804,Rejected
3921,5,Graduate,Yes,1372378,30959957,11,851,4048596,6442042,57244,11297664,Approved
3922,3,Graduate,Yes,3206344,1811432,9,815,15921650,13612771,12751055,8245853,Approved
3923,2,Graduate,Yes,7618099,21835556,15,303,39858,6571386,30936116,12168964,Rejected
3924,2,Graduate,No,5546188,16576564,19,805,9422078,17233901,37785818,10488515,Approved
3925,3,Not Graduate,No,3476393,30982315,14,634,3295795,6162582,21258411,10377713,Approved
3926,3,Graduate,Yes,3249664,8929143,4,807,3300213,8915327,16566205,7916010,Approved
3927,3,Not Graduate,No,1347082,6681307,14,673,4791468,8639364,36516892,801218,Approved
3928,0,Graduate,No,3457700,4011640,8,713,15663364,366559,23061252,2642470,Approved
3929,3,Not Graduate,No,4334947,16270988,2,646,20077189,15751633,21059778,10917027,Rejected
3930,4,Not Graduate,Yes,4276072,19411179,5,741,8385676,2631239,3328575,4539438,Approved
3931,4,Not Graduate,Yes,5577778,36331436,20,789,23801352,9099105,8415398,10630509,Approved
3932,0,Graduate,Yes,2875313,18562146,10,605,11406446,17612344,27350698,4987374,Approved
3933,4,Graduate,Yes,2218424,7026641,5,367,21445118,19276784,27380282,192479,Rejected
3934,4,Not Graduate,Yes,8897676,27701424,4,355,15414199,4466811,19439225,9941880,Rejected
3935,1,Not Graduate,No,4171641,2711854,14,549,21046073,7297478,27478532,13116565,Approved
3936,5,Graduate,Yes,2696558,13835383,16,584,28480377,10975552,27098099,6556024,Rejected
3937,3,Not Graduate,No,6429625,25915922,8,819,28934729,13565687,2568878,1943278,Approved
3938,2,Graduate,No,5514711,10255220,3,319,17087174,4850236,32730097,6093775,Rejected
3939,4,Graduate,Yes,5849191,23605825,8,834,28011594,10649934,27191115,14123497,Approved
3940,3,Graduate,No,2370853,18069414,14,333,20410792,16185490,8600281,4681384,Rejected
3941,3,Not Graduate,Yes,7286974,37619596,4,599,7823453,14788399,8331106,1040327,Rejected
3942,1,Not Graduate,No,2084477,11568019,7,554,27216617,15948124,37555423,11286526,Rejected
3943,5,Graduate,No,8396765,35833563,2,635,4222431,17234272,9977208,3499326,Approved
3944,5,Not Graduate,No,4355693,24834150,10,325,13624842,16710101,1268187,548073,Rejected
3945,0,Not Graduate,Yes,4209575,29677672,5,759,4460978,9926655,1231456,10146560,Approved
3946,4,Graduate,Yes,4007208,6916402,5,380,22826063,18900048,8948927,4972893,Rejected
3947,0,Not Graduate,Yes,4345079,1050963,4,768,26062154,9592896,24592991,2017447,Approved
3948,2,Not Graduate,Yes,6720116,28945848,15,640,23826431,13764578,17885881,793606,Rejected
3949,5,Not Graduate,Yes,5067583,19131169,11,833,2978293,18288749,28683792,2719023,Approved
3950,1,Graduate,No,1442757,12406912,20,888,7880328,838977,9096735,2199549,Approved
3951,2,Not Graduate,Yes,5750263,35427196,9,807,9898195,18112995,9035273,164223,Approved
3952,1,Graduate,Yes,2816663,13098577,6,571,3365144,15944214,15845636,5449374,Rejected
3953,4,Graduate,No,1261562,17299123,5,549,15433083,19341736,31067526,12149257,Rejected
3954,2,Not Graduate,Yes,8431324,28688564,20,698,989932,14991271,19715420,5817873,Approved
3955,3,Not Graduate,Yes,3263826,38016113,13,690,17851409,3035632,29871626,552974,Rejected
3956,5,Not Graduate,No,6031426,35540250,8,774,16723772,5858402,3673778,12960790,Approved
3957,3,Not Graduate,No,1884539,25877529,14,590,17335819,69233,16062835,9298823,Rejected
3958,4,Not Graduate,No,3525196,4627745,12,578,26563424,11792551,17146386,14175578,Approved
3959,0,Not Graduate,Yes,3981357,4590719,4,370,22884464,8483819,2674426,8559917,Rejected
3960,1,Graduate,No,1512195,27460072,15,401,7557077,9209249,12316728,7012795,Rejected
3961,5,Not Graduate,Yes,9738870,20263465,4,793,16636273,14226799,10983264,7515231,Approved
3962,5,Graduate,Yes,3253688,5517710,5,894,23351526,15912659,17859140,95268,Approved
3963,3,Graduate,Yes,5910763,27568192,15,661,24765454,1413406,6484822,5514818,Approved
3964,2,Not Graduate,No,5742088,37238272,10,506,18716707,17788122,10569050,6495594,Approved
3965,1,Not Graduate,Yes,4407939,2862463,6,334,2462739,7247871,37585674,4403569,Rejected
3966,5,Graduate,Yes,5938960,32665458,3,326,12647604,14589242,5606409,12305541,Rejected
3967,4,Not Graduate,Yes,5746182,13810261,13,706,24995894,11280313,32055575,14067128,Approved
3968,1,Not Graduate,Yes,984650,15893182,15,685,2149340,8609108,21280214,7029323,Approved
3969,3,Graduate,Yes,6756950,28409578,5,470,17169091,4123420,3072357,11544766,Rejected
3970,3,Not Graduate,Yes,1319246,9977644,9,413,15732099,3678799,15713039,3279956,Rejected
3971,2,Graduate,Yes,4462544,6457197,8,341,6487337,14184154,20127633,13564169,Rejected
3972,5,Not Graduate,No,3774183,38083375,18,710,10013135,6234844,10867703,10338340,Approved
3973,0,Not Graduate,No,4587556,13954924,17,664,28452326,4453030,10461944,10788299,Approved
3974,1,Not Graduate,No,904651,6947696,7,500,17333014,111841,27916616,8743228,Rejected
3975,0,Not Graduate,No,7073731,27344485,11,740,27346267,16309037,1259024,12186431,Approved
3976,4,Not Graduate,No,4301946,8795216,19,807,13715386,7674442,36386358,7851403,Approved
3977,3,Not Graduate,No,796453,30701204,8,610,24610621,6756502,12634209,14173378,Rejected
3978,5,Graduate,Yes,234624,3062676,4,457,18037357,7212257,14960752,9737718,Rejected
3979,3,Graduate,No,5492790,20625662,7,303,26527447,11613779,5001343,6668574,Rejected
3980,0,Graduate,Yes,6729319,16095862,13,778,9508329,9348427,34532763,3063354,Approved
3981,2,Not Graduate,No,5563813,37808816,20,646,11120324,10556587,8731095,13331375,Approved
3982,0,Not Graduate,Yes,7260391,20734335,7,508,1176756,5391116,31505972,824751,Rejected
3983,4,Graduate,Yes,7616172,36572970,3,303,6629121,5751066,12800386,633190,Rejected
3984,4,Graduate,No,8745269,10042226,5,789,4030627,16738318,1241757,454509,Approved
3985,5,Not Graduate,Yes,9829919,18858732,9,856,5322502,8517989,16028505,1585720,Approved
3986,2,Not Graduate,Yes,8870984,32201810,3,589,8973859,18875655,20512810,3631492,Rejected
3987,1,Graduate,No,7998397,6582757,2,460,25426415,16411877,18362944,7208502,Rejected
3988,0,Not Graduate,Yes,4423529,36667271,14,672,11015316,13807199,38693521,4065795,Approved
3989,2,Not Graduate,Yes,5137128,30598918,17,823,24054972,10637879,20391733,6673406,Approved
3990,2,Not Graduate,No,6237252,26833706,6,652,23706831,16246520,30537876,6583784,Approved
3991,4,Not Graduate,No,1860641,9831071,11,307,28545306,1078387,14504029,6441732,Rejected
3992,4,Not Graduate,Yes,6840987,32366937,12,417,14800863,9681458,5678424,874819,Rejected
3993,0,Not Graduate,Yes,5964958,33338596,14,358,24684136,13832826,19535303,7896717,Rejected
3994,1,Not Graduate,No,5297912,11770481,20,547,12205312,2098383,21948768,4404436,Rejected
3995,3,Not Graduate,Yes,8376129,23316058,18,571,18401848,3539578,16380051,7914080,Rejected
3996,2,Graduate,Yes,6934227,2677117,8,621,23597985,1266698,30050491,890590,Approved
3997,0,Graduate,Yes,9337658,15748446,20,755,4140398,9429617,37806007,12797301,Approved
3998,5,Graduate,No,9769810,6206208,2,367,1673993,10505003,3167082,10617402,Rejected
3999,4,Not Graduate,Yes,8288042,22110228,20,866,4797063,9089654,2651522,5084918,Approved
4000,3,Graduate,Yes,3119497,21814298,4,458,20984291,1065749,10736170,5286351,Rejected
4001,1,Not Graduate,Yes,2051892,21186104,4,613,13784656,9437846,22969292,4648742,Approved
4002,5,Graduate,Yes,3133247,26844443,4,426,8148004,17228773,1665772,14570523,Rejected
4003,0,Graduate,No,7183244,36549528,4,513,22342849,601671,7590969,10317860,Rejected
4004,2,Graduate,Yes,8670088,8011950,10,800,438987,15054172,16033102,6765151,Approved
4005,4,Not Graduate,Yes,8825519,8703031,14,326,5042313,5284337,14717163,9532610,Rejected
4006,5,Graduate,Yes,6903027,8744394,16,590,13672420,1450201,33180826,947349,Rejected
4007,1,Not Graduate,No,6873966,36683812,2,650,26641559,984268,21421459,12198750,Rejected
4008,3,Not Graduate,No,9528994,3932253,7,642,21795795,246906,34193290,8758230,Rejected
4009,1,Not Graduate,No,6920370,1528568,4,528,19898310,8050160,29784530,4546388,Approved
4010,0,Graduate,Yes,1581541,6589436,4,527,20686556,9660550,16232072,10189108,Approved
4011,2,Not Graduate,Yes,5101590,30452769,16,846,9088194,12053932,38327059,93994,Approved
4012,5,Not Graduate,Yes,3715029,23021332,14,444,13032771,1574673,33073724,7207291,Rejected
4013,4,Graduate,Yes,6442367,36350991,5,588,25775604,12689038,19349969,13877736,Rejected
4014,2,Graduate,No,6431176,8308196,7,518,21230774,14351165,33341861,11166341,Rejected
4015,1,Not Graduate,No,3084931,15746846,19,760,17420143,1252231,10073581,650113,Approved
4016,0,Not Graduate,Yes,3137035,22071271,12,784,2413036,13097413,8161691,8671577,Approved
4017,1,Graduate,No,1070338,3164233,6,809,21334911,2306448,31029748,9996190,Approved
4018,0,Graduate,No,3073854,36306577,19,351,10642076,8523179,30931484,7738922,Rejected
4019,1,Graduate,Yes,8311606,31842968,5,359,11216368,12833231,8685640,4730930,Rejected
4020,4,Not Graduate,No,6620283,5935459,7,525,19610612,16896460,29555718,9980253,Rejected
4021,0,Graduate,Yes,9442815,33340303,15,564,11452320,10305040,19907354,6225935,Approved
4022,0,Graduate,Yes,9277929,17892624,11,337,16671113,8446921,21896920,13947955,Rejected
4023,3,Graduate,Yes,8596859,13481289,3,837,367171,16168192,33191082,12319081,Approved
4024,1,Graduate,No,1960928,37389148,17,839,5383881,4193542,6274608,13368190,Approved
4025,2,Graduate,No,3472353,20628857,6,555,15652948,3979758,15828901,6167818,Rejected
4026,0,Graduate,Yes,763341,9205938,15,762,27869657,9048030,11363874,9958622,Approved
4027,1,Not Graduate,No,1116595,32031188,8,639,22139187,2334640,21833528,2122261,Rejected
4028,2,Not Graduate,Yes,2464407,28356830,16,694,12151319,431268,6190156,11061483,Approved
4029,4,Graduate,Yes,2945356,7828084,19,824,28192793,7023268,4686360,11090195,Approved
4030,2,Graduate,Yes,350827,26852826,16,355,8014513,2958872,27289513,11398626,Rejected
4031,3,Graduate,No,8459787,24955850,19,439,25963800,12359102,2193936,297109,Rejected
4032,3,Not Graduate,No,5364652,11093908,12,557,11739845,10642487,16356519,6702124,Rejected
4033,1,Graduate,Yes,6626982,17180722,3,837,2531440,9427764,38662272,4038574,Approved
4034,1,Graduate,No,6604850,33200573,12,655,72062,9628260,39156983,13451275,Approved
4035,2,Not Graduate,No,9673604,7137097,10,538,28533135,1912709,7012711,7909682,Rejected
4036,0,Graduate,No,1643857,28615472,15,317,18688025,7808809,36341825,8988783,Rejected
4037,4,Graduate,Yes,3558274,32892456,6,656,4349888,1383066,13153522,6435126,Rejected
4038,3,Graduate,No,3222144,37020567,15,462,28866680,6885193,7783879,1674172,Rejected
4039,1,Graduate,Yes,5604427,13027488,10,497,1196426,13147256,19783647,9117356,Rejected
4040,2,Not Graduate,Yes,5356650,10751061,14,898,9739441,19136966,19145098,8979781,Approved
4041,1,Not Graduate,Yes,7942375,36929504,9,616,21793858,5761183,14679287,5605811,Rejected
4042,3,Graduate,No,5694264,18440623,9,383,1549087,5123989,16745660,9253904,Rejected
4043,4,Graduate,No,2493121,22602208,6,329,26361295,12987959,3815691,5741595,Rejected
4044,0,Graduate,No,5734387,20410404,17,533,19730703,17807284,10337175,9705096,Rejected
4045,2,Not Graduate,No,9648082,20468791,3,339,27638682,5721348,7719033,5125261,Rejected
4046,0,Graduate,No,5872864,24782265,6,557,24364048,16259356,19343148,11367911,Rejected
4047,2,Graduate,No,6005497,16893593,10,549,24006804,6107007,21410604,13042875,Rejected
4048,1,Not Graduate,No,1924796,15668359,4,828,6620273,12403525,17201021,7119983,Approved
4049,2,Graduate,No,277396,16006299,19,501,5962770,4070405,34678101,254258,Rejected
4050,2,Graduate,No,2253954,26027324,8,466,7047438,5083805,31289198,10027358,Rejected
4051,1,Graduate,No,446502,32364278,6,670,4481484,19084109,27030353,13812736,Approved
4052,2,Not Graduate,Yes,4632060,22061092,6,684,19331128,7548083,12222087,10433377,Approved
4053,4,Not Graduate,Yes,8845717,26858033,5,322,1715982,311763,12090077,5265858,Rejected
4054,4,Not Graduate,No,4578093,16491617,14,350,12468486,14979224,36860352,8294149,Rejected
4055,0,Graduate,Yes,6523759,30628653,11,400,16935300,2468697,36458691,5363776,Rejected
4056,2,Not Graduate,No,8585118,15736383,6,766,15682466,2147172,11086165,11381645,Approved
4057,5,Not Graduate,No,7678111,16806499,18,425,14178136,16224029,13188846,10670624,Rejected
4058,3,Graduate,No,6576123,2465896,14,896,6491790,6762604,12986907,9189097,Approved
4059,1,Graduate,No,7883357,10548339,9,564,28758769,2680337,30740633,5707668,Rejected
4060,3,Graduate,Yes,2949513,29246647,11,861,13526469,18929653,37213082,2535884,Approved
4061,0,Not Graduate,Yes,4320506,3705116,14,448,17312096,5445519,34794865,9064678,Rejected
4062,0,Graduate,No,4110128,9079850,4,554,16509116,12279103,32946948,4957536,Rejected
4063,3,Graduate,No,8026391,30744915,17,382,10735845,5098028,13658217,13283370,Rejected
4064,3,Not Graduate,Yes,4206005,34527710,6,808,21037980,11273709,12425144,927458,Approved
4065,4,Graduate,No,9387818,16578836,2,659,10947768,13521520,34848113,12439111,Approved
4066,2,Not Graduate,Yes,2028844,16250401,11,345,12053149,14699726,15495159,11460048,Rejected
4067,5,Graduate,No,1887277,20261565,18,747,23380959,7977302,8441523,7575890,Approved
4068,2,Graduate,No,7218447,30489723,15,833,9264056,11949387,33016602,14599549,Approved
4069,4,Not Graduate,No,7688537,18698255,7,711,20355195,16307403,18800043,10534786,Rejected
4070,0,Not Graduate,Yes,6854544,7098535,9,785,19371264,16302083,3374705,613803,Approved
4071,0,Graduate,Yes,3216361,17200604,13,465,890322,14500087,35129887,5768790,Rejected
4072,4,Not Graduate,No,289480,10282147,6,559,19910908,7752919,11551311,12354012,Rejected
4073,5,Not Graduate,No,3350631,27108864,17,813,23319404,10303365,12112303,11407849,Approved
4074,5,Graduate,Yes,4772979,5893924,7,665,7869470,18771717,20836999,2359032,Approved
4075,1,Not Graduate,Yes,4244997,24162377,6,667,26608394,4831798,10592834,2501696,Rejected
4076,0,Graduate,No,9236072,5390573,3,761,576851,13434662,32493043,13583076,Approved
4077,5,Not Graduate,Yes,8664452,38404509,15,669,5230095,15372924,27112528,670787,Approved
4078,3,Graduate,No,7795352,25390129,2,375,27519595,9328009,22132973,13959579,Rejected
4079,1,Graduate,Yes,416149,5745033,17,427,24895283,16800216,7843368,7948770,Rejected
4080,4,Not Graduate,Yes,1448680,37888831,20,767,21978834,8307379,19199330,11869220,Approved
4081,5,Not Graduate,Yes,4452477,22781957,4,445,17574979,16223880,10677119,3165478,Rejected
4082,1,Graduate,No,6292520,24080081,3,699,5852136,12500298,37715008,5057511,Approved
4083,4,Not Graduate,No,6864467,2779014,19,585,14235723,1003247,31073515,10712271,Approved
4084,4,Graduate,Yes,3103585,7659942,4,672,16460870,15972985,4563287,2385472,Approved
4085,3,Not Graduate,Yes,1282071,31970402,9,442,2609548,13540398,20699057,1489455,Rejected
4086,3,Not Graduate,No,3416040,18630024,18,486,17312973,4313781,30578584,8953339,Rejected
4087,1,Not Graduate,Yes,7964086,24459404,4,713,2596351,13656409,20513316,124878,Approved
4088,5,Not Graduate,No,9868382,38996377,14,403,3666269,9925008,4979766,13802341,Rejected
4089,5,Not Graduate,No,9430646,17092450,9,485,4947539,18295665,5480155,9932839,Rejected
4090,5,Not Graduate,Yes,6013702,15231243,10,899,5577221,5911048,28726835,10491508,Approved
4091,4,Not Graduate,Yes,1091161,31747638,19,391,2387790,5111480,20540957,7361751,Rejected
4092,0,Graduate,No,9683678,2888021,14,647,27840159,1133309,21289113,9169474,Approved
4093,2,Not Graduate,Yes,1698891,18136102,8,391,23355365,15255128,10582166,13994626,Rejected
4094,2,Not Graduate,No,2829309,33807954,19,725,14783116,19112775,10374131,70917,Approved
4095,5,Graduate,Yes,9746153,9229215,13,376,10727335,13368472,15963817,3638038,Rejected
4096,3,Not Graduate,No,5138062,12217027,3,644,5570968,7164705,21298813,10246795,Approved
4097,3,Not Graduate,Yes,2138985,18822030,9,564,27616150,17047303,18374898,1811864,Approved
4098,0,Graduate,No,5120671,3212354,6,715,23209425,4914713,34473110,3605658,Approved
4099,4,Graduate,No,973608,3076606,14,301,21882608,13450175,7410402,339660,Rejected
4100,2,Graduate,Yes,3293677,10156434,18,610,13693683,11581394,18509599,810568,Approved
4101,0,Not Graduate,No,9531487,35496156,2,625,798751,16537618,9222359,6530436,Approved
4102,5,Not Graduate,No,3125960,8995479,16,444,18577791,18851800,257879,9702271,Rejected
4103,1,Not Graduate,No,8947703,28953569,19,479,14187427,6975761,16257793,1482008,Rejected
4104,0,Not Graduate,Yes,5520791,17002016,20,724,8657294,1849287,2218939,14444903,Approved
4105,0,Graduate,Yes,6626110,30104379,14,632,9169286,3057913,14586798,11401958,Approved
4106,2,Not Graduate,Yes,7089357,13243656,7,647,1685009,14342494,24799369,9742217,Approved
4107,0,Graduate,No,5604023,34580138,4,862,25365973,7049029,14732596,1058191,Approved
4108,5,Graduate,No,536132,14836929,19,543,4799876,2713939,26574917,7627131,Rejected
4109,3,Graduate,Yes,9208481,31329646,9,822,23661952,15812002,11563086,13535095,Approved
4110,1,Not Graduate,Yes,4855241,32891379,8,885,28315373,12587006,15749575,3497858,Approved
4111,0,Graduate,No,6624097,17228621,15,646,1338017,2554009,34306203,7950552,Approved
4112,2,Graduate,No,5628018,26443693,15,427,18146423,13836393,9516991,8292996,Rejected
4113,0,Graduate,Yes,6652287,4950547,17,551,1942073,12376136,19635957,10236667,Rejected
4114,5,Graduate,Yes,3676026,19759973,18,327,24184579,19104357,28065890,13501641,Rejected
4115,1,Not Graduate,No,8468119,14935899,18,719,14758976,19158587,14191579,1924481,Approved
4116,2,Not Graduate,No,2398313,37712818,5,464,626219,18922074,11923118,924472,Rejected
4117,0,Not Graduate,No,6601808,36916121,5,854,22475948,17363288,27351595,1315728,Approved
4118,0,Not Graduate,No,5863536,31007356,5,692,22274958,15389475,2901254,3927656,Approved
4119,1,Not Graduate,Yes,5136033,37504348,13,594,26915208,13020956,10408972,5199151,Rejected
4120,0,Not Graduate,Yes,415274,38555914,13,412,14112105,10568104,16056733,12912158,Rejected
4121,4,Graduate,Yes,4019271,30400538,18,359,27149935,15377028,8520563,7650387,Rejected
4122,5,Not Graduate,Yes,665985,23577780,18,704,19360459,18738296,21134232,10950557,Rejected
4123,5,Not Graduate,Yes,5130712,8313679,17,760,15306270,2259643,24279904,8459878,Approved
4124,1,Not Graduate,Yes,6940054,32263641,3,459,10423766,2646420,37852648,14001767,Rejected
4125,4,Graduate,Yes,5320291,7922434,15,306,8526944,9677374,23587936,4847890,Rejected
4126,3,Graduate,No,7619105,7559923,18,492,18067282,5695990,23215091,9834759,Rejected
4127,0,Not Graduate,Yes,3736152,34787044,20,759,21520473,10319101,28453916,4008135,Approved
4128,0,Not Graduate,No,3200166,4785843,8,648,1036535,6037619,8166149,3430241,Approved
4129,3,Graduate,Yes,4591560,5863104,16,351,11986825,15184297,18440469,14426734,Rejected
4130,2,Not Graduate,Yes,2445490,20330526,9,368,1326631,17428913,32621988,352802,Rejected
4131,0,Graduate,No,8058345,23198189,5,364,11542828,5482310,6883034,4008130,Rejected
4132,5,Not Graduate,No,8135346,2086711,8,755,23246139,14984748,11426094,5675285,Approved
4133,4,Graduate,No,4281831,15127466,6,769,20101481,2065814,8621836,2027496,Approved
4134,3,Graduate,Yes,7967101,9129768,19,545,3621939,15457432,37603704,11346812,Approved
4135,5,Not Graduate,Yes,450485,12138831,5,714,20860626,13543408,13883428,5284057,Approved
4136,5,Not Graduate,Yes,1716874,7389862,4,312,406932,13782747,12752240,6746048,Rejected
4137,5,Graduate,No,2973589,26853376,13,637,360512,9556326,31960887,4466908,Approved
4138,1,Graduate,Yes,4001623,18841223,12,463,26552483,2074985,35653103,13110838,Rejected
4139,5,Not Graduate,Yes,2471070,37915108,12,793,952289,16340504,195345,6199507,Approved
4140,3,Graduate,Yes,5219458,625647,4,593,7726974,2128458,34454995,11573645,Approved
4141,4,Not Graduate,No,7977104,30783243,11,811,3839289,9340900,27721169,9168591,Approved
4142,5,Not Graduate,No,4671098,35961412,19,638,16947320,3381622,33868515,14049682,Approved
4143,0,Not Graduate,No,4603072,19357574,3,574,15198171,16417653,3400893,8866274,Rejected
4144,2,Graduate,No,786996,27714736,17,869,24412483,11139678,1543902,14491418,Approved
4145,0,Graduate,No,2947043,17575891,4,898,28724336,9851999,13163826,10264861,Approved
4146,1,Not Graduate,No,8111117,23625432,6,573,21705896,6156629,33314902,866316,Rejected
4147,2,Graduate,Yes,8144908,35880437,19,514,13581168,15184351,19542518,2303270,Rejected
4148,5,Not Graduate,No,1221873,21084816,7,688,1356869,4075293,28274964,11607946,Approved
4149,5,Graduate,Yes,388324,22961798,11,403,26842408,13982456,9607534,675382,Rejected
4150,2,Not Graduate,Yes,8343987,38978582,9,532,16323607,18803659,13104492,2793260,Rejected
4151,1,Graduate,Yes,1907658,19768250,13,808,6328318,5162001,34413973,11624904,Approved
4152,3,Not Graduate,Yes,5830566,7088856,9,839,15766317,13308729,19211858,5215596,Approved
4153,5,Not Graduate,No,8304158,27067166,10,549,11400992,6002327,30561730,3192143,Rejected
4154,5,Graduate,No,7915813,27460934,17,534,10187333,18036595,25084669,2908408,Rejected
4155,1,Graduate,No,5596387,9596429,12,825,13191833,17444393,6882333,4640275,Approved
4156,1,Graduate,No,3891079,28865928,12,421,21928682,6087077,36986649,12316676,Rejected
4157,4,Graduate,Yes,7781768,2798431,17,336,4767123,4481538,37090902,6698491,Rejected
4158,1,Graduate,No,7008419,12844121,10,343,28052564,1601508,30579311,14022165,Rejected
4159,1,Graduate,No,8414125,33820369,17,366,1816442,13531510,18404371,10529703,Rejected
4160,0,Not Graduate,Yes,5235702,24506308,15,828,4283131,17840765,16797229,3943751,Approved
4161,2,Not Graduate,No,9431243,24104659,18,324,19677921,2815330,11670722,2404691,Rejected
4162,2,Graduate,No,7743466,24641341,10,499,4226018,15832731,25300491,13873948,Rejected
4163,3,Graduate,No,821561,6763182,12,661,22629684,14650072,12153235,13265313,Approved
4164,1,Graduate,No,3080146,37983787,4,666,21380818,9156147,7286138,1803859,Approved
4165,4,Not Graduate,No,8032501,11983479,4,799,12509712,4331823,2379072,4726451,Approved
4166,4,Graduate,No,1337580,31128420,4,889,13223517,12667268,16618541,10923407,Approved
4167,2,Graduate,Yes,7145908,39105394,14,541,29099270,11524868,31019012,14445141,Rejected
4168,1,Graduate,No,3537659,9744212,8,440,23140870,15744149,33296580,13284150,Rejected
4169,3,Not Graduate,Yes,2228851,25169407,7,354,18391853,10946323,23778316,4195564,Rejected
4170,4,Graduate,Yes,5491125,1959446,13,835,4105358,947127,34011423,13183126,Approved
4171,2,Not Graduate,No,9330683,25235596,9,524,17159370,3948176,30703366,10667099,Rejected
4172,1,Graduate,Yes,8997075,17587976,4,839,1159854,7384104,31621916,6801363,Approved
4173,3,Graduate,No,4161178,3128815,12,509,7327806,9533224,19984816,5537035,Rejected
4174,2,Graduate,Yes,236206,26642814,12,754,20309881,6788455,3348432,11953605,Approved
4175,2,Graduate,Yes,8898584,38284476,4,686,11861988,17057411,14901622,12297839,Approved
4176,2,Not Graduate,Yes,8993123,3556947,7,728,28946091,5454336,33210419,13438107,Approved
4177,1,Graduate,Yes,6130114,35297090,6,691,27335518,13202269,29107582,6797376,Approved
4178,4,Graduate,No,6359940,33366782,15,484,2758627,7012126,491494,3920014,Rejected
4179,2,Graduate,Yes,5362130,21773072,6,361,25707856,19257495,3675190,12796818,Rejected
4180,2,Not Graduate,No,322475,35634027,2,306,25152232,17772605,25815698,4451670,Rejected
4181,3,Graduate,No,1763334,12428045,7,552,3088511,15220352,38361387,11082897,Rejected
4182,2,Not Graduate,Yes,1605165,28526941,10,835,11211931,14838721,28671731,7486625,Approved
4183,0,Not Graduate,No,9160411,27663765,16,686,27604445,12483035,37176251,8614620,Approved
4184,5,Not Graduate,Yes,688326,23054865,2,705,488575,11391968,2603073,3081668,Approved
4185,0,Not Graduate,Yes,5655287,32968277,18,455,1706223,10926120,34510449,3674851,Rejected
4186,3,Not Graduate,No,3755459,34650461,8,592,14841634,522797,5028706,9595067,Rejected
4187,1,Graduate,No,259705,31115960,8,544,27735553,18186115,34663701,3820055,Rejected
4188,1,Not Graduate,No,9208507,23364664,2,381,8114657,19044153,38190970,9835235,Rejected
4189,0,Not Graduate,Yes,379188,38600257,7,668,22489475,10224060,20033399,14573904,Approved
4190,5,Graduate,Yes,8586839,22077966,10,518,20178031,16888751,20875466,1211569,Rejected
4191,2,Graduate,No,7820800,25264732,13,542,4249887,7811851,19519472,13603203,Rejected
4192,2,Not Graduate,No,7978092,7701460,16,658,8375871,2178223,21686929,2522156,Approved
4193,4,Not Graduate,No,1786976,12892037,11,318,18161207,16189175,32147221,2034750,Rejected
4194,0,Not Graduate,Yes,8834633,35764026,3,862,14017473,9883017,11034193,12261512,Approved
4195,3,Graduate,No,6067637,19818762,9,433,6905810,18240741,11103655,2999748,Rejected
4196,2,Graduate,Yes,4139235,20340500,15,708,5836448,4136130,37963834,9518613,Approved
4197,3,Not Graduate,Yes,6874603,32299633,14,766,16214421,9290987,33316620,1570171,Approved
4198,0,Graduate,Yes,3546133,13082096,13,392,24097761,12948573,21179803,1273510,Rejected
4199,5,Not Graduate,Yes,2937783,10701429,11,449,12018164,2662427,7874504,2959665,Rejected
4200,1,Not Graduate,No,3024617,647848,11,547,26930055,19334395,37456416,7653849,Rejected
4201,4,Graduate,Yes,5779275,9371203,20,791,19415713,11802432,34461005,4266492,Approved
4202,4,Not Graduate,No,6090263,20373424,13,682,11737070,3333697,12871212,3283269,Approved
4203,2,Graduate,Yes,2554535,28713516,13,580,20570780,14373115,21210540,12313115,Approved
4204,0,Graduate,No,2606987,13202003,8,810,13062408,17041191,16440306,2557997,Approved
4205,1,Graduate,Yes,9473892,17721555,11,584,22019417,7248540,33053872,1399179,Approved
4206,4,Not Graduate,Yes,5245820,8988860,15,832,28596094,11832800,26939257,1621143,Approved
4207,5,Not Graduate,Yes,8629668,32309560,18,763,22927272,14508849,19331197,12967172,Approved
4208,5,Graduate,No,3435736,20874355,16,403,4135560,2823300,37944497,6993268,Rejected
4209,1,Not Graduate,Yes,3022819,5932396,14,530,2083889,10302396,23850541,14287372,Rejected
4210,3,Not Graduate,No,2969454,24195193,16,315,23530827,10848199,18974916,11866374,Rejected
4211,0,Not Graduate,No,5382382,13459301,2,443,24655293,5846308,36330016,4141579,Rejected
4212,4,Not Graduate,Yes,7834834,34213475,7,313,16507807,5813973,17631606,11622296,Rejected
4213,2,Not Graduate,No,5106202,10809516,6,363,7129099,12212711,16393920,6706637,Rejected
4214,4,Not Graduate,Yes,3090415,34197442,14,302,25629371,14582790,15230880,8233391,Rejected
4215,4,Not Graduate,Yes,9608228,27656432,16,703,13050104,7545582,8635226,7781127,Approved
4216,5,Graduate,Yes,5809773,5606398,4,546,8509670,2842525,10947210,11147450,Approved
4217,2,Graduate,No,4061482,30065705,5,582,10657800,15264414,3566429,3023633,Approved
4218,2,Graduate,No,294898,28547245,11,759,8618196,3369293,28543398,873741,Approved
4219,3,Not Graduate,Yes,5709830,18175306,20,786,8217619,59752,23127179,10754172,Approved
4220,0,Not Graduate,Yes,6286421,6599556,2,620,9481360,6253956,36556977,14021957,Approved
4221,0,Not Graduate,No,9301325,19038752,18,575,19618560,15872655,23954536,8525982,Rejected
4222,3,Graduate,Yes,2460860,24157779,5,690,483964,14680732,3151502,1727115,Approved
4223,4,Graduate,No,1795548,5475649,7,549,10560071,5947560,24331640,1649007,Approved
4224,3,Graduate,No,9993069,13670348,14,565,4943883,10076062,6869771,8006614,Rejected
4225,4,Not Graduate,Yes,5594759,27811661,15,479,18860816,18616755,1456911,13170939,Rejected
4226,1,Graduate,No,463336,21972846,18,413,28942471,13944916,25973995,9022894,Rejected
4227,2,Graduate,Yes,1235594,39198852,2,419,22925950,14727798,1074687,4442232,Rejected
4228,3,Not Graduate,No,4858861,8796170,2,693,7244403,1699277,16036640,9126048,Approved
4229,2,Graduate,Yes,6251490,30794536,11,799,14933536,4676181,35100347,2296835,Approved
4230,0,Not Graduate,No,2588277,16977461,12,554,579587,2018067,10038474,7043968,Rejected
4231,0,Not Graduate,No,3783695,9046003,6,357,12015647,18988703,27263677,14433259,Rejected
4232,5,Graduate,Yes,7415227,37585720,14,666,8105523,6639440,14764382,9252205,Approved
4233,3,Graduate,Yes,9682834,24726412,7,842,14600823,9691863,4442034,1512762,Approved
4234,1,Graduate,No,5012392,21288874,19,617,11884153,10700684,7723269,2960974,Approved
4235,1,Graduate,No,4271010,11862307,5,316,19865287,10144721,2925762,877541,Rejected
4236,0,Graduate,Yes,3739100,34852796,14,349,15940609,1010636,5915647,5909078,Rejected
4237,5,Graduate,Yes,1534638,1482920,12,613,27321784,17644651,6344794,3492029,Approved
4238,0,Graduate,Yes,717183,4813262,3,817,1995271,7378778,34624176,14400262,Approved
4239,4,Not Graduate,No,8373200,7349056,13,335,27487284,17817019,31631224,4693194,Rejected
4240,1,Graduate,No,563972,25898059,4,752,23001481,14841399,13851446,512584,Approved
4241,2,Not Graduate,Yes,8244494,4321668,12,768,20745033,13519520,28344972,6376899,Approved
4242,1,Not Graduate,Yes,2623163,31548766,14,330,24022086,13635631,8009841,10838513,Rejected
4243,4,Graduate,Yes,7009624,7980556,3,427,1466243,18981923,25035205,10072002,Rejected
4244,0,Not Graduate,Yes,9525590,26817668,6,302,6202972,5884947,7934553,14360710,Rejected
4245,2,Graduate,No,7538356,31487694,7,640,23428,6380084,25118998,5375986,Approved
4246,1,Not Graduate,No,7349328,34740854,19,405,23233969,13010524,14020006,7686534,Rejected
4247,1,Graduate,No,2794209,11779019,6,850,10319333,4507329,33667855,8222204,Approved
4248,1,Not Graduate,Yes,6062050,3228251,19,354,10517523,15596243,32734230,354464,Rejected
4249,5,Not Graduate,Yes,6492124,29975966,12,690,17770133,567580,13071582,85427,Approved
4250,2,Not Graduate,Yes,4367921,17889324,20,772,12312506,17406249,1613059,11700785,Approved
4251,2,Graduate,Yes,572594,37495413,17,407,18543459,6719091,12631416,5658025,Rejected
4252,2,Not Graduate,No,9141845,7674983,7,451,27248898,88171,11053084,10117879,Rejected
4253,5,Not Graduate,Yes,2129523,22811506,12,778,9663301,11691086,16676731,13891039,Approved
4254,2,Not Graduate,No,9739858,4970486,15,355,25954417,5344325,22513912,3595419,Rejected
4255,2,Not Graduate,Yes,9336339,19328031,3,565,15492449,5924353,38795299,11390246,Rejected
4256,1,Graduate,No,384863,340482,14,450,10915721,9340268,2458930,3141451,Rejected
4257,1,Graduate,Yes,7444506,29704986,10,307,26746978,11244632,21752038,10889768,Rejected
4258,0,Not Graduate,Yes,6414004,24011553,2,571,14204009,2641758,6727781,2350708,Rejected
4259,3,Not Graduate,Yes,2460591,4105933,18,592,3717214,938683,21438524,4476384,Rejected
4260,0,Not Graduate,No,8165272,19879344,7,508,8337842,8950864,24964097,6913492,Rejected
4261,1,Not Graduate,No,1291554,17085914,18,788,24604554,6869366,31736076,7176189,Approved
4262,1,Not Graduate,No,2637154,26707006,5,357,14999136,11293156,21951913,446595,Rejected
4263,1,Not Graduate,No,9499411,19853924,12,558,16296761,14511295,6980128,12414495,Rejected
4264,4,Graduate,Yes,7479828,18291896,9,408,19843519,11922622,35815563,88934,Rejected
4265,3,Graduate,Yes,1299439,32877212,18,755,5658957,2023941,15891719,12938288,Approved
4266,5,Graduate,Yes,1611984,20647586,20,634,2696629,19328014,18797560,3030725,Approved
4267,2,Not Graduate,Yes,2719286,32217333,16,724,12815557,13867846,25141406,10444982,Approved
4268,5,Not Graduate,Yes,891503,35005363,18,364,26767376,952842,10387214,10459069,Rejected
4269,0,Not Graduate,Yes,1989813,33552002,16,574,3699948,14808235,38730257,6711159,Rejected
